Fitter report for DE1_SoC_Demo
Thu Jul 09 19:33:00 2026
Quartus Prime Version 18.1.0 Build 625 09/12/2018 SJ Lite Edition


---------------------
; Table of Contents ;
---------------------
  1. Legal Notice
  2. Fitter Summary
  3. Fitter Settings
  4. Parallel Compilation
  5. Fitter Netlist Optimizations
  6. Ignored Assignments
  7. Incremental Compilation Preservation Summary
  8. Incremental Compilation Partition Settings
  9. Incremental Compilation Placement Preservation
 10. Pin-Out File
 11. Fitter Resource Usage Summary
 12. Fitter Partition Statistics
 13. Input Pins
 14. Output Pins
 15. Bidir Pins
 16. I/O Bank Usage
 17. All Package Pins
 18. DLL Summary
 19. I/O Assignment Warnings
 20. Fitter Resource Utilization by Entity
 21. Delay Chain Summary
 22. Pad To Core Delay Chain Fanout
 23. Control Signals
 24. Routing Usage Summary
 25. I/O Rules Summary
 26. I/O Rules Details
 27. I/O Rules Matrix
 28. Fitter Device Options
 29. Operating Settings and Conditions
 30. Fitter Messages
 31. Fitter Suppressed Messages



----------------
; Legal Notice ;
----------------
Copyright (C) 2018  Intel Corporation. All rights reserved.
Your use of Intel Corporation's design tools, logic functions 
and other software and tools, and its AMPP partner logic 
functions, and any output files from any of the foregoing 
(including device programming or simulation files), and any 
associated documentation or information are expressly subject 
to the terms and conditions of the Intel Program License 
Subscription Agreement, the Intel Quartus Prime License Agreement,
the Intel FPGA IP License Agreement, or other applicable license
agreement, including, without limitation, that your use is for
the sole purpose of programming logic devices manufactured by
Intel and sold by Intel or its authorized distributors.  Please
refer to the applicable agreement for further details.



+-------------------------------------------------------------------------------+
; Fitter Summary                                                                ;
+---------------------------------+---------------------------------------------+
; Fitter Status                   ; Successful - Thu Jul 09 19:33:00 2026       ;
; Quartus Prime Version           ; 18.1.0 Build 625 09/12/2018 SJ Lite Edition ;
; Revision Name                   ; DE1_SoC_Demo                                ;
; Top-level Entity Name           ; DE1_SoC_Demo                                ;
; Family                          ; Cyclone V                                   ;
; Device                          ; 5CSEMA5F31C6                                ;
; Timing Models                   ; Final                                       ;
; Logic utilization (in ALMs)     ; 20 / 32,070 ( < 1 % )                       ;
; Total registers                 ; 130                                         ;
; Total pins                      ; 71 / 457 ( 16 % )                           ;
; Total virtual pins              ; 0                                           ;
; Total block memory bits         ; 0 / 4,065,280 ( 0 % )                       ;
; Total RAM Blocks                ; 0 / 397 ( 0 % )                             ;
; Total DSP Blocks                ; 0 / 87 ( 0 % )                              ;
; Total HSSI RX PCSs              ; 0                                           ;
; Total HSSI PMA RX Deserializers ; 0                                           ;
; Total HSSI TX PCSs              ; 0                                           ;
; Total HSSI PMA TX Serializers   ; 0                                           ;
; Total PLLs                      ; 0 / 6 ( 0 % )                               ;
; Total DLLs                      ; 1 / 4 ( 25 % )                              ;
+---------------------------------+---------------------------------------------+


+----------------------------------------------------------------------------------------------------------------------------------------------------+
; Fitter Settings                                                                                                                                    ;
+--------------------------------------------------------------------+---------------------------------------+---------------------------------------+
; Option                                                             ; Setting                               ; Default Value                         ;
+--------------------------------------------------------------------+---------------------------------------+---------------------------------------+
; Device                                                             ; 5CSEMA5F31C6                          ;                                       ;
; Minimum Core Junction Temperature                                  ; 0                                     ;                                       ;
; Maximum Core Junction Temperature                                  ; 85                                    ;                                       ;
; Regenerate Full Fit Report During ECO Compiles                     ; On                                    ; Off                                   ;
; Use smart compilation                                              ; Off                                   ; Off                                   ;
; Enable parallel Assembler and Timing Analyzer during compilation   ; On                                    ; On                                    ;
; Enable compact report table                                        ; Off                                   ; Off                                   ;
; Router Timing Optimization Level                                   ; Normal                                ; Normal                                ;
; Perform Clocking Topology Analysis During Routing                  ; Off                                   ; Off                                   ;
; Placement Effort Multiplier                                        ; 1.0                                   ; 1.0                                   ;
; Device initialization clock source                                 ; INIT_INTOSC                           ; INIT_INTOSC                           ;
; Optimize Hold Timing                                               ; All Paths                             ; All Paths                             ;
; Optimize Multi-Corner Timing                                       ; On                                    ; On                                    ;
; Auto RAM to MLAB Conversion                                        ; On                                    ; On                                    ;
; Equivalent RAM and MLAB Power Up                                   ; Auto                                  ; Auto                                  ;
; Equivalent RAM and MLAB Paused Read Capabilities                   ; Care                                  ; Care                                  ;
; Power Optimization During Fitting                                  ; Normal compilation                    ; Normal compilation                    ;
; SSN Optimization                                                   ; Off                                   ; Off                                   ;
; Optimize Timing                                                    ; Normal compilation                    ; Normal compilation                    ;
; Optimize Timing for ECOs                                           ; Off                                   ; Off                                   ;
; Optimize IOC Register Placement for Timing                         ; Normal                                ; Normal                                ;
; Final Placement Optimizations                                      ; Automatically                         ; Automatically                         ;
; Fitter Aggressive Routability Optimizations                        ; Automatically                         ; Automatically                         ;
; Fitter Initial Placement Seed                                      ; 1                                     ; 1                                     ;
; Periphery to Core Placement and Routing Optimization               ; Off                                   ; Off                                   ;
; Weak Pull-Up Resistor                                              ; Off                                   ; Off                                   ;
; Enable Bus-Hold Circuitry                                          ; Off                                   ; Off                                   ;
; Auto Packed Registers                                              ; Auto                                  ; Auto                                  ;
; Auto Delay Chains                                                  ; On                                    ; On                                    ;
; Auto Delay Chains for High Fanout Input Pins                       ; Off                                   ; Off                                   ;
; Treat Bidirectional Pin as Output Pin                              ; Off                                   ; Off                                   ;
; Perform Physical Synthesis for Combinational Logic for Fitting     ; Off                                   ; Off                                   ;
; Perform Physical Synthesis for Combinational Logic for Performance ; Off                                   ; Off                                   ;
; Perform Register Duplication for Performance                       ; Off                                   ; Off                                   ;
; Perform Register Retiming for Performance                          ; Off                                   ; Off                                   ;
; Perform Asynchronous Signal Pipelining                             ; Off                                   ; Off                                   ;
; Fitter Effort                                                      ; Auto Fit                              ; Auto Fit                              ;
; Physical Synthesis Effort Level                                    ; Normal                                ; Normal                                ;
; Logic Cell Insertion - Logic Duplication                           ; Auto                                  ; Auto                                  ;
; Auto Register Duplication                                          ; Auto                                  ; Auto                                  ;
; Auto Global Clock                                                  ; On                                    ; On                                    ;
; Auto Global Register Control Signals                               ; On                                    ; On                                    ;
; Reserve all unused pins                                            ; As input tri-stated with weak pull-up ; As input tri-stated with weak pull-up ;
; Synchronizer Identification                                        ; Auto                                  ; Auto                                  ;
; Enable Beneficial Skew Optimization                                ; On                                    ; On                                    ;
; Optimize Design for Metastability                                  ; On                                    ; On                                    ;
; Active Serial clock source                                         ; FREQ_100MHz                           ; FREQ_100MHz                           ;
; Force Fitter to Avoid Periphery Placement Warnings                 ; Off                                   ; Off                                   ;
; Clamping Diode                                                     ; Off                                   ; Off                                   ;
; Enable input tri-state on active configuration pins in user mode   ; Off                                   ; Off                                   ;
; Advanced Physical Optimization                                     ; On                                    ; On                                    ;
+--------------------------------------------------------------------+---------------------------------------+---------------------------------------+


+------------------------------------------+
; Parallel Compilation                     ;
+----------------------------+-------------+
; Processors                 ; Number      ;
+----------------------------+-------------+
; Number detected on machine ; 16          ;
; Maximum allowed            ; 16          ;
;                            ;             ;
; Average used               ; 1.06        ;
; Maximum used               ; 16          ;
;                            ;             ;
; Usage by Processor         ; % Time Used ;
;     Processor 1            ; 100.0%      ;
;     Processor 2            ;   0.6%      ;
;     Processor 3            ;   0.5%      ;
;     Processor 4            ;   0.5%      ;
;     Processor 5            ;   0.4%      ;
;     Processor 6            ;   0.4%      ;
;     Processor 7            ;   0.4%      ;
;     Processor 8            ;   0.4%      ;
;     Processor 9            ;   0.4%      ;
;     Processor 10           ;   0.3%      ;
;     Processor 11           ;   0.3%      ;
;     Processor 12           ;   0.3%      ;
;     Processor 13           ;   0.3%      ;
;     Processor 14           ;   0.3%      ;
;     Processor 15           ;   0.3%      ;
;     Processor 16           ;   0.2%      ;
+----------------------------+-------------+


+------------------------------------------------------------------------------------------------------------------------------------------------------------------------------------------------------------------------------------------------------------------------------------------------------------------------------------------------------------------------------------------------------------------------------------------------------------------------------------------------------------------------------------------------------------------------------------------------------------------------------------------------------------------------------------------------------------------------------------------------------------------------------------------------------------------------------------------+
; Fitter Netlist Optimizations                                                                                                                                                                                                                                                                                                                                                                                                                                                                                                                                                                                                                                                                                                                                                                                                             ;
+-----------------------------------------------------------------------------------------------------------------------------------------------------------------------------------------------------------------------------------------------------------------------------------------------------------------------------------------------------+---------+-----------+----------------------------+--------------------------+----------------+----------------------------------------------------------------------------------------------------------------------------------------------------------------------------------------------------------------------------------------------------------------------------------------------------------------------------------+--------------------------+-----------------------+
; Node                                                                                                                                                                                                                                                                                                                                                ; Action  ; Operation ; Reason                     ; Node Port                ; Node Port Name ; Destination Node                                                                                                                                                                                                                                                                                                                 ; Destination Port         ; Destination Port Name ;
+-----------------------------------------------------------------------------------------------------------------------------------------------------------------------------------------------------------------------------------------------------------------------------------------------------------------------------------------------------+---------+-----------+----------------------------+--------------------------+----------------+----------------------------------------------------------------------------------------------------------------------------------------------------------------------------------------------------------------------------------------------------------------------------------------------------------------------------------+--------------------------+-----------------------+
; unsaved:u0|unsaved_hps_1:hps_1|unsaved_hps_1_hps_io:hps_io|unsaved_hps_1_hps_io_border:border|~GND                                                                                                                                                                                                                                                  ; Deleted ; Placement ; Fitter Periphery Placement ;                          ;                ;                                                                                                                                                                                                                                                                                                                                  ;                          ;                       ;
; HPS_DDR3_DQS_N~_s2p_logic_blkO_SERIESTERMINATIONCONTROL0                                                                                                                                                                                                                                                                                            ; Merged  ; Placement ; Fitter Periphery Placement ; SERIESTERMINATIONCONTROL ;                ; HPS_DDR3_DM~_s2p_logic_blkO_SERIESTERMINATIONCONTROL0                                                                                                                                                                                                                                                                            ; SERIESTERMINATIONCONTROL ;                       ;
; HPS_DDR3_DQ[0]~_s2p_logic_blkO_SERIESTERMINATIONCONTROL0                                                                                                                                                                                                                                                                                            ; Merged  ; Placement ; Fitter Periphery Placement ; SERIESTERMINATIONCONTROL ;                ; HPS_DDR3_DM~_s2p_logic_blkO_SERIESTERMINATIONCONTROL0                                                                                                                                                                                                                                                                            ; SERIESTERMINATIONCONTROL ;                       ;
; HPS_DDR3_DQ[1]~_s2p_logic_blkO_SERIESTERMINATIONCONTROL0                                                                                                                                                                                                                                                                                            ; Merged  ; Placement ; Fitter Periphery Placement ; SERIESTERMINATIONCONTROL ;                ; HPS_DDR3_DM~_s2p_logic_blkO_SERIESTERMINATIONCONTROL0                                                                                                                                                                                                                                                                            ; SERIESTERMINATIONCONTROL ;                       ;
; HPS_DDR3_DQ[2]~_s2p_logic_blkO_SERIESTERMINATIONCONTROL0                                                                                                                                                                                                                                                                                            ; Merged  ; Placement ; Fitter Periphery Placement ; SERIESTERMINATIONCONTROL ;                ; HPS_DDR3_DM~_s2p_logic_blkO_SERIESTERMINATIONCONTROL0                                                                                                                                                                                                                                                                            ; SERIESTERMINATIONCONTROL ;                       ;
; HPS_DDR3_DQ[3]~_s2p_logic_blkO_SERIESTERMINATIONCONTROL0                                                                                                                                                                                                                                                                                            ; Merged  ; Placement ; Fitter Periphery Placement ; SERIESTERMINATIONCONTROL ;                ; HPS_DDR3_DM~_s2p_logic_blkO_SERIESTERMINATIONCONTROL0                                                                                                                                                                                                                                                                            ; SERIESTERMINATIONCONTROL ;                       ;
; HPS_DDR3_DQ[4]~_s2p_logic_blkO_SERIESTERMINATIONCONTROL0                                                                                                                                                                                                                                                                                            ; Merged  ; Placement ; Fitter Periphery Placement ; SERIESTERMINATIONCONTROL ;                ; HPS_DDR3_DM~_s2p_logic_blkO_SERIESTERMINATIONCONTROL0                                                                                                                                                                                                                                                                            ; SERIESTERMINATIONCONTROL ;                       ;
; HPS_DDR3_DQ[5]~_s2p_logic_blkO_SERIESTERMINATIONCONTROL0                                                                                                                                                                                                                                                                                            ; Merged  ; Placement ; Fitter Periphery Placement ; SERIESTERMINATIONCONTROL ;                ; HPS_DDR3_DM~_s2p_logic_blkO_SERIESTERMINATIONCONTROL0                                                                                                                                                                                                                                                                            ; SERIESTERMINATIONCONTROL ;                       ;
; HPS_DDR3_DQ[6]~_s2p_logic_blkO_SERIESTERMINATIONCONTROL0                                                                                                                                                                                                                                                                                            ; Merged  ; Placement ; Fitter Periphery Placement ; SERIESTERMINATIONCONTROL ;                ; HPS_DDR3_DM~_s2p_logic_blkO_SERIESTERMINATIONCONTROL0                                                                                                                                                                                                                                                                            ; SERIESTERMINATIONCONTROL ;                       ;
; HPS_DDR3_DQ[7]~_s2p_logic_blkO_SERIESTERMINATIONCONTROL0                                                                                                                                                                                                                                                                                            ; Merged  ; Placement ; Fitter Periphery Placement ; SERIESTERMINATIONCONTROL ;                ; HPS_DDR3_DM~_s2p_logic_blkO_SERIESTERMINATIONCONTROL0                                                                                                                                                                                                                                                                            ; SERIESTERMINATIONCONTROL ;                       ;
; unsaved:u0|unsaved_hps_1:hps_1|unsaved_hps_1_hps_io:hps_io|unsaved_hps_1_hps_io_border:border|hps_sdram:hps_sdram_inst|altera_mem_if_oct_cyclonev:oct|seriesterminationcontrol[0]                                                                                                                                                                   ; Merged  ; Placement ; Fitter Periphery Placement ; SERIESTERMINATIONCONTROL ;                ; HPS_DDR3_DM~_s2p_logic_blkO_SERIESTERMINATIONCONTROL0                                                                                                                                                                                                                                                                            ; SERIESTERMINATIONCONTROL ;                       ;
; unsaved:u0|unsaved_hps_1:hps_1|unsaved_hps_1_hps_io:hps_io|unsaved_hps_1_hps_io_border:border|hps_sdram:hps_sdram_inst|hps_sdram_p0:p0|hps_sdram_p0_acv_hard_memphy:umemphy|hps_sdram_p0_acv_hard_io_pads:uio_pads|hps_sdram_p0_acv_hard_addr_cmd_pads:uaddr_cmd_pads|clock_gen[0].leveled_dqs_clocks[0]                                            ; Merged  ; Placement ; Fitter Periphery Placement ; CLKOUT                   ;                ; unsaved:u0|unsaved_hps_1:hps_1|unsaved_hps_1_hps_io:hps_io|unsaved_hps_1_hps_io_border:border|hps_sdram:hps_sdram_inst|hps_sdram_p0:p0|hps_sdram_p0_acv_hard_memphy:umemphy|hps_sdram_p0_acv_ldc:memphy_ldc|leveled_dqs_clocks[0]                                                                                                ; CLKOUT                   ;                       ;
; unsaved:u0|unsaved_hps_1:hps_1|unsaved_hps_1_hps_io:hps_io|unsaved_hps_1_hps_io_border:border|hps_sdram:hps_sdram_inst|hps_sdram_p0:p0|hps_sdram_p0_acv_hard_memphy:umemphy|hps_sdram_p0_acv_hard_io_pads:uio_pads|hps_sdram_p0_acv_hard_addr_cmd_pads:uaddr_cmd_pads|hps_sdram_p0_acv_ldc:address_gen[0].acv_ac_ldc|leveled_dqs_clocks[0]          ; Merged  ; Placement ; Fitter Periphery Placement ; CLKOUT                   ;                ; unsaved:u0|unsaved_hps_1:hps_1|unsaved_hps_1_hps_io:hps_io|unsaved_hps_1_hps_io_border:border|hps_sdram:hps_sdram_inst|hps_sdram_p0:p0|hps_sdram_p0_acv_hard_memphy:umemphy|hps_sdram_p0_acv_ldc:memphy_ldc|leveled_dqs_clocks[0]                                                                                                ; CLKOUT                   ;                       ;
; unsaved:u0|unsaved_hps_1:hps_1|unsaved_hps_1_hps_io:hps_io|unsaved_hps_1_hps_io_border:border|hps_sdram:hps_sdram_inst|hps_sdram_p0:p0|hps_sdram_p0_acv_hard_memphy:umemphy|hps_sdram_p0_acv_hard_io_pads:uio_pads|hps_sdram_p0_acv_hard_addr_cmd_pads:uaddr_cmd_pads|hps_sdram_p0_acv_ldc:address_gen[1].acv_ac_ldc|adc_clk_cps                    ; Merged  ; Placement ; Fitter Periphery Placement ; CLKOUT                   ;                ; unsaved:u0|unsaved_hps_1:hps_1|unsaved_hps_1_hps_io:hps_io|unsaved_hps_1_hps_io_border:border|hps_sdram:hps_sdram_inst|hps_sdram_p0:p0|hps_sdram_p0_acv_hard_memphy:umemphy|hps_sdram_p0_acv_hard_io_pads:uio_pads|hps_sdram_p0_acv_hard_addr_cmd_pads:uaddr_cmd_pads|hps_sdram_p0_acv_ldc:address_gen[0].acv_ac_ldc|adc_clk_cps ; CLKOUT                   ;                       ;
; unsaved:u0|unsaved_hps_1:hps_1|unsaved_hps_1_hps_io:hps_io|unsaved_hps_1_hps_io_border:border|hps_sdram:hps_sdram_inst|hps_sdram_p0:p0|hps_sdram_p0_acv_hard_memphy:umemphy|hps_sdram_p0_acv_hard_io_pads:uio_pads|hps_sdram_p0_acv_hard_addr_cmd_pads:uaddr_cmd_pads|hps_sdram_p0_acv_ldc:address_gen[1].acv_ac_ldc|leveled_dqs_clocks[0]          ; Merged  ; Placement ; Fitter Periphery Placement ; CLKOUT                   ;                ; unsaved:u0|unsaved_hps_1:hps_1|unsaved_hps_1_hps_io:hps_io|unsaved_hps_1_hps_io_border:border|hps_sdram:hps_sdram_inst|hps_sdram_p0:p0|hps_sdram_p0_acv_hard_memphy:umemphy|hps_sdram_p0_acv_ldc:memphy_ldc|leveled_dqs_clocks[0]                                                                                                ; CLKOUT                   ;                       ;
; unsaved:u0|unsaved_hps_1:hps_1|unsaved_hps_1_hps_io:hps_io|unsaved_hps_1_hps_io_border:border|hps_sdram:hps_sdram_inst|hps_sdram_p0:p0|hps_sdram_p0_acv_hard_memphy:umemphy|hps_sdram_p0_acv_hard_io_pads:uio_pads|hps_sdram_p0_acv_hard_addr_cmd_pads:uaddr_cmd_pads|hps_sdram_p0_acv_ldc:address_gen[2].acv_ac_ldc|adc_clk_cps                    ; Merged  ; Placement ; Fitter Periphery Placement ; CLKOUT                   ;                ; unsaved:u0|unsaved_hps_1:hps_1|unsaved_hps_1_hps_io:hps_io|unsaved_hps_1_hps_io_border:border|hps_sdram:hps_sdram_inst|hps_sdram_p0:p0|hps_sdram_p0_acv_hard_memphy:umemphy|hps_sdram_p0_acv_hard_io_pads:uio_pads|hps_sdram_p0_acv_hard_addr_cmd_pads:uaddr_cmd_pads|hps_sdram_p0_acv_ldc:address_gen[0].acv_ac_ldc|adc_clk_cps ; CLKOUT                   ;                       ;
; unsaved:u0|unsaved_hps_1:hps_1|unsaved_hps_1_hps_io:hps_io|unsaved_hps_1_hps_io_border:border|hps_sdram:hps_sdram_inst|hps_sdram_p0:p0|hps_sdram_p0_acv_hard_memphy:umemphy|hps_sdram_p0_acv_hard_io_pads:uio_pads|hps_sdram_p0_acv_hard_addr_cmd_pads:uaddr_cmd_pads|hps_sdram_p0_acv_ldc:address_gen[2].acv_ac_ldc|leveled_dqs_clocks[0]          ; Merged  ; Placement ; Fitter Periphery Placement ; CLKOUT                   ;                ; unsaved:u0|unsaved_hps_1:hps_1|unsaved_hps_1_hps_io:hps_io|unsaved_hps_1_hps_io_border:border|hps_sdram:hps_sdram_inst|hps_sdram_p0:p0|hps_sdram_p0_acv_hard_memphy:umemphy|hps_sdram_p0_acv_ldc:memphy_ldc|leveled_dqs_clocks[0]                                                                                                ; CLKOUT                   ;                       ;
; unsaved:u0|unsaved_hps_1:hps_1|unsaved_hps_1_hps_io:hps_io|unsaved_hps_1_hps_io_border:border|hps_sdram:hps_sdram_inst|hps_sdram_p0:p0|hps_sdram_p0_acv_hard_memphy:umemphy|hps_sdram_p0_acv_hard_io_pads:uio_pads|hps_sdram_p0_acv_hard_addr_cmd_pads:uaddr_cmd_pads|hps_sdram_p0_acv_ldc:address_gen[3].acv_ac_ldc|adc_clk_cps                    ; Merged  ; Placement ; Fitter Periphery Placement ; CLKOUT                   ;                ; unsaved:u0|unsaved_hps_1:hps_1|unsaved_hps_1_hps_io:hps_io|unsaved_hps_1_hps_io_border:border|hps_sdram:hps_sdram_inst|hps_sdram_p0:p0|hps_sdram_p0_acv_hard_memphy:umemphy|hps_sdram_p0_acv_hard_io_pads:uio_pads|hps_sdram_p0_acv_hard_addr_cmd_pads:uaddr_cmd_pads|hps_sdram_p0_acv_ldc:address_gen[0].acv_ac_ldc|adc_clk_cps ; CLKOUT                   ;                       ;
; unsaved:u0|unsaved_hps_1:hps_1|unsaved_hps_1_hps_io:hps_io|unsaved_hps_1_hps_io_border:border|hps_sdram:hps_sdram_inst|hps_sdram_p0:p0|hps_sdram_p0_acv_hard_memphy:umemphy|hps_sdram_p0_acv_hard_io_pads:uio_pads|hps_sdram_p0_acv_hard_addr_cmd_pads:uaddr_cmd_pads|hps_sdram_p0_acv_ldc:address_gen[3].acv_ac_ldc|leveled_dqs_clocks[0]          ; Merged  ; Placement ; Fitter Periphery Placement ; CLKOUT                   ;                ; unsaved:u0|unsaved_hps_1:hps_1|unsaved_hps_1_hps_io:hps_io|unsaved_hps_1_hps_io_border:border|hps_sdram:hps_sdram_inst|hps_sdram_p0:p0|hps_sdram_p0_acv_hard_memphy:umemphy|hps_sdram_p0_acv_ldc:memphy_ldc|leveled_dqs_clocks[0]                                                                                                ; CLKOUT                   ;                       ;
; unsaved:u0|unsaved_hps_1:hps_1|unsaved_hps_1_hps_io:hps_io|unsaved_hps_1_hps_io_border:border|hps_sdram:hps_sdram_inst|hps_sdram_p0:p0|hps_sdram_p0_acv_hard_memphy:umemphy|hps_sdram_p0_acv_hard_io_pads:uio_pads|hps_sdram_p0_acv_hard_addr_cmd_pads:uaddr_cmd_pads|hps_sdram_p0_acv_ldc:address_gen[4].acv_ac_ldc|adc_clk_cps                    ; Merged  ; Placement ; Fitter Periphery Placement ; CLKOUT                   ;                ; unsaved:u0|unsaved_hps_1:hps_1|unsaved_hps_1_hps_io:hps_io|unsaved_hps_1_hps_io_border:border|hps_sdram:hps_sdram_inst|hps_sdram_p0:p0|hps_sdram_p0_acv_hard_memphy:umemphy|hps_sdram_p0_acv_hard_io_pads:uio_pads|hps_sdram_p0_acv_hard_addr_cmd_pads:uaddr_cmd_pads|hps_sdram_p0_acv_ldc:address_gen[0].acv_ac_ldc|adc_clk_cps ; CLKOUT                   ;                       ;
; unsaved:u0|unsaved_hps_1:hps_1|unsaved_hps_1_hps_io:hps_io|unsaved_hps_1_hps_io_border:border|hps_sdram:hps_sdram_inst|hps_sdram_p0:p0|hps_sdram_p0_acv_hard_memphy:umemphy|hps_sdram_p0_acv_hard_io_pads:uio_pads|hps_sdram_p0_acv_hard_addr_cmd_pads:uaddr_cmd_pads|hps_sdram_p0_acv_ldc:address_gen[4].acv_ac_ldc|leveled_dqs_clocks[0]          ; Merged  ; Placement ; Fitter Periphery Placement ; CLKOUT                   ;                ; unsaved:u0|unsaved_hps_1:hps_1|unsaved_hps_1_hps_io:hps_io|unsaved_hps_1_hps_io_border:border|hps_sdram:hps_sdram_inst|hps_sdram_p0:p0|hps_sdram_p0_acv_hard_memphy:umemphy|hps_sdram_p0_acv_ldc:memphy_ldc|leveled_dqs_clocks[0]                                                                                                ; CLKOUT                   ;                       ;
; unsaved:u0|unsaved_hps_1:hps_1|unsaved_hps_1_hps_io:hps_io|unsaved_hps_1_hps_io_border:border|hps_sdram:hps_sdram_inst|hps_sdram_p0:p0|hps_sdram_p0_acv_hard_memphy:umemphy|hps_sdram_p0_acv_hard_io_pads:uio_pads|hps_sdram_p0_acv_hard_addr_cmd_pads:uaddr_cmd_pads|hps_sdram_p0_acv_ldc:address_gen[5].acv_ac_ldc|adc_clk_cps                    ; Merged  ; Placement ; Fitter Periphery Placement ; CLKOUT                   ;                ; unsaved:u0|unsaved_hps_1:hps_1|unsaved_hps_1_hps_io:hps_io|unsaved_hps_1_hps_io_border:border|hps_sdram:hps_sdram_inst|hps_sdram_p0:p0|hps_sdram_p0_acv_hard_memphy:umemphy|hps_sdram_p0_acv_hard_io_pads:uio_pads|hps_sdram_p0_acv_hard_addr_cmd_pads:uaddr_cmd_pads|hps_sdram_p0_acv_ldc:address_gen[0].acv_ac_ldc|adc_clk_cps ; CLKOUT                   ;                       ;
; unsaved:u0|unsaved_hps_1:hps_1|unsaved_hps_1_hps_io:hps_io|unsaved_hps_1_hps_io_border:border|hps_sdram:hps_sdram_inst|hps_sdram_p0:p0|hps_sdram_p0_acv_hard_memphy:umemphy|hps_sdram_p0_acv_hard_io_pads:uio_pads|hps_sdram_p0_acv_hard_addr_cmd_pads:uaddr_cmd_pads|hps_sdram_p0_acv_ldc:address_gen[5].acv_ac_ldc|leveled_dqs_clocks[0]          ; Merged  ; Placement ; Fitter Periphery Placement ; CLKOUT                   ;                ; unsaved:u0|unsaved_hps_1:hps_1|unsaved_hps_1_hps_io:hps_io|unsaved_hps_1_hps_io_border:border|hps_sdram:hps_sdram_inst|hps_sdram_p0:p0|hps_sdram_p0_acv_hard_memphy:umemphy|hps_sdram_p0_acv_ldc:memphy_ldc|leveled_dqs_clocks[0]                                                                                                ; CLKOUT                   ;                       ;
; unsaved:u0|unsaved_hps_1:hps_1|unsaved_hps_1_hps_io:hps_io|unsaved_hps_1_hps_io_border:border|hps_sdram:hps_sdram_inst|hps_sdram_p0:p0|hps_sdram_p0_acv_hard_memphy:umemphy|hps_sdram_p0_acv_hard_io_pads:uio_pads|hps_sdram_p0_acv_hard_addr_cmd_pads:uaddr_cmd_pads|hps_sdram_p0_acv_ldc:address_gen[6].acv_ac_ldc|adc_clk_cps                    ; Merged  ; Placement ; Fitter Periphery Placement ; CLKOUT                   ;                ; unsaved:u0|unsaved_hps_1:hps_1|unsaved_hps_1_hps_io:hps_io|unsaved_hps_1_hps_io_border:border|hps_sdram:hps_sdram_inst|hps_sdram_p0:p0|hps_sdram_p0_acv_hard_memphy:umemphy|hps_sdram_p0_acv_hard_io_pads:uio_pads|hps_sdram_p0_acv_hard_addr_cmd_pads:uaddr_cmd_pads|hps_sdram_p0_acv_ldc:address_gen[0].acv_ac_ldc|adc_clk_cps ; CLKOUT                   ;                       ;
; unsaved:u0|unsaved_hps_1:hps_1|unsaved_hps_1_hps_io:hps_io|unsaved_hps_1_hps_io_border:border|hps_sdram:hps_sdram_inst|hps_sdram_p0:p0|hps_sdram_p0_acv_hard_memphy:umemphy|hps_sdram_p0_acv_hard_io_pads:uio_pads|hps_sdram_p0_acv_hard_addr_cmd_pads:uaddr_cmd_pads|hps_sdram_p0_acv_ldc:address_gen[6].acv_ac_ldc|leveled_dqs_clocks[0]          ; Merged  ; Placement ; Fitter Periphery Placement ; CLKOUT                   ;                ; unsaved:u0|unsaved_hps_1:hps_1|unsaved_hps_1_hps_io:hps_io|unsaved_hps_1_hps_io_border:border|hps_sdram:hps_sdram_inst|hps_sdram_p0:p0|hps_sdram_p0_acv_hard_memphy:umemphy|hps_sdram_p0_acv_ldc:memphy_ldc|leveled_dqs_clocks[0]                                                                                                ; CLKOUT                   ;                       ;
; unsaved:u0|unsaved_hps_1:hps_1|unsaved_hps_1_hps_io:hps_io|unsaved_hps_1_hps_io_border:border|hps_sdram:hps_sdram_inst|hps_sdram_p0:p0|hps_sdram_p0_acv_hard_memphy:umemphy|hps_sdram_p0_acv_hard_io_pads:uio_pads|hps_sdram_p0_acv_hard_addr_cmd_pads:uaddr_cmd_pads|hps_sdram_p0_acv_ldc:address_gen[7].acv_ac_ldc|adc_clk_cps                    ; Merged  ; Placement ; Fitter Periphery Placement ; CLKOUT                   ;                ; unsaved:u0|unsaved_hps_1:hps_1|unsaved_hps_1_hps_io:hps_io|unsaved_hps_1_hps_io_border:border|hps_sdram:hps_sdram_inst|hps_sdram_p0:p0|hps_sdram_p0_acv_hard_memphy:umemphy|hps_sdram_p0_acv_hard_io_pads:uio_pads|hps_sdram_p0_acv_hard_addr_cmd_pads:uaddr_cmd_pads|hps_sdram_p0_acv_ldc:address_gen[0].acv_ac_ldc|adc_clk_cps ; CLKOUT                   ;                       ;
; unsaved:u0|unsaved_hps_1:hps_1|unsaved_hps_1_hps_io:hps_io|unsaved_hps_1_hps_io_border:border|hps_sdram:hps_sdram_inst|hps_sdram_p0:p0|hps_sdram_p0_acv_hard_memphy:umemphy|hps_sdram_p0_acv_hard_io_pads:uio_pads|hps_sdram_p0_acv_hard_addr_cmd_pads:uaddr_cmd_pads|hps_sdram_p0_acv_ldc:address_gen[7].acv_ac_ldc|leveled_dqs_clocks[0]          ; Merged  ; Placement ; Fitter Periphery Placement ; CLKOUT                   ;                ; unsaved:u0|unsaved_hps_1:hps_1|unsaved_hps_1_hps_io:hps_io|unsaved_hps_1_hps_io_border:border|hps_sdram:hps_sdram_inst|hps_sdram_p0:p0|hps_sdram_p0_acv_hard_memphy:umemphy|hps_sdram_p0_acv_ldc:memphy_ldc|leveled_dqs_clocks[0]                                                                                                ; CLKOUT                   ;                       ;
; unsaved:u0|unsaved_hps_1:hps_1|unsaved_hps_1_hps_io:hps_io|unsaved_hps_1_hps_io_border:border|hps_sdram:hps_sdram_inst|hps_sdram_p0:p0|hps_sdram_p0_acv_hard_memphy:umemphy|hps_sdram_p0_acv_hard_io_pads:uio_pads|hps_sdram_p0_acv_hard_addr_cmd_pads:uaddr_cmd_pads|hps_sdram_p0_acv_ldc:address_gen[8].acv_ac_ldc|leveled_dqs_clocks[0]          ; Merged  ; Placement ; Fitter Periphery Placement ; CLKOUT                   ;                ; unsaved:u0|unsaved_hps_1:hps_1|unsaved_hps_1_hps_io:hps_io|unsaved_hps_1_hps_io_border:border|hps_sdram:hps_sdram_inst|hps_sdram_p0:p0|hps_sdram_p0_acv_hard_memphy:umemphy|hps_sdram_p0_acv_ldc:memphy_ldc|leveled_dqs_clocks[0]                                                                                                ; CLKOUT                   ;                       ;
; unsaved:u0|unsaved_hps_1:hps_1|unsaved_hps_1_hps_io:hps_io|unsaved_hps_1_hps_io_border:border|hps_sdram:hps_sdram_inst|hps_sdram_p0:p0|hps_sdram_p0_acv_hard_memphy:umemphy|hps_sdram_p0_acv_hard_io_pads:uio_pads|hps_sdram_p0_acv_hard_addr_cmd_pads:uaddr_cmd_pads|hps_sdram_p0_acv_ldc:address_gen[9].acv_ac_ldc|adc_clk_cps                    ; Merged  ; Placement ; Fitter Periphery Placement ; CLKOUT                   ;                ; unsaved:u0|unsaved_hps_1:hps_1|unsaved_hps_1_hps_io:hps_io|unsaved_hps_1_hps_io_border:border|hps_sdram:hps_sdram_inst|hps_sdram_p0:p0|hps_sdram_p0_acv_hard_memphy:umemphy|hps_sdram_p0_acv_hard_io_pads:uio_pads|hps_sdram_p0_acv_hard_addr_cmd_pads:uaddr_cmd_pads|hps_sdram_p0_acv_ldc:address_gen[8].acv_ac_ldc|adc_clk_cps ; CLKOUT                   ;                       ;
; unsaved:u0|unsaved_hps_1:hps_1|unsaved_hps_1_hps_io:hps_io|unsaved_hps_1_hps_io_border:border|hps_sdram:hps_sdram_inst|hps_sdram_p0:p0|hps_sdram_p0_acv_hard_memphy:umemphy|hps_sdram_p0_acv_hard_io_pads:uio_pads|hps_sdram_p0_acv_hard_addr_cmd_pads:uaddr_cmd_pads|hps_sdram_p0_acv_ldc:address_gen[9].acv_ac_ldc|leveled_dqs_clocks[0]          ; Merged  ; Placement ; Fitter Periphery Placement ; CLKOUT                   ;                ; unsaved:u0|unsaved_hps_1:hps_1|unsaved_hps_1_hps_io:hps_io|unsaved_hps_1_hps_io_border:border|hps_sdram:hps_sdram_inst|hps_sdram_p0:p0|hps_sdram_p0_acv_hard_memphy:umemphy|hps_sdram_p0_acv_ldc:memphy_ldc|leveled_dqs_clocks[0]                                                                                                ; CLKOUT                   ;                       ;
; unsaved:u0|unsaved_hps_1:hps_1|unsaved_hps_1_hps_io:hps_io|unsaved_hps_1_hps_io_border:border|hps_sdram:hps_sdram_inst|hps_sdram_p0:p0|hps_sdram_p0_acv_hard_memphy:umemphy|hps_sdram_p0_acv_hard_io_pads:uio_pads|hps_sdram_p0_acv_hard_addr_cmd_pads:uaddr_cmd_pads|hps_sdram_p0_acv_ldc:address_gen[10].acv_ac_ldc|adc_clk_cps                   ; Merged  ; Placement ; Fitter Periphery Placement ; CLKOUT                   ;                ; unsaved:u0|unsaved_hps_1:hps_1|unsaved_hps_1_hps_io:hps_io|unsaved_hps_1_hps_io_border:border|hps_sdram:hps_sdram_inst|hps_sdram_p0:p0|hps_sdram_p0_acv_hard_memphy:umemphy|hps_sdram_p0_acv_hard_io_pads:uio_pads|hps_sdram_p0_acv_hard_addr_cmd_pads:uaddr_cmd_pads|hps_sdram_p0_acv_ldc:address_gen[8].acv_ac_ldc|adc_clk_cps ; CLKOUT                   ;                       ;
; unsaved:u0|unsaved_hps_1:hps_1|unsaved_hps_1_hps_io:hps_io|unsaved_hps_1_hps_io_border:border|hps_sdram:hps_sdram_inst|hps_sdram_p0:p0|hps_sdram_p0_acv_hard_memphy:umemphy|hps_sdram_p0_acv_hard_io_pads:uio_pads|hps_sdram_p0_acv_hard_addr_cmd_pads:uaddr_cmd_pads|hps_sdram_p0_acv_ldc:address_gen[10].acv_ac_ldc|leveled_dqs_clocks[0]         ; Merged  ; Placement ; Fitter Periphery Placement ; CLKOUT                   ;                ; unsaved:u0|unsaved_hps_1:hps_1|unsaved_hps_1_hps_io:hps_io|unsaved_hps_1_hps_io_border:border|hps_sdram:hps_sdram_inst|hps_sdram_p0:p0|hps_sdram_p0_acv_hard_memphy:umemphy|hps_sdram_p0_acv_ldc:memphy_ldc|leveled_dqs_clocks[0]                                                                                                ; CLKOUT                   ;                       ;
; unsaved:u0|unsaved_hps_1:hps_1|unsaved_hps_1_hps_io:hps_io|unsaved_hps_1_hps_io_border:border|hps_sdram:hps_sdram_inst|hps_sdram_p0:p0|hps_sdram_p0_acv_hard_memphy:umemphy|hps_sdram_p0_acv_hard_io_pads:uio_pads|hps_sdram_p0_acv_hard_addr_cmd_pads:uaddr_cmd_pads|hps_sdram_p0_acv_ldc:address_gen[11].acv_ac_ldc|adc_clk_cps                   ; Merged  ; Placement ; Fitter Periphery Placement ; CLKOUT                   ;                ; unsaved:u0|unsaved_hps_1:hps_1|unsaved_hps_1_hps_io:hps_io|unsaved_hps_1_hps_io_border:border|hps_sdram:hps_sdram_inst|hps_sdram_p0:p0|hps_sdram_p0_acv_hard_memphy:umemphy|hps_sdram_p0_acv_hard_io_pads:uio_pads|hps_sdram_p0_acv_hard_addr_cmd_pads:uaddr_cmd_pads|hps_sdram_p0_acv_ldc:address_gen[8].acv_ac_ldc|adc_clk_cps ; CLKOUT                   ;                       ;
; unsaved:u0|unsaved_hps_1:hps_1|unsaved_hps_1_hps_io:hps_io|unsaved_hps_1_hps_io_border:border|hps_sdram:hps_sdram_inst|hps_sdram_p0:p0|hps_sdram_p0_acv_hard_memphy:umemphy|hps_sdram_p0_acv_hard_io_pads:uio_pads|hps_sdram_p0_acv_hard_addr_cmd_pads:uaddr_cmd_pads|hps_sdram_p0_acv_ldc:address_gen[11].acv_ac_ldc|leveled_dqs_clocks[0]         ; Merged  ; Placement ; Fitter Periphery Placement ; CLKOUT                   ;                ; unsaved:u0|unsaved_hps_1:hps_1|unsaved_hps_1_hps_io:hps_io|unsaved_hps_1_hps_io_border:border|hps_sdram:hps_sdram_inst|hps_sdram_p0:p0|hps_sdram_p0_acv_hard_memphy:umemphy|hps_sdram_p0_acv_ldc:memphy_ldc|leveled_dqs_clocks[0]                                                                                                ; CLKOUT                   ;                       ;
; unsaved:u0|unsaved_hps_1:hps_1|unsaved_hps_1_hps_io:hps_io|unsaved_hps_1_hps_io_border:border|hps_sdram:hps_sdram_inst|hps_sdram_p0:p0|hps_sdram_p0_acv_hard_memphy:umemphy|hps_sdram_p0_acv_hard_io_pads:uio_pads|hps_sdram_p0_acv_hard_addr_cmd_pads:uaddr_cmd_pads|hps_sdram_p0_acv_ldc:address_gen[12].acv_ac_ldc|adc_clk_cps                   ; Merged  ; Placement ; Fitter Periphery Placement ; CLKOUT                   ;                ; unsaved:u0|unsaved_hps_1:hps_1|unsaved_hps_1_hps_io:hps_io|unsaved_hps_1_hps_io_border:border|hps_sdram:hps_sdram_inst|hps_sdram_p0:p0|hps_sdram_p0_acv_hard_memphy:umemphy|hps_sdram_p0_acv_hard_io_pads:uio_pads|hps_sdram_p0_acv_hard_addr_cmd_pads:uaddr_cmd_pads|hps_sdram_p0_acv_ldc:address_gen[8].acv_ac_ldc|adc_clk_cps ; CLKOUT                   ;                       ;
; unsaved:u0|unsaved_hps_1:hps_1|unsaved_hps_1_hps_io:hps_io|unsaved_hps_1_hps_io_border:border|hps_sdram:hps_sdram_inst|hps_sdram_p0:p0|hps_sdram_p0_acv_hard_memphy:umemphy|hps_sdram_p0_acv_hard_io_pads:uio_pads|hps_sdram_p0_acv_hard_addr_cmd_pads:uaddr_cmd_pads|hps_sdram_p0_acv_ldc:address_gen[12].acv_ac_ldc|leveled_dqs_clocks[0]         ; Merged  ; Placement ; Fitter Periphery Placement ; CLKOUT                   ;                ; unsaved:u0|unsaved_hps_1:hps_1|unsaved_hps_1_hps_io:hps_io|unsaved_hps_1_hps_io_border:border|hps_sdram:hps_sdram_inst|hps_sdram_p0:p0|hps_sdram_p0_acv_hard_memphy:umemphy|hps_sdram_p0_acv_ldc:memphy_ldc|leveled_dqs_clocks[0]                                                                                                ; CLKOUT                   ;                       ;
; unsaved:u0|unsaved_hps_1:hps_1|unsaved_hps_1_hps_io:hps_io|unsaved_hps_1_hps_io_border:border|hps_sdram:hps_sdram_inst|hps_sdram_p0:p0|hps_sdram_p0_acv_hard_memphy:umemphy|hps_sdram_p0_acv_hard_io_pads:uio_pads|hps_sdram_p0_acv_hard_addr_cmd_pads:uaddr_cmd_pads|hps_sdram_p0_acv_ldc:address_gen[13].acv_ac_ldc|adc_clk_cps                   ; Merged  ; Placement ; Fitter Periphery Placement ; CLKOUT                   ;                ; unsaved:u0|unsaved_hps_1:hps_1|unsaved_hps_1_hps_io:hps_io|unsaved_hps_1_hps_io_border:border|hps_sdram:hps_sdram_inst|hps_sdram_p0:p0|hps_sdram_p0_acv_hard_memphy:umemphy|hps_sdram_p0_acv_hard_io_pads:uio_pads|hps_sdram_p0_acv_hard_addr_cmd_pads:uaddr_cmd_pads|hps_sdram_p0_acv_ldc:address_gen[8].acv_ac_ldc|adc_clk_cps ; CLKOUT                   ;                       ;
; unsaved:u0|unsaved_hps_1:hps_1|unsaved_hps_1_hps_io:hps_io|unsaved_hps_1_hps_io_border:border|hps_sdram:hps_sdram_inst|hps_sdram_p0:p0|hps_sdram_p0_acv_hard_memphy:umemphy|hps_sdram_p0_acv_hard_io_pads:uio_pads|hps_sdram_p0_acv_hard_addr_cmd_pads:uaddr_cmd_pads|hps_sdram_p0_acv_ldc:address_gen[13].acv_ac_ldc|leveled_dqs_clocks[0]         ; Merged  ; Placement ; Fitter Periphery Placement ; CLKOUT                   ;                ; unsaved:u0|unsaved_hps_1:hps_1|unsaved_hps_1_hps_io:hps_io|unsaved_hps_1_hps_io_border:border|hps_sdram:hps_sdram_inst|hps_sdram_p0:p0|hps_sdram_p0_acv_hard_memphy:umemphy|hps_sdram_p0_acv_ldc:memphy_ldc|leveled_dqs_clocks[0]                                                                                                ; CLKOUT                   ;                       ;
; unsaved:u0|unsaved_hps_1:hps_1|unsaved_hps_1_hps_io:hps_io|unsaved_hps_1_hps_io_border:border|hps_sdram:hps_sdram_inst|hps_sdram_p0:p0|hps_sdram_p0_acv_hard_memphy:umemphy|hps_sdram_p0_acv_hard_io_pads:uio_pads|hps_sdram_p0_acv_hard_addr_cmd_pads:uaddr_cmd_pads|hps_sdram_p0_acv_ldc:address_gen[14].acv_ac_ldc|adc_clk_cps                   ; Merged  ; Placement ; Fitter Periphery Placement ; CLKOUT                   ;                ; unsaved:u0|unsaved_hps_1:hps_1|unsaved_hps_1_hps_io:hps_io|unsaved_hps_1_hps_io_border:border|hps_sdram:hps_sdram_inst|hps_sdram_p0:p0|hps_sdram_p0_acv_hard_memphy:umemphy|hps_sdram_p0_acv_hard_io_pads:uio_pads|hps_sdram_p0_acv_hard_addr_cmd_pads:uaddr_cmd_pads|hps_sdram_p0_acv_ldc:address_gen[0].acv_ac_ldc|adc_clk_cps ; CLKOUT                   ;                       ;
; unsaved:u0|unsaved_hps_1:hps_1|unsaved_hps_1_hps_io:hps_io|unsaved_hps_1_hps_io_border:border|hps_sdram:hps_sdram_inst|hps_sdram_p0:p0|hps_sdram_p0_acv_hard_memphy:umemphy|hps_sdram_p0_acv_hard_io_pads:uio_pads|hps_sdram_p0_acv_hard_addr_cmd_pads:uaddr_cmd_pads|hps_sdram_p0_acv_ldc:address_gen[14].acv_ac_ldc|leveled_dqs_clocks[0]         ; Merged  ; Placement ; Fitter Periphery Placement ; CLKOUT                   ;                ; unsaved:u0|unsaved_hps_1:hps_1|unsaved_hps_1_hps_io:hps_io|unsaved_hps_1_hps_io_border:border|hps_sdram:hps_sdram_inst|hps_sdram_p0:p0|hps_sdram_p0_acv_hard_memphy:umemphy|hps_sdram_p0_acv_ldc:memphy_ldc|leveled_dqs_clocks[0]                                                                                                ; CLKOUT                   ;                       ;
; unsaved:u0|unsaved_hps_1:hps_1|unsaved_hps_1_hps_io:hps_io|unsaved_hps_1_hps_io_border:border|hps_sdram:hps_sdram_inst|hps_sdram_p0:p0|hps_sdram_p0_acv_hard_memphy:umemphy|hps_sdram_p0_acv_hard_io_pads:uio_pads|hps_sdram_p0_acv_hard_addr_cmd_pads:uaddr_cmd_pads|hps_sdram_p0_acv_ldc:address_gen[15].acv_ac_ldc|adc_clk_cps                   ; Merged  ; Placement ; Fitter Periphery Placement ; CLKOUT                   ;                ; unsaved:u0|unsaved_hps_1:hps_1|unsaved_hps_1_hps_io:hps_io|unsaved_hps_1_hps_io_border:border|hps_sdram:hps_sdram_inst|hps_sdram_p0:p0|hps_sdram_p0_acv_hard_memphy:umemphy|hps_sdram_p0_acv_hard_io_pads:uio_pads|hps_sdram_p0_acv_hard_addr_cmd_pads:uaddr_cmd_pads|hps_sdram_p0_acv_ldc:address_gen[0].acv_ac_ldc|adc_clk_cps ; CLKOUT                   ;                       ;
; unsaved:u0|unsaved_hps_1:hps_1|unsaved_hps_1_hps_io:hps_io|unsaved_hps_1_hps_io_border:border|hps_sdram:hps_sdram_inst|hps_sdram_p0:p0|hps_sdram_p0_acv_hard_memphy:umemphy|hps_sdram_p0_acv_hard_io_pads:uio_pads|hps_sdram_p0_acv_hard_addr_cmd_pads:uaddr_cmd_pads|hps_sdram_p0_acv_ldc:address_gen[15].acv_ac_ldc|leveled_dqs_clocks[0]         ; Merged  ; Placement ; Fitter Periphery Placement ; CLKOUT                   ;                ; unsaved:u0|unsaved_hps_1:hps_1|unsaved_hps_1_hps_io:hps_io|unsaved_hps_1_hps_io_border:border|hps_sdram:hps_sdram_inst|hps_sdram_p0:p0|hps_sdram_p0_acv_hard_memphy:umemphy|hps_sdram_p0_acv_ldc:memphy_ldc|leveled_dqs_clocks[0]                                                                                                ; CLKOUT                   ;                       ;
; unsaved:u0|unsaved_hps_1:hps_1|unsaved_hps_1_hps_io:hps_io|unsaved_hps_1_hps_io_border:border|hps_sdram:hps_sdram_inst|hps_sdram_p0:p0|hps_sdram_p0_acv_hard_memphy:umemphy|hps_sdram_p0_acv_hard_io_pads:uio_pads|hps_sdram_p0_acv_hard_addr_cmd_pads:uaddr_cmd_pads|hps_sdram_p0_acv_ldc:address_gen[16].acv_ac_ldc|adc_clk_cps                   ; Merged  ; Placement ; Fitter Periphery Placement ; CLKOUT                   ;                ; unsaved:u0|unsaved_hps_1:hps_1|unsaved_hps_1_hps_io:hps_io|unsaved_hps_1_hps_io_border:border|hps_sdram:hps_sdram_inst|hps_sdram_p0:p0|hps_sdram_p0_acv_hard_memphy:umemphy|hps_sdram_p0_acv_hard_io_pads:uio_pads|hps_sdram_p0_acv_hard_addr_cmd_pads:uaddr_cmd_pads|hps_sdram_p0_acv_ldc:address_gen[0].acv_ac_ldc|adc_clk_cps ; CLKOUT                   ;                       ;
; unsaved:u0|unsaved_hps_1:hps_1|unsaved_hps_1_hps_io:hps_io|unsaved_hps_1_hps_io_border:border|hps_sdram:hps_sdram_inst|hps_sdram_p0:p0|hps_sdram_p0_acv_hard_memphy:umemphy|hps_sdram_p0_acv_hard_io_pads:uio_pads|hps_sdram_p0_acv_hard_addr_cmd_pads:uaddr_cmd_pads|hps_sdram_p0_acv_ldc:address_gen[16].acv_ac_ldc|leveled_dqs_clocks[0]         ; Merged  ; Placement ; Fitter Periphery Placement ; CLKOUT                   ;                ; unsaved:u0|unsaved_hps_1:hps_1|unsaved_hps_1_hps_io:hps_io|unsaved_hps_1_hps_io_border:border|hps_sdram:hps_sdram_inst|hps_sdram_p0:p0|hps_sdram_p0_acv_hard_memphy:umemphy|hps_sdram_p0_acv_ldc:memphy_ldc|leveled_dqs_clocks[0]                                                                                                ; CLKOUT                   ;                       ;
; unsaved:u0|unsaved_hps_1:hps_1|unsaved_hps_1_hps_io:hps_io|unsaved_hps_1_hps_io_border:border|hps_sdram:hps_sdram_inst|hps_sdram_p0:p0|hps_sdram_p0_acv_hard_memphy:umemphy|hps_sdram_p0_acv_hard_io_pads:uio_pads|hps_sdram_p0_acv_hard_addr_cmd_pads:uaddr_cmd_pads|hps_sdram_p0_acv_ldc:address_gen[17].acv_ac_ldc|adc_clk_cps                   ; Merged  ; Placement ; Fitter Periphery Placement ; CLKOUT                   ;                ; unsaved:u0|unsaved_hps_1:hps_1|unsaved_hps_1_hps_io:hps_io|unsaved_hps_1_hps_io_border:border|hps_sdram:hps_sdram_inst|hps_sdram_p0:p0|hps_sdram_p0_acv_hard_memphy:umemphy|hps_sdram_p0_acv_hard_io_pads:uio_pads|hps_sdram_p0_acv_hard_addr_cmd_pads:uaddr_cmd_pads|hps_sdram_p0_acv_ldc:address_gen[8].acv_ac_ldc|adc_clk_cps ; CLKOUT                   ;                       ;
; unsaved:u0|unsaved_hps_1:hps_1|unsaved_hps_1_hps_io:hps_io|unsaved_hps_1_hps_io_border:border|hps_sdram:hps_sdram_inst|hps_sdram_p0:p0|hps_sdram_p0_acv_hard_memphy:umemphy|hps_sdram_p0_acv_hard_io_pads:uio_pads|hps_sdram_p0_acv_hard_addr_cmd_pads:uaddr_cmd_pads|hps_sdram_p0_acv_ldc:address_gen[17].acv_ac_ldc|leveled_dqs_clocks[0]         ; Merged  ; Placement ; Fitter Periphery Placement ; CLKOUT                   ;                ; unsaved:u0|unsaved_hps_1:hps_1|unsaved_hps_1_hps_io:hps_io|unsaved_hps_1_hps_io_border:border|hps_sdram:hps_sdram_inst|hps_sdram_p0:p0|hps_sdram_p0_acv_hard_memphy:umemphy|hps_sdram_p0_acv_ldc:memphy_ldc|leveled_dqs_clocks[0]                                                                                                ; CLKOUT                   ;                       ;
; unsaved:u0|unsaved_hps_1:hps_1|unsaved_hps_1_hps_io:hps_io|unsaved_hps_1_hps_io_border:border|hps_sdram:hps_sdram_inst|hps_sdram_p0:p0|hps_sdram_p0_acv_hard_memphy:umemphy|hps_sdram_p0_acv_hard_io_pads:uio_pads|hps_sdram_p0_acv_hard_addr_cmd_pads:uaddr_cmd_pads|hps_sdram_p0_acv_ldc:address_gen[18].acv_ac_ldc|leveled_dqs_clocks[0]         ; Merged  ; Placement ; Fitter Periphery Placement ; CLKOUT                   ;                ; unsaved:u0|unsaved_hps_1:hps_1|unsaved_hps_1_hps_io:hps_io|unsaved_hps_1_hps_io_border:border|hps_sdram:hps_sdram_inst|hps_sdram_p0:p0|hps_sdram_p0_acv_hard_memphy:umemphy|hps_sdram_p0_acv_ldc:memphy_ldc|leveled_dqs_clocks[0]                                                                                                ; CLKOUT                   ;                       ;
; unsaved:u0|unsaved_hps_1:hps_1|unsaved_hps_1_hps_io:hps_io|unsaved_hps_1_hps_io_border:border|hps_sdram:hps_sdram_inst|hps_sdram_p0:p0|hps_sdram_p0_acv_hard_memphy:umemphy|hps_sdram_p0_acv_hard_io_pads:uio_pads|hps_sdram_p0_acv_hard_addr_cmd_pads:uaddr_cmd_pads|hps_sdram_p0_acv_ldc:address_gen[19].acv_ac_ldc|leveled_dqs_clocks[0]         ; Merged  ; Placement ; Fitter Periphery Placement ; CLKOUT                   ;                ; unsaved:u0|unsaved_hps_1:hps_1|unsaved_hps_1_hps_io:hps_io|unsaved_hps_1_hps_io_border:border|hps_sdram:hps_sdram_inst|hps_sdram_p0:p0|hps_sdram_p0_acv_hard_memphy:umemphy|hps_sdram_p0_acv_ldc:memphy_ldc|leveled_dqs_clocks[0]                                                                                                ; CLKOUT                   ;                       ;
; unsaved:u0|unsaved_hps_1:hps_1|unsaved_hps_1_hps_io:hps_io|unsaved_hps_1_hps_io_border:border|hps_sdram:hps_sdram_inst|hps_sdram_p0:p0|hps_sdram_p0_acv_hard_memphy:umemphy|hps_sdram_p0_acv_hard_io_pads:uio_pads|hps_sdram_p0_acv_hard_addr_cmd_pads:uaddr_cmd_pads|hps_sdram_p0_acv_ldc:address_gen[20].acv_ac_ldc|adc_clk_cps                   ; Merged  ; Placement ; Fitter Periphery Placement ; CLKOUT                   ;                ; unsaved:u0|unsaved_hps_1:hps_1|unsaved_hps_1_hps_io:hps_io|unsaved_hps_1_hps_io_border:border|hps_sdram:hps_sdram_inst|hps_sdram_p0:p0|hps_sdram_p0_acv_hard_memphy:umemphy|hps_sdram_p0_acv_hard_io_pads:uio_pads|hps_sdram_p0_acv_hard_addr_cmd_pads:uaddr_cmd_pads|hps_sdram_p0_acv_ldc:address_gen[8].acv_ac_ldc|adc_clk_cps ; CLKOUT                   ;                       ;
; unsaved:u0|unsaved_hps_1:hps_1|unsaved_hps_1_hps_io:hps_io|unsaved_hps_1_hps_io_border:border|hps_sdram:hps_sdram_inst|hps_sdram_p0:p0|hps_sdram_p0_acv_hard_memphy:umemphy|hps_sdram_p0_acv_hard_io_pads:uio_pads|hps_sdram_p0_acv_hard_addr_cmd_pads:uaddr_cmd_pads|hps_sdram_p0_acv_ldc:address_gen[20].acv_ac_ldc|leveled_dqs_clocks[0]         ; Merged  ; Placement ; Fitter Periphery Placement ; CLKOUT                   ;                ; unsaved:u0|unsaved_hps_1:hps_1|unsaved_hps_1_hps_io:hps_io|unsaved_hps_1_hps_io_border:border|hps_sdram:hps_sdram_inst|hps_sdram_p0:p0|hps_sdram_p0_acv_hard_memphy:umemphy|hps_sdram_p0_acv_ldc:memphy_ldc|leveled_dqs_clocks[0]                                                                                                ; CLKOUT                   ;                       ;
; unsaved:u0|unsaved_hps_1:hps_1|unsaved_hps_1_hps_io:hps_io|unsaved_hps_1_hps_io_border:border|hps_sdram:hps_sdram_inst|hps_sdram_p0:p0|hps_sdram_p0_acv_hard_memphy:umemphy|hps_sdram_p0_acv_hard_io_pads:uio_pads|hps_sdram_p0_acv_hard_addr_cmd_pads:uaddr_cmd_pads|hps_sdram_p0_acv_ldc:address_gen[21].acv_ac_ldc|adc_clk_cps                   ; Merged  ; Placement ; Fitter Periphery Placement ; CLKOUT                   ;                ; unsaved:u0|unsaved_hps_1:hps_1|unsaved_hps_1_hps_io:hps_io|unsaved_hps_1_hps_io_border:border|hps_sdram:hps_sdram_inst|hps_sdram_p0:p0|hps_sdram_p0_acv_hard_memphy:umemphy|hps_sdram_p0_acv_hard_io_pads:uio_pads|hps_sdram_p0_acv_hard_addr_cmd_pads:uaddr_cmd_pads|hps_sdram_p0_acv_ldc:address_gen[8].acv_ac_ldc|adc_clk_cps ; CLKOUT                   ;                       ;
; unsaved:u0|unsaved_hps_1:hps_1|unsaved_hps_1_hps_io:hps_io|unsaved_hps_1_hps_io_border:border|hps_sdram:hps_sdram_inst|hps_sdram_p0:p0|hps_sdram_p0_acv_hard_memphy:umemphy|hps_sdram_p0_acv_hard_io_pads:uio_pads|hps_sdram_p0_acv_hard_addr_cmd_pads:uaddr_cmd_pads|hps_sdram_p0_acv_ldc:address_gen[21].acv_ac_ldc|leveled_dqs_clocks[0]         ; Merged  ; Placement ; Fitter Periphery Placement ; CLKOUT                   ;                ; unsaved:u0|unsaved_hps_1:hps_1|unsaved_hps_1_hps_io:hps_io|unsaved_hps_1_hps_io_border:border|hps_sdram:hps_sdram_inst|hps_sdram_p0:p0|hps_sdram_p0_acv_hard_memphy:umemphy|hps_sdram_p0_acv_ldc:memphy_ldc|leveled_dqs_clocks[0]                                                                                                ; CLKOUT                   ;                       ;
; unsaved:u0|unsaved_hps_1:hps_1|unsaved_hps_1_hps_io:hps_io|unsaved_hps_1_hps_io_border:border|hps_sdram:hps_sdram_inst|hps_sdram_p0:p0|hps_sdram_p0_acv_hard_memphy:umemphy|hps_sdram_p0_acv_hard_io_pads:uio_pads|hps_sdram_p0_acv_hard_addr_cmd_pads:uaddr_cmd_pads|hps_sdram_p0_acv_ldc:address_gen[22].acv_ac_ldc|adc_clk_cps                   ; Merged  ; Placement ; Fitter Periphery Placement ; CLKOUT                   ;                ; unsaved:u0|unsaved_hps_1:hps_1|unsaved_hps_1_hps_io:hps_io|unsaved_hps_1_hps_io_border:border|hps_sdram:hps_sdram_inst|hps_sdram_p0:p0|hps_sdram_p0_acv_hard_memphy:umemphy|hps_sdram_p0_acv_hard_io_pads:uio_pads|hps_sdram_p0_acv_hard_addr_cmd_pads:uaddr_cmd_pads|hps_sdram_p0_acv_ldc:address_gen[8].acv_ac_ldc|adc_clk_cps ; CLKOUT                   ;                       ;
; unsaved:u0|unsaved_hps_1:hps_1|unsaved_hps_1_hps_io:hps_io|unsaved_hps_1_hps_io_border:border|hps_sdram:hps_sdram_inst|hps_sdram_p0:p0|hps_sdram_p0_acv_hard_memphy:umemphy|hps_sdram_p0_acv_hard_io_pads:uio_pads|hps_sdram_p0_acv_hard_addr_cmd_pads:uaddr_cmd_pads|hps_sdram_p0_acv_ldc:address_gen[22].acv_ac_ldc|leveled_dqs_clocks[0]         ; Merged  ; Placement ; Fitter Periphery Placement ; CLKOUT                   ;                ; unsaved:u0|unsaved_hps_1:hps_1|unsaved_hps_1_hps_io:hps_io|unsaved_hps_1_hps_io_border:border|hps_sdram:hps_sdram_inst|hps_sdram_p0:p0|hps_sdram_p0_acv_hard_memphy:umemphy|hps_sdram_p0_acv_ldc:memphy_ldc|leveled_dqs_clocks[0]                                                                                                ; CLKOUT                   ;                       ;
; unsaved:u0|unsaved_hps_1:hps_1|unsaved_hps_1_hps_io:hps_io|unsaved_hps_1_hps_io_border:border|hps_sdram:hps_sdram_inst|hps_sdram_p0:p0|hps_sdram_p0_acv_hard_memphy:umemphy|hps_sdram_p0_acv_hard_io_pads:uio_pads|hps_sdram_p0_altdqdqs:dq_ddio[0].ubidir_dq_dqs|altdq_dqs2_acv_connect_to_hard_phy_cyclonev:altdq_dqs2_inst|leveled_dqs_clocks[0] ; Merged  ; Placement ; Fitter Periphery Placement ; CLKOUT                   ;                ; unsaved:u0|unsaved_hps_1:hps_1|unsaved_hps_1_hps_io:hps_io|unsaved_hps_1_hps_io_border:border|hps_sdram:hps_sdram_inst|hps_sdram_p0:p0|hps_sdram_p0_acv_hard_memphy:umemphy|hps_sdram_p0_acv_ldc:memphy_ldc|leveled_dqs_clocks[0]                                                                                                ; CLKOUT                   ;                       ;
; unsaved:u0|unsaved_hps_1:hps_1|unsaved_hps_1_hps_io:hps_io|unsaved_hps_1_hps_io_border:border|hps_sdram:hps_sdram_inst|hps_sdram_p0:p0|hps_sdram_p0_acv_hard_memphy:umemphy|hps_sdram_p0_acv_hard_io_pads:uio_pads|hps_sdram_p0_altdqdqs:dq_ddio[0].ubidir_dq_dqs|altdq_dqs2_acv_connect_to_hard_phy_cyclonev:altdq_dqs2_inst|leveled_hr_clocks[0]  ; Merged  ; Placement ; Fitter Periphery Placement ; CLKOUT                   ;                ; unsaved:u0|unsaved_hps_1:hps_1|unsaved_hps_1_hps_io:hps_io|unsaved_hps_1_hps_io_border:border|hps_sdram:hps_sdram_inst|hps_sdram_p0:p0|hps_sdram_p0_acv_hard_memphy:umemphy|hps_sdram_p0_acv_ldc:memphy_ldc|leveled_hr_clocks[0]                                                                                                 ; CLKOUT                   ;                       ;
+-----------------------------------------------------------------------------------------------------------------------------------------------------------------------------------------------------------------------------------------------------------------------------------------------------------------------------------------------------+---------+-----------+----------------------------+--------------------------+----------------+----------------------------------------------------------------------------------------------------------------------------------------------------------------------------------------------------------------------------------------------------------------------------------------------------------------------------------+--------------------------+-----------------------+


+--------------------------------------------------------------------------------------------------------------------------------------------------------------------------------------------------------------------------------------+
; Ignored Assignments                                                                                                                                                                                                                  ;
+-----------------------------+---------------------------------------------+--------------+----------------------------------------------------------------------------------------------+---------------+----------------------------+
; Name                        ; Ignored Entity                              ; Ignored From ; Ignored To                                                                                   ; Ignored Value ; Ignored Source             ;
+-----------------------------+---------------------------------------------+--------------+----------------------------------------------------------------------------------------------+---------------+----------------------------+
; Location                    ;                                             ;              ; arbiter_puf_4bit:puf_core_inst|puf_switch_box:sb0                                            ; LAB_X50_Y50   ; QSF Assignment             ;
; Location                    ;                                             ;              ; arbiter_puf_4bit:puf_core_inst|puf_switch_box:sb1                                            ; LAB_X50_Y51   ; QSF Assignment             ;
; Location                    ;                                             ;              ; arbiter_puf_4bit:puf_core_inst|puf_switch_box:sb2                                            ; LAB_X50_Y52   ; QSF Assignment             ;
; Location                    ;                                             ;              ; arbiter_puf_4bit:puf_core_inst|puf_switch_box:sb3                                            ; LAB_X50_Y53   ; QSF Assignment             ;
; Location                    ;                                             ;              ; arbiter_puf_4bit:puf_core_inst|raw_response                                                  ; LAB_X50_Y54   ; QSF Assignment             ;
; PLL Compensation Mode       ; DE1_SoC_Demo                                ;              ; u0|hps_1|hps_io|border|hps_sdram_inst|pll0|fbout                                             ; DIRECT        ; QSF Assignment             ;
; Global Signal               ; DE1_SoC_Demo                                ;              ; u0|hps_1|hps_io|border|hps_sdram_inst|p0|umemphy|uio_pads|dq_ddio[0].read_capture_clk_buffer ; OFF           ; QSF Assignment             ;
; Global Signal               ; DE1_SoC_Demo                                ;              ; u0|hps_1|hps_io|border|hps_sdram_inst|p0|umemphy|uread_datapath|reset_n_fifo_wraddress[0]    ; OFF           ; QSF Assignment             ;
; Global Signal               ; DE1_SoC_Demo                                ;              ; u0|hps_1|hps_io|border|hps_sdram_inst|p0|umemphy|uread_datapath|reset_n_fifo_write_side[0]   ; OFF           ; QSF Assignment             ;
; Global Signal               ; DE1_SoC_Demo                                ;              ; u0|hps_1|hps_io|border|hps_sdram_inst|p0|umemphy|ureset|phy_reset_mem_stable_n               ; OFF           ; QSF Assignment             ;
; Global Signal               ; DE1_SoC_Demo                                ;              ; u0|hps_1|hps_io|border|hps_sdram_inst|p0|umemphy|ureset|phy_reset_n                          ; OFF           ; QSF Assignment             ;
; Fast Output Enable Register ; altdq_dqs2_acv_connect_to_hard_phy_cyclonev ;              ; output_path_gen[0].oe_reg                                                                    ; on            ; Compiler or HDL Assignment ;
; Fast Output Enable Register ; altdq_dqs2_acv_connect_to_hard_phy_cyclonev ;              ; output_path_gen[1].oe_reg                                                                    ; on            ; Compiler or HDL Assignment ;
; Fast Output Enable Register ; altdq_dqs2_acv_connect_to_hard_phy_cyclonev ;              ; output_path_gen[2].oe_reg                                                                    ; on            ; Compiler or HDL Assignment ;
; Fast Output Enable Register ; altdq_dqs2_acv_connect_to_hard_phy_cyclonev ;              ; output_path_gen[3].oe_reg                                                                    ; on            ; Compiler or HDL Assignment ;
; Fast Output Enable Register ; altdq_dqs2_acv_connect_to_hard_phy_cyclonev ;              ; output_path_gen[4].oe_reg                                                                    ; on            ; Compiler or HDL Assignment ;
; Fast Output Enable Register ; altdq_dqs2_acv_connect_to_hard_phy_cyclonev ;              ; output_path_gen[5].oe_reg                                                                    ; on            ; Compiler or HDL Assignment ;
; Fast Output Enable Register ; altdq_dqs2_acv_connect_to_hard_phy_cyclonev ;              ; output_path_gen[6].oe_reg                                                                    ; on            ; Compiler or HDL Assignment ;
; Fast Output Enable Register ; altdq_dqs2_acv_connect_to_hard_phy_cyclonev ;              ; output_path_gen[7].oe_reg                                                                    ; on            ; Compiler or HDL Assignment ;
; HPS_LOCATION                ; unsaved_hps_1                               ;              ; hps_io|border|hps_io_emac1_inst_TX_CLK[0]                                                    ; PIN_P19A0T    ; Compiler or HDL Assignment ;
+-----------------------------+---------------------------------------------+--------------+----------------------------------------------------------------------------------------------+---------------+----------------------------+


+--------------------------------------------------------------------------------------------------+
; Incremental Compilation Preservation Summary                                                     ;
+---------------------+--------------------+----------------------------+--------------------------+
; Type                ; Total [A + B]      ; From Design Partitions [A] ; From Rapid Recompile [B] ;
+---------------------+--------------------+----------------------------+--------------------------+
; Placement (by node) ;                    ;                            ;                          ;
;     -- Requested    ; 0.00 % ( 0 / 463 ) ; 0.00 % ( 0 / 463 )         ; 0.00 % ( 0 / 463 )       ;
;     -- Achieved     ; 0.00 % ( 0 / 463 ) ; 0.00 % ( 0 / 463 )         ; 0.00 % ( 0 / 463 )       ;
;                     ;                    ;                            ;                          ;
; Routing (by net)    ;                    ;                            ;                          ;
;     -- Requested    ; 0.00 % ( 0 / 0 )   ; 0.00 % ( 0 / 0 )           ; 0.00 % ( 0 / 0 )         ;
;     -- Achieved     ; 0.00 % ( 0 / 0 )   ; 0.00 % ( 0 / 0 )           ; 0.00 % ( 0 / 0 )         ;
+---------------------+--------------------+----------------------------+--------------------------+


+-----------------------------------------------------------------------------------------------------------------------------------------------------------------------------------------------------------------------------------------------------------+
; Incremental Compilation Partition Settings                                                                                                                                                                                                                ;
+------------------------------------+----------------+-------------------+-------------------------+------------------------+------------------------------+-----------------------------------------------------------------------------------------------+
; Partition Name                     ; Partition Type ; Netlist Type Used ; Preservation Level Used ; Netlist Type Requested ; Preservation Level Requested ; Contents                                                                                      ;
+------------------------------------+----------------+-------------------+-------------------------+------------------------+------------------------------+-----------------------------------------------------------------------------------------------+
; Top                                ; User-created   ; Source File       ; N/A                     ; Source File            ; N/A                          ;                                                                                               ;
; unsaved_hps_1_hps_io_border:border ; Auto-generated ; Post-Synthesis    ; N/A                     ; Post-Synthesis         ; N/A                          ; unsaved:u0|unsaved_hps_1:hps_1|unsaved_hps_1_hps_io:hps_io|unsaved_hps_1_hps_io_border:border ;
; hard_block:auto_generated_inst     ; Auto-generated ; Source File       ; N/A                     ; Source File            ; N/A                          ; hard_block:auto_generated_inst                                                                ;
+------------------------------------+----------------+-------------------+-------------------------+------------------------+------------------------------+-----------------------------------------------------------------------------------------------+


+----------------------------------------------------------------------------------------------------------------------------------------+
; Incremental Compilation Placement Preservation                                                                                         ;
+------------------------------------+-----------------------+-------------------------+-------------------+---------------------+-------+
; Partition Name                     ; Preservation Achieved ; Preservation Level Used ; Netlist Type Used ; Preservation Method ; Notes ;
+------------------------------------+-----------------------+-------------------------+-------------------+---------------------+-------+
; Top                                ; 0.00 % ( 0 / 178 )    ; N/A                     ; Source File       ; N/A                 ;       ;
; unsaved_hps_1_hps_io_border:border ; 0.00 % ( 0 / 276 )    ; N/A                     ; Post-Synthesis    ; N/A                 ;       ;
; hard_block:auto_generated_inst     ; 0.00 % ( 0 / 9 )      ; N/A                     ; Source File       ; N/A                 ;       ;
+------------------------------------+-----------------------+-------------------------+-------------------+---------------------+-------+


+--------------+
; Pin-Out File ;
+--------------+
The pin-out file can be found in E:/DE1_SoC_Project/DE1_SoC_Demo.pin.


+------------------------------------------------------------------------------------------+
; Fitter Resource Usage Summary                                                            ;
+-------------------------------------------------------------+--------------------+-------+
; Resource                                                    ; Usage              ; %     ;
+-------------------------------------------------------------+--------------------+-------+
; Logic utilization (ALMs needed / total ALMs on device)      ; 20 / 32,070        ; < 1 % ;
; ALMs needed [=A-B+C]                                        ; 20                 ;       ;
;     [A] ALMs used in final placement [=a+b+c+d]             ; 26 / 32,070        ; < 1 % ;
;         [a] ALMs used for LUT logic and registers           ; 13                 ;       ;
;         [b] ALMs used for LUT logic                         ; 7                  ;       ;
;         [c] ALMs used for registers                         ; 6                  ;       ;
;         [d] ALMs used for memory (up to half of total ALMs) ; 0                  ;       ;
;     [B] Estimate of ALMs recoverable by dense packing       ; 6 / 32,070         ; < 1 % ;
;     [C] Estimate of ALMs unavailable [=a+b+c+d]             ; 0 / 32,070         ; 0 %   ;
;         [a] Due to location constrained logic               ; 0                  ;       ;
;         [b] Due to LAB-wide signal conflicts                ; 0                  ;       ;
;         [c] Due to LAB input limits                         ; 0                  ;       ;
;         [d] Due to virtual I/Os                             ; 0                  ;       ;
;                                                             ;                    ;       ;
; Difficulty packing design                                   ; Low                ;       ;
;                                                             ;                    ;       ;
; Total LABs:  partially or completely used                   ; 4 / 3,207          ; < 1 % ;
;     -- Logic LABs                                           ; 4                  ;       ;
;     -- Memory LABs (up to half of total LABs)               ; 0                  ;       ;
;                                                             ;                    ;       ;
; Combinational ALUT usage for logic                          ; 35                 ;       ;
;     -- 7 input functions                                    ; 0                  ;       ;
;     -- 6 input functions                                    ; 4                  ;       ;
;     -- 5 input functions                                    ; 8                  ;       ;
;     -- 4 input functions                                    ; 0                  ;       ;
;     -- <=3 input functions                                  ; 23                 ;       ;
; Combinational ALUT usage for route-throughs                 ; 5                  ;       ;
;                                                             ;                    ;       ;
; Dedicated logic registers                                   ; 38                 ;       ;
;     -- By type:                                             ;                    ;       ;
;         -- Primary logic registers                          ; 36 / 64,140        ; < 1 % ;
;         -- Secondary logic registers                        ; 2 / 64,140         ; < 1 % ;
;     -- By function:                                         ;                    ;       ;
;         -- Design implementation registers                  ; 38                 ;       ;
;         -- Routing optimization registers                   ; 0                  ;       ;
;                                                             ;                    ;       ;
; Virtual pins                                                ; 0                  ;       ;
; I/O pins                                                    ; 71 / 457           ; 16 %  ;
;     -- Clock pins                                           ; 1 / 8              ; 13 %  ;
;     -- Dedicated input pins                                 ; 0 / 21             ; 0 %   ;
; I/O registers                                               ; 92                 ;       ;
;                                                             ;                    ;       ;
; Hard processor system peripheral utilization                ;                    ;       ;
;     -- Boot from FPGA                                       ; 1 / 1 ( 100 % )    ;       ;
;     -- Clock resets                                         ; 1 / 1 ( 100 % )    ;       ;
;     -- Cross trigger                                        ; 0 / 1 ( 0 % )      ;       ;
;     -- S2F AXI                                              ; 1 / 1 ( 100 % )    ;       ;
;     -- F2S AXI                                              ; 1 / 1 ( 100 % )    ;       ;
;     -- AXI Lightweight                                      ; 1 / 1 ( 100 % )    ;       ;
;     -- SDRAM                                                ; 1 / 1 ( 100 % )    ;       ;
;     -- Interrupts                                           ; 0 / 1 ( 0 % )      ;       ;
;     -- JTAG                                                 ; 0 / 1 ( 0 % )      ;       ;
;     -- Loan I/O                                             ; 0 / 1 ( 0 % )      ;       ;
;     -- MPU event standby                                    ; 1 / 1 ( 100 % )    ;       ;
;     -- MPU general purpose                                  ; 0 / 1 ( 0 % )      ;       ;
;     -- STM event                                            ; 0 / 1 ( 0 % )      ;       ;
;     -- TPIU trace                                           ; 1 / 1 ( 100 % )    ;       ;
;     -- DMA                                                  ; 0 / 1 ( 0 % )      ;       ;
;     -- CAN                                                  ; 0 / 2 ( 0 % )      ;       ;
;     -- EMAC                                                 ; 1 / 2 ( 50 % )     ;       ;
;     -- I2C                                                  ; 0 / 4 ( 0 % )      ;       ;
;     -- NAND Flash                                           ; 0 / 1 ( 0 % )      ;       ;
;     -- QSPI                                                 ; 0 / 1 ( 0 % )      ;       ;
;     -- SDMMC                                                ; 1 / 1 ( 100 % )    ;       ;
;     -- SPI Master                                           ; 0 / 2 ( 0 % )      ;       ;
;     -- SPI Slave                                            ; 0 / 2 ( 0 % )      ;       ;
;     -- UART                                                 ; 1 / 2 ( 50 % )     ;       ;
;     -- USB                                                  ; 0 / 2 ( 0 % )      ;       ;
;                                                             ;                    ;       ;
; M10K blocks                                                 ; 0 / 397            ; 0 %   ;
; Total MLAB memory bits                                      ; 0                  ;       ;
; Total block memory bits                                     ; 0 / 4,065,280      ; 0 %   ;
; Total block memory implementation bits                      ; 0 / 4,065,280      ; 0 %   ;
;                                                             ;                    ;       ;
; Total DSP Blocks                                            ; 0 / 87             ; 0 %   ;
;                                                             ;                    ;       ;
; Fractional PLLs                                             ; 0 / 6              ; 0 %   ;
; Global signals                                              ; 0                  ;       ;
;     -- Global clocks                                        ; 0 / 16             ; 0 %   ;
;     -- Quadrant clocks                                      ; 0 / 66             ; 0 %   ;
;     -- Horizontal periphery clocks                          ; 0 / 18             ; 0 %   ;
; SERDES Transmitters                                         ; 0 / 100            ; 0 %   ;
; SERDES Receivers                                            ; 0 / 100            ; 0 %   ;
; JTAGs                                                       ; 0 / 1              ; 0 %   ;
; ASMI blocks                                                 ; 0 / 1              ; 0 %   ;
; CRC blocks                                                  ; 0 / 1              ; 0 %   ;
; Remote update blocks                                        ; 0 / 1              ; 0 %   ;
; Oscillator blocks                                           ; 0 / 1              ; 0 %   ;
; Impedance control blocks                                    ; 1 / 4              ; 25 %  ;
; Hard Memory Controllers                                     ; 1 / 2              ; 50 %  ;
; Average interconnect usage (total/H/V)                      ; 0.0% / 0.0% / 0.0% ;       ;
; Peak interconnect usage (total/H/V)                         ; 0.5% / 0.5% / 0.3% ;       ;
; Maximum fan-out                                             ; 352                ;       ;
; Highest non-global fan-out                                  ; 158                ;       ;
; Total fan-out                                               ; 813                ;       ;
; Average fan-out                                             ; 1.74               ;       ;
+-------------------------------------------------------------+--------------------+-------+


+----------------------------------------------------------------------------------------------------------------------------------------------------------+
; Fitter Partition Statistics                                                                                                                              ;
+-------------------------------------------------------------+----------------------+------------------------------------+--------------------------------+
; Statistic                                                   ; Top                  ; unsaved_hps_1_hps_io_border:border ; hard_block:auto_generated_inst ;
+-------------------------------------------------------------+----------------------+------------------------------------+--------------------------------+
; Logic utilization (ALMs needed / total ALMs on device)      ; 20 / 32070 ( < 1 % ) ; 0 / 32070 ( 0 % )                  ; 0 / 32070 ( 0 % )              ;
; ALMs needed [=A-B+C]                                        ; 20                   ; 0                                  ; 0                              ;
;     [A] ALMs used in final placement [=a+b+c+d]             ; 26 / 32070 ( < 1 % ) ; 0 / 32070 ( 0 % )                  ; 0 / 32070 ( 0 % )              ;
;         [a] ALMs used for LUT logic and registers           ; 13                   ; 0                                  ; 0                              ;
;         [b] ALMs used for LUT logic                         ; 7                    ; 0                                  ; 0                              ;
;         [c] ALMs used for registers                         ; 6                    ; 0                                  ; 0                              ;
;         [d] ALMs used for memory (up to half of total ALMs) ; 0                    ; 0                                  ; 0                              ;
;     [B] Estimate of ALMs recoverable by dense packing       ; 6 / 32070 ( < 1 % )  ; 0 / 32070 ( 0 % )                  ; 0 / 32070 ( 0 % )              ;
;     [C] Estimate of ALMs unavailable [=a+b+c+d]             ; 0 / 32070 ( 0 % )    ; 0 / 32070 ( 0 % )                  ; 0 / 32070 ( 0 % )              ;
;         [a] Due to location constrained logic               ; 0                    ; 0                                  ; 0                              ;
;         [b] Due to LAB-wide signal conflicts                ; 0                    ; 0                                  ; 0                              ;
;         [c] Due to LAB input limits                         ; 0                    ; 0                                  ; 0                              ;
;         [d] Due to virtual I/Os                             ; 0                    ; 0                                  ; 0                              ;
;                                                             ;                      ;                                    ;                                ;
; Difficulty packing design                                   ; Low                  ; Low                                ; Low                            ;
;                                                             ;                      ;                                    ;                                ;
; Total LABs:  partially or completely used                   ; 4 / 3207 ( < 1 % )   ; 0 / 3207 ( 0 % )                   ; 0 / 3207 ( 0 % )               ;
;     -- Logic LABs                                           ; 4                    ; 0                                  ; 0                              ;
;     -- Memory LABs (up to half of total LABs)               ; 0                    ; 0                                  ; 0                              ;
;                                                             ;                      ;                                    ;                                ;
; Combinational ALUT usage for logic                          ; 35                   ; 0                                  ; 0                              ;
;     -- 7 input functions                                    ; 0                    ; 0                                  ; 0                              ;
;     -- 6 input functions                                    ; 4                    ; 0                                  ; 0                              ;
;     -- 5 input functions                                    ; 8                    ; 0                                  ; 0                              ;
;     -- 4 input functions                                    ; 0                    ; 0                                  ; 0                              ;
;     -- <=3 input functions                                  ; 23                   ; 0                                  ; 0                              ;
; Combinational ALUT usage for route-throughs                 ; 5                    ; 0                                  ; 0                              ;
; Memory ALUT usage                                           ; 0                    ; 0                                  ; 0                              ;
;     -- 64-address deep                                      ; 0                    ; 0                                  ; 0                              ;
;     -- 32-address deep                                      ; 0                    ; 0                                  ; 0                              ;
;                                                             ;                      ;                                    ;                                ;
; Dedicated logic registers                                   ; 0                    ; 0                                  ; 0                              ;
;     -- By type:                                             ;                      ;                                    ;                                ;
;         -- Primary logic registers                          ; 36 / 64140 ( < 1 % ) ; 0 / 64140 ( 0 % )                  ; 0 / 64140 ( 0 % )              ;
;         -- Secondary logic registers                        ; 2 / 64140 ( < 1 % )  ; 0 / 64140 ( 0 % )                  ; 0 / 64140 ( 0 % )              ;
;     -- By function:                                         ;                      ;                                    ;                                ;
;         -- Design implementation registers                  ; 38                   ; 0                                  ; 0                              ;
;         -- Routing optimization registers                   ; 0                    ; 0                                  ; 0                              ;
;                                                             ;                      ;                                    ;                                ;
;                                                             ;                      ;                                    ;                                ;
; Virtual pins                                                ; 0                    ; 0                                  ; 0                              ;
; I/O pins                                                    ; 52                   ; 19                                 ; 0                              ;
; I/O registers                                               ; 48                   ; 44                                 ; 0                              ;
; Total block memory bits                                     ; 0                    ; 0                                  ; 0                              ;
; Total block memory implementation bits                      ; 0                    ; 0                                  ; 0                              ;
; DLL                                                         ; 0 / 4 ( 0 % )        ; 1 / 4 ( 25 % )                     ; 0 / 4 ( 0 % )                  ;
; Impedance control block                                     ; 0 / 4 ( 0 % )        ; 1 / 4 ( 25 % )                     ; 0 / 4 ( 0 % )                  ;
; Double data rate I/O output circuitry                       ; 0 / 1325 ( 0 % )     ; 82 / 1325 ( 6 % )                  ; 0 / 1325 ( 0 % )               ;
; Double data rate I/O input circuitry                        ; 0 / 400 ( 0 % )      ; 8 / 400 ( 2 % )                    ; 0 / 400 ( 0 % )                ;
; Double data rate I/O output circuitry                       ; 0 / 400 ( 0 % )      ; 35 / 400 ( 8 % )                   ; 0 / 400 ( 0 % )                ;
; Double data rate I/O output enable circuitry                ; 0 / 425 ( 0 % )      ; 10 / 425 ( 2 % )                   ; 0 / 425 ( 0 % )                ;
; Impedance logic block                                       ; 0 / 8 ( 0 % )        ; 1 / 8 ( 12 % )                     ; 0 / 8 ( 0 % )                  ;
; DQS pin delay chain                                         ; 0 / 25 ( 0 % )       ; 1 / 25 ( 4 % )                     ; 0 / 25 ( 0 % )                 ;
; DQS pin enable control                                      ; 0 / 25 ( 0 % )       ; 1 / 25 ( 4 % )                     ; 0 / 25 ( 0 % )                 ;
; Delay chain                                                 ; 0 / 1300 ( 0 % )     ; 31 / 1300 ( 2 % )                  ; 0 / 1300 ( 0 % )               ;
; Pin configuration                                           ; 0 / 400 ( 0 % )      ; 10 / 400 ( 2 % )                   ; 0 / 400 ( 0 % )                ;
; DQS pin configuration                                       ; 0 / 25 ( 0 % )       ; 1 / 25 ( 4 % )                     ; 0 / 25 ( 0 % )                 ;
; Signal Splitter                                             ; 0 / 400 ( 0 % )      ; 2 / 400 ( < 1 % )                  ; 0 / 400 ( 0 % )                ;
; Leveling delay chain                                        ; 0 / 36 ( 0 % )       ; 4 / 36 ( 11 % )                    ; 0 / 36 ( 0 % )                 ;
; Clock Phase Select                                          ; 0 / 175 ( 0 % )      ; 11 / 175 ( 6 % )                   ; 0 / 175 ( 0 % )                ;
; Read FIFO Read Clock Select Block                           ; 0 / 400 ( 0 % )      ; 8 / 400 ( 2 % )                    ; 0 / 400 ( 0 % )                ;
; LFIFO                                                       ; 0 / 25 ( 0 % )       ; 1 / 25 ( 4 % )                     ; 0 / 25 ( 0 % )                 ;
; HPS SDRAM PLL                                               ; 0 / 1 ( 0 % )        ; 1 / 1 ( 100 % )                    ; 0 / 1 ( 0 % )                  ;
; HPS EMAC peripheral                                         ; 0 / 2 ( 0 % )        ; 1 / 2 ( 50 % )                     ; 0 / 2 ( 0 % )                  ;
; HPS SDMMC peripheral                                        ; 0 / 1 ( 0 % )        ; 1 / 1 ( 100 % )                    ; 0 / 1 ( 0 % )                  ;
; HPS UART peripheral                                         ; 0 / 2 ( 0 % )        ; 1 / 2 ( 50 % )                     ; 0 / 2 ( 0 % )                  ;
; HPS DBG APB interface                                       ; 0 / 1 ( 0 % )        ; 0 / 1 ( 0 % )                      ; 1 / 1 ( 100 % )                ;
; Hard Memory Controller                                      ; 0 / 2 ( 0 % )        ; 1 / 2 ( 50 % )                     ; 0 / 2 ( 0 % )                  ;
; HPS boot from FPGA interface                                ; 0 / 1 ( 0 % )        ; 0 / 1 ( 0 % )                      ; 1 / 1 ( 100 % )                ;
; HPS clock resets interface                                  ; 0 / 1 ( 0 % )        ; 0 / 1 ( 0 % )                      ; 1 / 1 ( 100 % )                ;
; FPGA-to-HPS interface                                       ; 0 / 1 ( 0 % )        ; 0 / 1 ( 0 % )                      ; 1 / 1 ( 100 % )                ;
; HPS FPGA-to-SDRAM interface                                 ; 0 / 1 ( 0 % )        ; 0 / 1 ( 0 % )                      ; 1 / 1 ( 100 % )                ;
; HPS-to-FPGA interface                                       ; 0 / 1 ( 0 % )        ; 0 / 1 ( 0 % )                      ; 1 / 1 ( 100 % )                ;
; HPS-to-FPGA lightweight interface                           ; 0 / 1 ( 0 % )        ; 0 / 1 ( 0 % )                      ; 1 / 1 ( 100 % )                ;
; HPS MPU event standby interface                             ; 0 / 1 ( 0 % )        ; 0 / 1 ( 0 % )                      ; 1 / 1 ( 100 % )                ;
; HPS TPIU trace interface                                    ; 0 / 1 ( 0 % )        ; 0 / 1 ( 0 % )                      ; 1 / 1 ( 100 % )                ;
; IR FIFO USERDES Block                                       ; 0 / 400 ( 0 % )      ; 8 / 400 ( 2 % )                    ; 0 / 400 ( 0 % )                ;
; Hard Memory PHY                                             ; 0 / 2 ( 0 % )        ; 1 / 2 ( 50 % )                     ; 0 / 2 ( 0 % )                  ;
; VFIFO                                                       ; 0 / 25 ( 0 % )       ; 1 / 25 ( 4 % )                     ; 0 / 25 ( 0 % )                 ;
;                                                             ;                      ;                                    ;                                ;
; Connections                                                 ;                      ;                                    ;                                ;
;     -- Input Connections                                    ; 72                   ; 24                                 ; 5                              ;
;     -- Registered Input Connections                         ; 0                    ; 0                                  ; 0                              ;
;     -- Output Connections                                   ; 14                   ; 48                                 ; 39                             ;
;     -- Registered Output Connections                        ; 0                    ; 0                                  ; 0                              ;
;                                                             ;                      ;                                    ;                                ;
; Internal Connections                                        ;                      ;                                    ;                                ;
;     -- Total Connections                                    ; 215                  ; 1880                               ; 44                             ;
;     -- Registered Connections                               ; 39                   ; 25                                 ; 0                              ;
;                                                             ;                      ;                                    ;                                ;
; External Connections                                        ;                      ;                                    ;                                ;
;     -- Top                                                  ; 2                    ; 40                                 ; 44                             ;
;     -- unsaved_hps_1_hps_io_border:border                   ; 40                   ; 32                                 ; 0                              ;
;     -- hard_block:auto_generated_inst                       ; 44                   ; 0                                  ; 0                              ;
;                                                             ;                      ;                                    ;                                ;
; Partition Interface                                         ;                      ;                                    ;                                ;
;     -- Input Ports                                          ; 9                    ; 8                                  ; 5                              ;
;     -- Output Ports                                         ; 45                   ; 36                                 ; 37                             ;
;     -- Bidir Ports                                          ; 17                   ; 16                                 ; 0                              ;
;                                                             ;                      ;                                    ;                                ;
; Registered Ports                                            ;                      ;                                    ;                                ;
;     -- Registered Input Ports                               ; 0                    ; 0                                  ; 0                              ;
;     -- Registered Output Ports                              ; 0                    ; 0                                  ; 0                              ;
;                                                             ;                      ;                                    ;                                ;
; Port Connectivity                                           ;                      ;                                    ;                                ;
;     -- Input Ports driven by GND                            ; 0                    ; 0                                  ; 0                              ;
;     -- Output Ports driven by GND                           ; 0                    ; 0                                  ; 0                              ;
;     -- Input Ports driven by VCC                            ; 0                    ; 0                                  ; 0                              ;
;     -- Output Ports driven by VCC                           ; 0                    ; 0                                  ; 0                              ;
;     -- Input Ports with no Source                           ; 0                    ; 0                                  ; 0                              ;
;     -- Output Ports with no Source                          ; 0                    ; 0                                  ; 0                              ;
;     -- Input Ports with no Fanout                           ; 0                    ; 0                                  ; 0                              ;
;     -- Output Ports with no Fanout                          ; 0                    ; 1                                  ; 0                              ;
+-------------------------------------------------------------+----------------------+------------------------------------+--------------------------------+


+-------------------------------------------------------------------------------------------------------------------------------------------------------------------------------------------------------------------------------------------------------------------------------------------------------+
; Input Pins                                                                                                                                                                                                                                                                                            ;
+---------------------+-------+----------+--------------+--------------+--------------+-----------------------+--------------------+--------+----------------+-----------------+----------+--------------+-----------------+-------------+---------------------------+----------------------+-----------+
; Name                ; Pin # ; I/O Bank ; X coordinate ; Y coordinate ; Z coordinate ; Combinational Fan-Out ; Registered Fan-Out ; Global ; Input Register ; PCI I/O Enabled ; Bus Hold ; Weak Pull Up ; I/O Standard    ; Termination ; Termination Control Block ; Location assigned by ; Slew Rate ;
+---------------------+-------+----------+--------------+--------------+--------------+-----------------------+--------------------+--------+----------------+-----------------+----------+--------------+-----------------+-------------+---------------------------+----------------------+-----------+
; CLOCK_50            ; AB22  ; 5A       ; 89           ; 9            ; 3            ; 0                     ; 0                  ; no     ; no             ; no              ; no       ; Off          ; 2.5 V           ; Off         ; --                        ; Fitter               ; no        ;
; HPS_DDR3_RZQ        ; D27   ; 6A       ; 89           ; 80           ; 54           ; 1                     ; 0                  ; no     ; no             ; no              ; no       ; Off          ; SSTL-15 Class I ; Off         ; --                        ; Fitter               ; no        ;
; HPS_ENET_RX_CLK     ; G20   ; 7B       ; 68           ; 81           ; 4            ; 1                     ; 0                  ; no     ; no             ; no              ; no       ; Off          ; 2.5 V           ; Off         ; --                        ; User                 ; no        ;
; HPS_ENET_RX_DATA[0] ; A21   ; 7B       ; 69           ; 81           ; 7            ; 1                     ; 0                  ; no     ; no             ; no              ; no       ; Off          ; 2.5 V           ; Off         ; --                        ; User                 ; no        ;
; HPS_ENET_RX_DATA[1] ; B20   ; 7B       ; 68           ; 81           ; 10           ; 1                     ; 0                  ; no     ; no             ; no              ; no       ; Off          ; 2.5 V           ; Off         ; --                        ; User                 ; no        ;
; HPS_ENET_RX_DATA[2] ; B18   ; 7B       ; 66           ; 81           ; 1            ; 1                     ; 0                  ; no     ; no             ; no              ; no       ; Off          ; 2.5 V           ; Off         ; --                        ; User                 ; no        ;
; HPS_ENET_RX_DATA[3] ; D21   ; 7B       ; 66           ; 81           ; 7            ; 1                     ; 0                  ; no     ; no             ; no              ; no       ; Off          ; 2.5 V           ; Off         ; --                        ; User                 ; no        ;
; HPS_ENET_RX_DV      ; K17   ; 7B       ; 68           ; 81           ; 1            ; 1                     ; 0                  ; no     ; no             ; no              ; no       ; Off          ; 2.5 V           ; Off         ; --                        ; User                 ; no        ;
; HPS_UART_RX         ; B25   ; 7A       ; 79           ; 81           ; 7            ; 1                     ; 0                  ; no     ; no             ; no              ; no       ; Off          ; 2.5 V           ; Off         ; --                        ; User                 ; no        ;
+---------------------+-------+----------+--------------+--------------+--------------+-----------------------+--------------------+--------+----------------+-----------------+----------+--------------+-----------------+-------------+---------------------------+----------------------+-----------+


+----------------------------------------------------------------------------------------------------------------------------------------------------------------------------------------------------------------------------------------------------------------------------------------------------------------------------------------------------------------------------------------------------------------------------------------------------------------------------------------------------------------------------------------------------------------------------------------------------------------------------------------------------------------+
; Output Pins                                                                                                                                                                                                                                                                                                                                                                                                                                                                                                                                                                                                                                                    ;
+---------------------+-------+----------+--------------+--------------+--------------+-----------------+------------------------+-----------+-----------------+------------+---------------+----------+--------------+---------------------------------+------------------+-----------------------------------+--------------------------------------------------------------------------------------------------------------------------------------------------------------+----------------------------+-----------------------------+---------------------+-----------------------------+----------------------+----------------------+---------------------+
; Name                ; Pin # ; I/O Bank ; X coordinate ; Y coordinate ; Z coordinate ; Output Register ; Output Enable Register ; Slew Rate ; PCI I/O Enabled ; Open Drain ; TRI Primitive ; Bus Hold ; Weak Pull Up ; I/O Standard                    ; Current Strength ; Termination                       ; Termination Control Block                                                                                                                                    ; Output Buffer Pre-emphasis ; Voltage Output Differential ; Output Buffer Delay ; Output Buffer Delay Control ; Location assigned by ; Output Enable Source ; Output Enable Group ;
+---------------------+-------+----------+--------------+--------------+--------------+-----------------+------------------------+-----------+-----------------+------------+---------------+----------+--------------+---------------------------------+------------------+-----------------------------------+--------------------------------------------------------------------------------------------------------------------------------------------------------------+----------------------------+-----------------------------+---------------------+-----------------------------+----------------------+----------------------+---------------------+
; HPS_DDR3_ADDR[0]    ; F26   ; 6A       ; 89           ; 71           ; 77           ; yes             ; no                     ; 1         ; no              ; no         ; no            ; no       ; Off          ; SSTL-15 Class I                 ; 12mA             ; Off                               ; --                                                                                                                                                           ; no                         ; no                          ; 0                   ; Off                         ; Fitter               ; -                    ; -                   ;
; HPS_DDR3_ADDR[10]   ; D29   ; 6A       ; 89           ; 78           ; 37           ; yes             ; no                     ; 1         ; no              ; no         ; no            ; no       ; Off          ; SSTL-15 Class I                 ; 12mA             ; Off                               ; --                                                                                                                                                           ; no                         ; no                          ; 0                   ; Off                         ; Fitter               ; -                    ; -                   ;
; HPS_DDR3_ADDR[11]   ; C30   ; 6A       ; 89           ; 78           ; 54           ; yes             ; no                     ; 1         ; no              ; no         ; no            ; no       ; Off          ; SSTL-15 Class I                 ; 12mA             ; Off                               ; --                                                                                                                                                           ; no                         ; no                          ; 0                   ; Off                         ; Fitter               ; -                    ; -                   ;
; HPS_DDR3_ADDR[12]   ; B30   ; 6A       ; 89           ; 79           ; 37           ; yes             ; no                     ; 1         ; no              ; no         ; no            ; no       ; Off          ; SSTL-15 Class I                 ; 12mA             ; Off                               ; --                                                                                                                                                           ; no                         ; no                          ; 0                   ; Off                         ; Fitter               ; -                    ; -                   ;
; HPS_DDR3_ADDR[13]   ; C29   ; 6A       ; 89           ; 79           ; 54           ; yes             ; no                     ; 1         ; no              ; no         ; no            ; no       ; Off          ; SSTL-15 Class I                 ; 12mA             ; Off                               ; --                                                                                                                                                           ; no                         ; no                          ; 0                   ; Off                         ; Fitter               ; -                    ; -                   ;
; HPS_DDR3_ADDR[1]    ; G30   ; 6A       ; 89           ; 71           ; 94           ; yes             ; no                     ; 1         ; no              ; no         ; no            ; no       ; Off          ; SSTL-15 Class I                 ; 12mA             ; Off                               ; --                                                                                                                                                           ; no                         ; no                          ; 0                   ; Off                         ; Fitter               ; -                    ; -                   ;
; HPS_DDR3_ADDR[2]    ; F28   ; 6A       ; 89           ; 72           ; 37           ; yes             ; no                     ; 1         ; no              ; no         ; no            ; no       ; Off          ; SSTL-15 Class I                 ; 12mA             ; Off                               ; --                                                                                                                                                           ; no                         ; no                          ; 0                   ; Off                         ; Fitter               ; -                    ; -                   ;
; HPS_DDR3_ADDR[3]    ; F30   ; 6A       ; 89           ; 72           ; 54           ; yes             ; no                     ; 1         ; no              ; no         ; no            ; no       ; Off          ; SSTL-15 Class I                 ; 12mA             ; Off                               ; --                                                                                                                                                           ; no                         ; no                          ; 0                   ; Off                         ; Fitter               ; -                    ; -                   ;
; HPS_DDR3_ADDR[4]    ; J25   ; 6A       ; 89           ; 72           ; 3            ; yes             ; no                     ; 1         ; no              ; no         ; no            ; no       ; Off          ; SSTL-15 Class I                 ; 12mA             ; Off                               ; --                                                                                                                                                           ; no                         ; no                          ; 0                   ; Off                         ; Fitter               ; -                    ; -                   ;
; HPS_DDR3_ADDR[5]    ; J27   ; 6A       ; 89           ; 72           ; 20           ; yes             ; no                     ; 1         ; no              ; no         ; no            ; no       ; Off          ; SSTL-15 Class I                 ; 12mA             ; Off                               ; --                                                                                                                                                           ; no                         ; no                          ; 0                   ; Off                         ; Fitter               ; -                    ; -                   ;
; HPS_DDR3_ADDR[6]    ; F29   ; 6A       ; 89           ; 73           ; 37           ; yes             ; no                     ; 1         ; no              ; no         ; no            ; no       ; Off          ; SSTL-15 Class I                 ; 12mA             ; Off                               ; --                                                                                                                                                           ; no                         ; no                          ; 0                   ; Off                         ; Fitter               ; -                    ; -                   ;
; HPS_DDR3_ADDR[7]    ; E28   ; 6A       ; 89           ; 73           ; 54           ; yes             ; no                     ; 1         ; no              ; no         ; no            ; no       ; Off          ; SSTL-15 Class I                 ; 12mA             ; Off                               ; --                                                                                                                                                           ; no                         ; no                          ; 0                   ; Off                         ; Fitter               ; -                    ; -                   ;
; HPS_DDR3_ADDR[8]    ; H27   ; 6A       ; 89           ; 78           ; 3            ; yes             ; no                     ; 1         ; no              ; no         ; no            ; no       ; Off          ; SSTL-15 Class I                 ; 12mA             ; Off                               ; --                                                                                                                                                           ; no                         ; no                          ; 0                   ; Off                         ; Fitter               ; -                    ; -                   ;
; HPS_DDR3_ADDR[9]    ; G26   ; 6A       ; 89           ; 78           ; 20           ; yes             ; no                     ; 1         ; no              ; no         ; no            ; no       ; Off          ; SSTL-15 Class I                 ; 12mA             ; Off                               ; --                                                                                                                                                           ; no                         ; no                          ; 0                   ; Off                         ; Fitter               ; -                    ; -                   ;
; HPS_DDR3_BA[0]      ; E29   ; 6A       ; 89           ; 74           ; 37           ; yes             ; no                     ; 1         ; no              ; no         ; no            ; no       ; Off          ; SSTL-15 Class I                 ; 12mA             ; Off                               ; --                                                                                                                                                           ; no                         ; no                          ; 0                   ; Off                         ; Fitter               ; -                    ; -                   ;
; HPS_DDR3_BA[1]      ; J24   ; 6A       ; 89           ; 74           ; 3            ; yes             ; no                     ; 1         ; no              ; no         ; no            ; no       ; Off          ; SSTL-15 Class I                 ; 12mA             ; Off                               ; --                                                                                                                                                           ; no                         ; no                          ; 0                   ; Off                         ; Fitter               ; -                    ; -                   ;
; HPS_DDR3_BA[2]      ; J23   ; 6A       ; 89           ; 74           ; 20           ; yes             ; no                     ; 1         ; no              ; no         ; no            ; no       ; Off          ; SSTL-15 Class I                 ; 12mA             ; Off                               ; --                                                                                                                                                           ; no                         ; no                          ; 0                   ; Off                         ; Fitter               ; -                    ; -                   ;
; HPS_DDR3_CAS_N      ; E27   ; 6A       ; 89           ; 77           ; 77           ; yes             ; no                     ; 1         ; no              ; no         ; no            ; no       ; Off          ; SSTL-15 Class I                 ; 12mA             ; Off                               ; --                                                                                                                                                           ; no                         ; no                          ; 0                   ; Off                         ; Fitter               ; -                    ; -                   ;
; HPS_DDR3_CKE        ; L29   ; 6A       ; 89           ; 57           ; 54           ; yes             ; no                     ; 1         ; no              ; no         ; no            ; no       ; Off          ; SSTL-15 Class I                 ; 12mA             ; Off                               ; --                                                                                                                                                           ; no                         ; no                          ; 0                   ; Off                         ; Fitter               ; -                    ; -                   ;
; HPS_DDR3_CK_N       ; L23   ; 6A       ; 89           ; 73           ; 20           ; yes             ; no                     ; 1         ; no              ; no         ; yes           ; no       ; Off          ; Differential 1.5-V SSTL Class I ; Default          ; Series 50 Ohm without Calibration ; --                                                                                                                                                           ; no                         ; no                          ; 0                   ; Off                         ; Fitter               ; -                    ; -                   ;
; HPS_DDR3_CK_P       ; M23   ; 6A       ; 89           ; 73           ; 3            ; yes             ; no                     ; 1         ; no              ; no         ; yes           ; no       ; Off          ; Differential 1.5-V SSTL Class I ; Default          ; Series 50 Ohm without Calibration ; --                                                                                                                                                           ; no                         ; no                          ; 0                   ; Off                         ; Fitter               ; -                    ; -                   ;
; HPS_DDR3_CS_N       ; H24   ; 6A       ; 89           ; 79           ; 3            ; yes             ; no                     ; 1         ; no              ; no         ; no            ; no       ; Off          ; SSTL-15 Class I                 ; 12mA             ; Off                               ; --                                                                                                                                                           ; no                         ; no                          ; 0                   ; Off                         ; Fitter               ; -                    ; -                   ;
; HPS_DDR3_DM         ; K28   ; 6A       ; 89           ; 63           ; 77           ; yes             ; no                     ; 1         ; no              ; no         ; yes           ; no       ; Off          ; SSTL-15 Class I                 ; Default          ; Series 50 Ohm with Calibration    ; unsaved:u0|unsaved_hps_1:hps_1|unsaved_hps_1_hps_io:hps_io|unsaved_hps_1_hps_io_border:border|hps_sdram:hps_sdram_inst|altera_mem_if_oct_cyclonev:oct|sd1a_0 ; no                         ; no                          ; 0                   ; Off                         ; Fitter               ; -                    ; -                   ;
; HPS_DDR3_ODT        ; H28   ; 6A       ; 89           ; 65           ; 37           ; yes             ; no                     ; 1         ; no              ; no         ; no            ; no       ; Off          ; SSTL-15 Class I                 ; 12mA             ; Off                               ; --                                                                                                                                                           ; no                         ; no                          ; 0                   ; Off                         ; Fitter               ; -                    ; -                   ;
; HPS_DDR3_RAS_N      ; D30   ; 6A       ; 89           ; 77           ; 94           ; yes             ; no                     ; 1         ; no              ; no         ; no            ; no       ; Off          ; SSTL-15 Class I                 ; 12mA             ; Off                               ; --                                                                                                                                                           ; no                         ; no                          ; 0                   ; Off                         ; Fitter               ; -                    ; -                   ;
; HPS_DDR3_RESET_N    ; P30   ; 6B       ; 89           ; 51           ; 37           ; yes             ; no                     ; 1         ; no              ; no         ; no            ; no       ; Off          ; SSTL-15 Class I                 ; 12mA             ; Off                               ; --                                                                                                                                                           ; no                         ; no                          ; 0                   ; Off                         ; Fitter               ; -                    ; -                   ;
; HPS_DDR3_WE_N       ; C28   ; 6A       ; 89           ; 80           ; 37           ; yes             ; no                     ; 1         ; no              ; no         ; no            ; no       ; Off          ; SSTL-15 Class I                 ; 12mA             ; Off                               ; --                                                                                                                                                           ; no                         ; no                          ; 0                   ; Off                         ; Fitter               ; -                    ; -                   ;
; HPS_ENET_MDC        ; B21   ; 7B       ; 69           ; 81           ; 10           ; no              ; no                     ; 1         ; no              ; no         ; no            ; no       ; Off          ; 2.5 V                           ; Default          ; Series 50 Ohm without Calibration ; --                                                                                                                                                           ; no                         ; no                          ; 0                   ; Off                         ; User                 ; -                    ; -                   ;
; HPS_ENET_TX_CLK     ; E8    ; 8A       ; 18           ; 81           ; 74           ; no              ; no                     ; 1         ; no              ; no         ; no            ; no       ; Off          ; 2.5 V                           ; Default          ; Series 50 Ohm without Calibration ; --                                                                                                                                                           ; no                         ; no                          ; 0                   ; Off                         ; Fitter               ; -                    ; -                   ;
; HPS_ENET_TX_DATA[0] ; F20   ; 7B       ; 71           ; 81           ; 7            ; no              ; no                     ; 1         ; no              ; no         ; no            ; no       ; Off          ; 2.5 V                           ; Default          ; Series 50 Ohm without Calibration ; --                                                                                                                                                           ; no                         ; no                          ; 0                   ; Off                         ; User                 ; -                    ; -                   ;
; HPS_ENET_TX_DATA[1] ; J19   ; 7B       ; 71           ; 81           ; 4            ; no              ; no                     ; 1         ; no              ; no         ; no            ; no       ; Off          ; 2.5 V                           ; Default          ; Series 50 Ohm without Calibration ; --                                                                                                                                                           ; no                         ; no                          ; 0                   ; Off                         ; User                 ; -                    ; -                   ;
; HPS_ENET_TX_DATA[2] ; F21   ; 7B       ; 71           ; 81           ; 10           ; no              ; no                     ; 1         ; no              ; no         ; no            ; no       ; Off          ; 2.5 V                           ; Default          ; Series 50 Ohm without Calibration ; --                                                                                                                                                           ; no                         ; no                          ; 0                   ; Off                         ; User                 ; -                    ; -                   ;
; HPS_ENET_TX_DATA[3] ; F19   ; 7B       ; 69           ; 81           ; 1            ; no              ; no                     ; 1         ; no              ; no         ; no            ; no       ; Off          ; 2.5 V                           ; Default          ; Series 50 Ohm without Calibration ; --                                                                                                                                                           ; no                         ; no                          ; 0                   ; Off                         ; User                 ; -                    ; -                   ;
; HPS_ENET_TX_EN      ; A20   ; 7B       ; 68           ; 81           ; 7            ; no              ; no                     ; 1         ; no              ; no         ; no            ; no       ; Off          ; 2.5 V                           ; Default          ; Series 50 Ohm without Calibration ; --                                                                                                                                                           ; no                         ; no                          ; 0                   ; Off                         ; User                 ; -                    ; -                   ;
; HPS_UART_TX         ; C25   ; 7A       ; 79           ; 81           ; 4            ; no              ; no                     ; 1         ; no              ; no         ; no            ; no       ; Off          ; 2.5 V                           ; Default          ; Series 50 Ohm without Calibration ; --                                                                                                                                                           ; no                         ; no                          ; 0                   ; Off                         ; User                 ; -                    ; -                   ;
; LEDR[0]             ; AG11  ; 3B       ; 18           ; 0            ; 57           ; no              ; no                     ; 1         ; no              ; no         ; no            ; no       ; Off          ; 2.5 V                           ; Default          ; Series 50 Ohm without Calibration ; --                                                                                                                                                           ; no                         ; no                          ; 0                   ; Off                         ; Fitter               ; -                    ; -                   ;
; LEDR[1]             ; AC14  ; 3B       ; 28           ; 0            ; 17           ; no              ; no                     ; 1         ; no              ; no         ; no            ; no       ; Off          ; 2.5 V                           ; Default          ; Series 50 Ohm without Calibration ; --                                                                                                                                                           ; no                         ; no                          ; 0                   ; Off                         ; Fitter               ; -                    ; -                   ;
; LEDR[2]             ; AF9   ; 3A       ; 8            ; 0            ; 34           ; no              ; no                     ; 1         ; no              ; no         ; no            ; no       ; Off          ; 2.5 V                           ; Default          ; Series 50 Ohm without Calibration ; --                                                                                                                                                           ; no                         ; no                          ; 0                   ; Off                         ; Fitter               ; -                    ; -                   ;
; LEDR[3]             ; AJ29  ; 5A       ; 89           ; 6            ; 37           ; no              ; no                     ; 1         ; no              ; no         ; no            ; no       ; Off          ; 2.5 V                           ; Default          ; Series 50 Ohm without Calibration ; --                                                                                                                                                           ; no                         ; no                          ; 0                   ; Off                         ; Fitter               ; -                    ; -                   ;
; LEDR[4]             ; AJ5   ; 3B       ; 24           ; 0            ; 34           ; no              ; no                     ; 1         ; no              ; no         ; no            ; no       ; Off          ; 2.5 V                           ; Default          ; Series 50 Ohm without Calibration ; --                                                                                                                                                           ; no                         ; no                          ; 0                   ; Off                         ; Fitter               ; -                    ; -                   ;
; LEDR[5]             ; Y27   ; 5B       ; 89           ; 25           ; 20           ; no              ; no                     ; 1         ; no              ; no         ; no            ; no       ; Off          ; 2.5 V                           ; Default          ; Series 50 Ohm without Calibration ; --                                                                                                                                                           ; no                         ; no                          ; 0                   ; Off                         ; Fitter               ; -                    ; -                   ;
; LEDR[6]             ; AA19  ; 4A       ; 72           ; 0            ; 17           ; no              ; no                     ; 1         ; no              ; no         ; no            ; no       ; Off          ; 2.5 V                           ; Default          ; Series 50 Ohm without Calibration ; --                                                                                                                                                           ; no                         ; no                          ; 0                   ; Off                         ; Fitter               ; -                    ; -                   ;
; LEDR[7]             ; D5    ; 8A       ; 20           ; 81           ; 34           ; no              ; no                     ; 1         ; no              ; no         ; no            ; no       ; Off          ; 2.5 V                           ; Default          ; Series 50 Ohm without Calibration ; --                                                                                                                                                           ; no                         ; no                          ; 0                   ; Off                         ; Fitter               ; -                    ; -                   ;
; LEDR[8]             ; G12   ; 8A       ; 10           ; 81           ; 40           ; no              ; no                     ; 1         ; no              ; no         ; no            ; no       ; Off          ; 2.5 V                           ; Default          ; Series 50 Ohm without Calibration ; --                                                                                                                                                           ; no                         ; no                          ; 0                   ; Off                         ; Fitter               ; -                    ; -                   ;
; LEDR[9]             ; H12   ; 8A       ; 20           ; 81           ; 17           ; no              ; no                     ; 1         ; no              ; no         ; no            ; no       ; Off          ; 2.5 V                           ; Default          ; Series 50 Ohm without Calibration ; --                                                                                                                                                           ; no                         ; no                          ; 0                   ; Off                         ; Fitter               ; -                    ; -                   ;
+---------------------+-------+----------+--------------+--------------+--------------+-----------------+------------------------+-----------+-----------------+------------+---------------+----------+--------------+---------------------------------+------------------+-----------------------------------+--------------------------------------------------------------------------------------------------------------------------------------------------------------+----------------------------+-----------------------------+---------------------+-----------------------------+----------------------+----------------------+---------------------+


+---------------------------------------------------------------------------------------------------------------------------------------------------------------------------------------------------------------------------------------------------------------------------------------------------------------------------------------------------------------------------------------------------------------------------------------------------------------------------------------------------------------------------------------------------------------------------------------------------------------------------------------------------------------------------------------------------------------------------------------------------------------------------------------------------------------------------------------------------------------------------------------------------------------------------------------------------------------------------------------------------------------------------------------------------------+
; Bidir Pins                                                                                                                                                                                                                                                                                                                                                                                                                                                                                                                                                                                                                                                                                                                                                                                                                                                                                                                                                                                                                                              ;
+----------------+-------+----------+--------------+--------------+--------------+-----------------------+--------------------+--------+----------------+-----------------+------------------------+-----------+-----------------+------------+----------+--------------+---------------------------------+------------------+----------------------------------+-----------------------------------+--------------------------------------------------------------------------------------------------------------------------------------------------------------+----------------------------+---------------------+-----------------------------+----------------------+----------------------+-------------------------------------------------------------------------------------------------------------------------------------------------------------------------------------------------------------------------------------------------------------------------------------------------------------------------------------------------------+
; Name           ; Pin # ; I/O Bank ; X coordinate ; Y coordinate ; Z coordinate ; Combinational Fan-Out ; Registered Fan-Out ; Global ; Input Register ; Output Register ; Output Enable Register ; Slew Rate ; PCI I/O Enabled ; Open Drain ; Bus Hold ; Weak Pull Up ; I/O Standard                    ; Current Strength ; Input Termination                ; Output Termination                ; Termination Control Block                                                                                                                                    ; Output Buffer Pre-emphasis ; Output Buffer Delay ; Output Buffer Delay Control ; Location assigned by ; Output Enable Source ; Output Enable Group                                                                                                                                                                                                                                                                                                                                   ;
+----------------+-------+----------+--------------+--------------+--------------+-----------------------+--------------------+--------+----------------+-----------------+------------------------+-----------+-----------------+------------+----------+--------------+---------------------------------+------------------+----------------------------------+-----------------------------------+--------------------------------------------------------------------------------------------------------------------------------------------------------------+----------------------------+---------------------+-----------------------------+----------------------+----------------------+-------------------------------------------------------------------------------------------------------------------------------------------------------------------------------------------------------------------------------------------------------------------------------------------------------------------------------------------------------+
; HPS_DDR3_DQS_N ; M19   ; 6A       ; 89           ; 65           ; 20           ; 0                     ; 0                  ; no     ; no             ; yes             ; yes                    ; 1         ; no              ; no         ; no       ; Off          ; Differential 1.5-V SSTL Class I ; Default          ; Parallel 50 Ohm with Calibration ; Series 50 Ohm with Calibration    ; unsaved:u0|unsaved_hps_1:hps_1|unsaved_hps_1_hps_io:hps_io|unsaved_hps_1_hps_io_border:border|hps_sdram:hps_sdram_inst|altera_mem_if_oct_cyclonev:oct|sd1a_0 ; no                         ; 0                   ; Off                         ; Fitter               ; 0 pF                 ; unsaved:u0|unsaved_hps_1:hps_1|unsaved_hps_1_hps_io:hps_io|unsaved_hps_1_hps_io_border:border|hps_sdram:hps_sdram_inst|hps_sdram_p0:p0|hps_sdram_p0_acv_hard_memphy:umemphy|hps_sdram_p0_acv_hard_io_pads:uio_pads|hps_sdram_p0_altdqdqs:dq_ddio[0].ubidir_dq_dqs|altdq_dqs2_acv_connect_to_hard_phy_cyclonev:altdq_dqs2_inst|diff_oe_bar             ;
; HPS_DDR3_DQS_P ; N18   ; 6A       ; 89           ; 65           ; 3            ; 17                    ; 0                  ; no     ; no             ; yes             ; yes                    ; 1         ; no              ; no         ; no       ; Off          ; Differential 1.5-V SSTL Class I ; Default          ; Parallel 50 Ohm with Calibration ; Series 50 Ohm with Calibration    ; unsaved:u0|unsaved_hps_1:hps_1|unsaved_hps_1_hps_io:hps_io|unsaved_hps_1_hps_io_border:border|hps_sdram:hps_sdram_inst|altera_mem_if_oct_cyclonev:oct|sd1a_0 ; no                         ; 0                   ; Off                         ; Fitter               ; 0 pF                 ; unsaved:u0|unsaved_hps_1:hps_1|unsaved_hps_1_hps_io:hps_io|unsaved_hps_1_hps_io_border:border|hps_sdram:hps_sdram_inst|hps_sdram_p0:p0|hps_sdram_p0_acv_hard_memphy:umemphy|hps_sdram_p0_acv_hard_io_pads:uio_pads|hps_sdram_p0_altdqdqs:dq_ddio[0].ubidir_dq_dqs|altdq_dqs2_acv_connect_to_hard_phy_cyclonev:altdq_dqs2_inst|diff_oe                 ;
; HPS_DDR3_DQ[0] ; K23   ; 6A       ; 89           ; 66           ; 20           ; 0                     ; 2                  ; no     ; yes            ; yes             ; yes                    ; 1         ; no              ; no         ; no       ; Off          ; SSTL-15 Class I                 ; Default          ; Parallel 50 Ohm with Calibration ; Series 50 Ohm with Calibration    ; unsaved:u0|unsaved_hps_1:hps_1|unsaved_hps_1_hps_io:hps_io|unsaved_hps_1_hps_io_border:border|hps_sdram:hps_sdram_inst|altera_mem_if_oct_cyclonev:oct|sd1a_0 ; no                         ; 0                   ; Off                         ; Fitter               ; 0 pF                 ; unsaved:u0|unsaved_hps_1:hps_1|unsaved_hps_1_hps_io:hps_io|unsaved_hps_1_hps_io_border:border|hps_sdram:hps_sdram_inst|hps_sdram_p0:p0|hps_sdram_p0_acv_hard_memphy:umemphy|hps_sdram_p0_acv_hard_io_pads:uio_pads|hps_sdram_p0_altdqdqs:dq_ddio[0].ubidir_dq_dqs|altdq_dqs2_acv_connect_to_hard_phy_cyclonev:altdq_dqs2_inst|pad_gen[0].delayed_oe_1 ;
; HPS_DDR3_DQ[1] ; K22   ; 6A       ; 89           ; 66           ; 3            ; 0                     ; 2                  ; no     ; yes            ; yes             ; yes                    ; 1         ; no              ; no         ; no       ; Off          ; SSTL-15 Class I                 ; Default          ; Parallel 50 Ohm with Calibration ; Series 50 Ohm with Calibration    ; unsaved:u0|unsaved_hps_1:hps_1|unsaved_hps_1_hps_io:hps_io|unsaved_hps_1_hps_io_border:border|hps_sdram:hps_sdram_inst|altera_mem_if_oct_cyclonev:oct|sd1a_0 ; no                         ; 0                   ; Off                         ; Fitter               ; 0 pF                 ; unsaved:u0|unsaved_hps_1:hps_1|unsaved_hps_1_hps_io:hps_io|unsaved_hps_1_hps_io_border:border|hps_sdram:hps_sdram_inst|hps_sdram_p0:p0|hps_sdram_p0_acv_hard_memphy:umemphy|hps_sdram_p0_acv_hard_io_pads:uio_pads|hps_sdram_p0_altdqdqs:dq_ddio[0].ubidir_dq_dqs|altdq_dqs2_acv_connect_to_hard_phy_cyclonev:altdq_dqs2_inst|pad_gen[1].delayed_oe_1 ;
; HPS_DDR3_DQ[2] ; H30   ; 6A       ; 89           ; 66           ; 37           ; 0                     ; 2                  ; no     ; yes            ; yes             ; yes                    ; 1         ; no              ; no         ; no       ; Off          ; SSTL-15 Class I                 ; Default          ; Parallel 50 Ohm with Calibration ; Series 50 Ohm with Calibration    ; unsaved:u0|unsaved_hps_1:hps_1|unsaved_hps_1_hps_io:hps_io|unsaved_hps_1_hps_io_border:border|hps_sdram:hps_sdram_inst|altera_mem_if_oct_cyclonev:oct|sd1a_0 ; no                         ; 0                   ; Off                         ; Fitter               ; 0 pF                 ; unsaved:u0|unsaved_hps_1:hps_1|unsaved_hps_1_hps_io:hps_io|unsaved_hps_1_hps_io_border:border|hps_sdram:hps_sdram_inst|hps_sdram_p0:p0|hps_sdram_p0_acv_hard_memphy:umemphy|hps_sdram_p0_acv_hard_io_pads:uio_pads|hps_sdram_p0_altdqdqs:dq_ddio[0].ubidir_dq_dqs|altdq_dqs2_acv_connect_to_hard_phy_cyclonev:altdq_dqs2_inst|pad_gen[2].delayed_oe_1 ;
; HPS_DDR3_DQ[3] ; G28   ; 6A       ; 89           ; 65           ; 54           ; 0                     ; 2                  ; no     ; yes            ; yes             ; yes                    ; 1         ; no              ; no         ; no       ; Off          ; SSTL-15 Class I                 ; Default          ; Parallel 50 Ohm with Calibration ; Series 50 Ohm with Calibration    ; unsaved:u0|unsaved_hps_1:hps_1|unsaved_hps_1_hps_io:hps_io|unsaved_hps_1_hps_io_border:border|hps_sdram:hps_sdram_inst|altera_mem_if_oct_cyclonev:oct|sd1a_0 ; no                         ; 0                   ; Off                         ; Fitter               ; 0 pF                 ; unsaved:u0|unsaved_hps_1:hps_1|unsaved_hps_1_hps_io:hps_io|unsaved_hps_1_hps_io_border:border|hps_sdram:hps_sdram_inst|hps_sdram_p0:p0|hps_sdram_p0_acv_hard_memphy:umemphy|hps_sdram_p0_acv_hard_io_pads:uio_pads|hps_sdram_p0_altdqdqs:dq_ddio[0].ubidir_dq_dqs|altdq_dqs2_acv_connect_to_hard_phy_cyclonev:altdq_dqs2_inst|pad_gen[3].delayed_oe_1 ;
; HPS_DDR3_DQ[4] ; L25   ; 6A       ; 89           ; 64           ; 20           ; 0                     ; 2                  ; no     ; yes            ; yes             ; yes                    ; 1         ; no              ; no         ; no       ; Off          ; SSTL-15 Class I                 ; Default          ; Parallel 50 Ohm with Calibration ; Series 50 Ohm with Calibration    ; unsaved:u0|unsaved_hps_1:hps_1|unsaved_hps_1_hps_io:hps_io|unsaved_hps_1_hps_io_border:border|hps_sdram:hps_sdram_inst|altera_mem_if_oct_cyclonev:oct|sd1a_0 ; no                         ; 0                   ; Off                         ; Fitter               ; 0 pF                 ; unsaved:u0|unsaved_hps_1:hps_1|unsaved_hps_1_hps_io:hps_io|unsaved_hps_1_hps_io_border:border|hps_sdram:hps_sdram_inst|hps_sdram_p0:p0|hps_sdram_p0_acv_hard_memphy:umemphy|hps_sdram_p0_acv_hard_io_pads:uio_pads|hps_sdram_p0_altdqdqs:dq_ddio[0].ubidir_dq_dqs|altdq_dqs2_acv_connect_to_hard_phy_cyclonev:altdq_dqs2_inst|pad_gen[4].delayed_oe_1 ;
; HPS_DDR3_DQ[5] ; L24   ; 6A       ; 89           ; 64           ; 3            ; 0                     ; 2                  ; no     ; yes            ; yes             ; yes                    ; 1         ; no              ; no         ; no       ; Off          ; SSTL-15 Class I                 ; Default          ; Parallel 50 Ohm with Calibration ; Series 50 Ohm with Calibration    ; unsaved:u0|unsaved_hps_1:hps_1|unsaved_hps_1_hps_io:hps_io|unsaved_hps_1_hps_io_border:border|hps_sdram:hps_sdram_inst|altera_mem_if_oct_cyclonev:oct|sd1a_0 ; no                         ; 0                   ; Off                         ; Fitter               ; 0 pF                 ; unsaved:u0|unsaved_hps_1:hps_1|unsaved_hps_1_hps_io:hps_io|unsaved_hps_1_hps_io_border:border|hps_sdram:hps_sdram_inst|hps_sdram_p0:p0|hps_sdram_p0_acv_hard_memphy:umemphy|hps_sdram_p0_acv_hard_io_pads:uio_pads|hps_sdram_p0_altdqdqs:dq_ddio[0].ubidir_dq_dqs|altdq_dqs2_acv_connect_to_hard_phy_cyclonev:altdq_dqs2_inst|pad_gen[5].delayed_oe_1 ;
; HPS_DDR3_DQ[6] ; J30   ; 6A       ; 89           ; 64           ; 37           ; 0                     ; 2                  ; no     ; yes            ; yes             ; yes                    ; 1         ; no              ; no         ; no       ; Off          ; SSTL-15 Class I                 ; Default          ; Parallel 50 Ohm with Calibration ; Series 50 Ohm with Calibration    ; unsaved:u0|unsaved_hps_1:hps_1|unsaved_hps_1_hps_io:hps_io|unsaved_hps_1_hps_io_border:border|hps_sdram:hps_sdram_inst|altera_mem_if_oct_cyclonev:oct|sd1a_0 ; no                         ; 0                   ; Off                         ; Fitter               ; 0 pF                 ; unsaved:u0|unsaved_hps_1:hps_1|unsaved_hps_1_hps_io:hps_io|unsaved_hps_1_hps_io_border:border|hps_sdram:hps_sdram_inst|hps_sdram_p0:p0|hps_sdram_p0_acv_hard_memphy:umemphy|hps_sdram_p0_acv_hard_io_pads:uio_pads|hps_sdram_p0_altdqdqs:dq_ddio[0].ubidir_dq_dqs|altdq_dqs2_acv_connect_to_hard_phy_cyclonev:altdq_dqs2_inst|pad_gen[6].delayed_oe_1 ;
; HPS_DDR3_DQ[7] ; J29   ; 6A       ; 89           ; 63           ; 94           ; 0                     ; 2                  ; no     ; yes            ; yes             ; yes                    ; 1         ; no              ; no         ; no       ; Off          ; SSTL-15 Class I                 ; Default          ; Parallel 50 Ohm with Calibration ; Series 50 Ohm with Calibration    ; unsaved:u0|unsaved_hps_1:hps_1|unsaved_hps_1_hps_io:hps_io|unsaved_hps_1_hps_io_border:border|hps_sdram:hps_sdram_inst|altera_mem_if_oct_cyclonev:oct|sd1a_0 ; no                         ; 0                   ; Off                         ; Fitter               ; 0 pF                 ; unsaved:u0|unsaved_hps_1:hps_1|unsaved_hps_1_hps_io:hps_io|unsaved_hps_1_hps_io_border:border|hps_sdram:hps_sdram_inst|hps_sdram_p0:p0|hps_sdram_p0_acv_hard_memphy:umemphy|hps_sdram_p0_acv_hard_io_pads:uio_pads|hps_sdram_p0_altdqdqs:dq_ddio[0].ubidir_dq_dqs|altdq_dqs2_acv_connect_to_hard_phy_cyclonev:altdq_dqs2_inst|pad_gen[7].delayed_oe_1 ;
; HPS_ENET_MDIO  ; E21   ; 7B       ; 69           ; 81           ; 4            ; 1                     ; 0                  ; no     ; no             ; no              ; no                     ; 1         ; no              ; no         ; no       ; Off          ; 2.5 V                           ; Default          ; Off                              ; Series 50 Ohm without Calibration ; --                                                                                                                                                           ; no                         ; 0                   ; Off                         ; User                 ; 0 pF                 ; unsaved:u0|unsaved_hps_1:hps_1|unsaved_hps_1_hps_io:hps_io|unsaved_hps_1_hps_io_border:border|intermediate[1] (inverted)                                                                                                                                                                                                                              ;
; HPS_SD_CLK     ; A16   ; 7C       ; 55           ; 81           ; 7            ; 0                     ; 0                  ; no     ; no             ; no              ; no                     ; 1         ; no              ; no         ; no       ; Off          ; 2.5 V                           ; Default          ; Off                              ; Series 50 Ohm without Calibration ; --                                                                                                                                                           ; no                         ; 0                   ; Off                         ; User                 ; 0 pF                 ; -                                                                                                                                                                                                                                                                                                                                                     ;
; HPS_SD_CMD     ; F18   ; 7C       ; 58           ; 81           ; 1            ; 1                     ; 0                  ; no     ; no             ; no              ; no                     ; 1         ; no              ; no         ; no       ; Off          ; 2.5 V                           ; Default          ; Off                              ; Series 50 Ohm without Calibration ; --                                                                                                                                                           ; no                         ; 0                   ; Off                         ; User                 ; 0 pF                 ; unsaved:u0|unsaved_hps_1:hps_1|unsaved_hps_1_hps_io:hps_io|unsaved_hps_1_hps_io_border:border|intermediate[3] (inverted)                                                                                                                                                                                                                              ;
; HPS_SD_DATA[0] ; G18   ; 7C       ; 58           ; 81           ; 4            ; 1                     ; 0                  ; no     ; no             ; no              ; no                     ; 1         ; no              ; no         ; no       ; Off          ; 2.5 V                           ; Default          ; Off                              ; Series 50 Ohm without Calibration ; --                                                                                                                                                           ; no                         ; 0                   ; Off                         ; User                 ; 0 pF                 ; unsaved:u0|unsaved_hps_1:hps_1|unsaved_hps_1_hps_io:hps_io|unsaved_hps_1_hps_io_border:border|intermediate[5] (inverted)                                                                                                                                                                                                                              ;
; HPS_SD_DATA[1] ; C17   ; 7C       ; 58           ; 81           ; 10           ; 1                     ; 0                  ; no     ; no             ; no              ; no                     ; 1         ; no              ; no         ; no       ; Off          ; 2.5 V                           ; Default          ; Off                              ; Series 50 Ohm without Calibration ; --                                                                                                                                                           ; no                         ; 0                   ; Off                         ; User                 ; 0 pF                 ; unsaved:u0|unsaved_hps_1:hps_1|unsaved_hps_1_hps_io:hps_io|unsaved_hps_1_hps_io_border:border|intermediate[7] (inverted)                                                                                                                                                                                                                              ;
; HPS_SD_DATA[2] ; D17   ; 7C       ; 55           ; 81           ; 4            ; 1                     ; 0                  ; no     ; no             ; no              ; no                     ; 1         ; no              ; no         ; no       ; Off          ; 2.5 V                           ; Default          ; Off                              ; Series 50 Ohm without Calibration ; --                                                                                                                                                           ; no                         ; 0                   ; Off                         ; User                 ; 0 pF                 ; unsaved:u0|unsaved_hps_1:hps_1|unsaved_hps_1_hps_io:hps_io|unsaved_hps_1_hps_io_border:border|intermediate[9] (inverted)                                                                                                                                                                                                                              ;
; HPS_SD_DATA[3] ; B16   ; 7C       ; 55           ; 81           ; 10           ; 1                     ; 0                  ; no     ; no             ; no              ; no                     ; 1         ; no              ; no         ; no       ; Off          ; 2.5 V                           ; Default          ; Off                              ; Series 50 Ohm without Calibration ; --                                                                                                                                                           ; no                         ; 0                   ; Off                         ; User                 ; 0 pF                 ; unsaved:u0|unsaved_hps_1:hps_1|unsaved_hps_1_hps_io:hps_io|unsaved_hps_1_hps_io_border:border|intermediate[11] (inverted)                                                                                                                                                                                                                             ;
+----------------+-------+----------+--------------+--------------+--------------+-----------------------+--------------------+--------+----------------+-----------------+------------------------+-----------+-----------------+------------+----------+--------------+---------------------------------+------------------+----------------------------------+-----------------------------------+--------------------------------------------------------------------------------------------------------------------------------------------------------------+----------------------------+---------------------+-----------------------------+----------------------+----------------------+-------------------------------------------------------------------------------------------------------------------------------------------------------------------------------------------------------------------------------------------------------------------------------------------------------------------------------------------------------+


+----------------------------------------------------------------------------+
; I/O Bank Usage                                                             ;
+----------+------------------+---------------+--------------+---------------+
; I/O Bank ; Usage            ; VCCIO Voltage ; VREF Voltage ; VCCPD Voltage ;
+----------+------------------+---------------+--------------+---------------+
; B2L      ; 0 / 0 ( -- )     ; --            ; --           ; --            ;
; B1L      ; 0 / 0 ( -- )     ; --            ; --           ; --            ;
; 3A       ; 1 / 32 ( 3 % )   ; 2.5V          ; --           ; 2.5V          ;
; 3B       ; 3 / 48 ( 6 % )   ; 2.5V          ; --           ; 2.5V          ;
; 4A       ; 1 / 80 ( 1 % )   ; 2.5V          ; --           ; 2.5V          ;
; 5A       ; 2 / 32 ( 6 % )   ; 2.5V          ; --           ; 2.5V          ;
; 5B       ; 1 / 16 ( 6 % )   ; 2.5V          ; --           ; 2.5V          ;
; 6B       ; 1 / 44 ( 2 % )   ; 1.5V          ; --           ; 2.5V          ;
; 6A       ; 36 / 56 ( 64 % ) ; 1.5V          ; 0.75V        ; 2.5V          ;
; 7A       ; 2 / 19 ( 11 % )  ; 2.5V          ; --           ; 2.5V          ;
; 7B       ; 13 / 22 ( 59 % ) ; 2.5V          ; --           ; 2.5V          ;
; 7C       ; 6 / 12 ( 50 % )  ; 2.5V          ; --           ; 2.5V          ;
; 7D       ; 0 / 14 ( 0 % )   ; 2.5V          ; --           ; 2.5V          ;
; 8A       ; 4 / 80 ( 5 % )   ; 2.5V          ; --           ; 2.5V          ;
+----------+------------------+---------------+--------------+---------------+


+------------------------------------------------------------------------------------------------------------------------------------------------------------------------------------------------------+
; All Package Pins                                                                                                                                                                                     ;
+----------+------------+----------------+---------------------------------+--------+---------------------------------+---------------------+--------------+-----------------+----------+--------------+
; Location ; Pad Number ; I/O Bank       ; Pin Name/Usage                  ; Dir.   ; I/O Standard                    ; Voltage             ; I/O Type     ; User Assignment ; Bus Hold ; Weak Pull Up ;
+----------+------------+----------------+---------------------------------+--------+---------------------------------+---------------------+--------------+-----------------+----------+--------------+
; A2       ;            ;                ; GND                             ; gnd    ;                                 ;                     ; --           ;                 ; --       ; --           ;
; A3       ; 493        ; 8A             ; RESERVED_INPUT_WITH_WEAK_PULLUP ;        ;                                 ;                     ; Column I/O   ;                 ; no       ; On           ;
; A4       ; 491        ; 8A             ; RESERVED_INPUT_WITH_WEAK_PULLUP ;        ;                                 ;                     ; Column I/O   ;                 ; no       ; On           ;
; A5       ; 489        ; 8A             ; RESERVED_INPUT_WITH_WEAK_PULLUP ;        ;                                 ;                     ; Column I/O   ;                 ; no       ; On           ;
; A6       ; 487        ; 8A             ; RESERVED_INPUT_WITH_WEAK_PULLUP ;        ;                                 ;                     ; Column I/O   ;                 ; no       ; On           ;
; A7       ;            ; 8A             ; VCCIO8A                         ; power  ;                                 ; 2.5V                ; --           ;                 ; --       ; --           ;
; A8       ; 473        ; 8A             ; RESERVED_INPUT_WITH_WEAK_PULLUP ;        ;                                 ;                     ; Column I/O   ;                 ; no       ; On           ;
; A9       ; 471        ; 8A             ; RESERVED_INPUT_WITH_WEAK_PULLUP ;        ;                                 ;                     ; Column I/O   ;                 ; no       ; On           ;
; A10      ; 465        ; 8A             ; RESERVED_INPUT_WITH_WEAK_PULLUP ;        ;                                 ;                     ; Column I/O   ;                 ; no       ; On           ;
; A11      ; 463        ; 8A             ; RESERVED_INPUT_WITH_WEAK_PULLUP ;        ;                                 ;                     ; Column I/O   ;                 ; no       ; On           ;
; A12      ;            ;                ; GND                             ; gnd    ;                                 ;                     ; --           ;                 ; --       ; --           ;
; A13      ; 461        ; 8A             ; RESERVED_INPUT_WITH_WEAK_PULLUP ;        ;                                 ;                     ; Column I/O   ;                 ; no       ; On           ;
; A14      ; 455        ; 7D             ; RESERVED_INPUT_WITH_WEAK_PULLUP ;        ;                                 ;                     ; Column I/O   ;                 ; no       ; On           ;
; A15      ; 447        ; 7D             ; RESERVED_INPUT_WITH_WEAK_PULLUP ;        ;                                 ;                     ; Column I/O   ;                 ; no       ; On           ;
; A16      ; 439        ; 7C             ; HPS_SD_CLK                      ; bidir  ; 2.5 V                           ;                     ; Column I/O   ; Y               ; no       ; Off          ;
; A17      ;            ;                ; GND                             ; gnd    ;                                 ;                     ; --           ;                 ; --       ; --           ;
; A18      ; 425        ; 7B             ; RESERVED_INPUT_WITH_WEAK_PULLUP ;        ;                                 ;                     ; Column I/O   ;                 ; no       ; On           ;
; A19      ; 423        ; 7B             ; RESERVED_INPUT_WITH_WEAK_PULLUP ;        ;                                 ;                     ; Column I/O   ;                 ; no       ; On           ;
; A20      ; 415        ; 7B             ; HPS_ENET_TX_EN                  ; output ; 2.5 V                           ;                     ; Column I/O   ; Y               ; no       ; Off          ;
; A21      ; 411        ; 7B             ; HPS_ENET_RX_DATA[0]             ; input  ; 2.5 V                           ;                     ; Column I/O   ; Y               ; no       ; Off          ;
; A22      ;            ;                ; GND                             ; gnd    ;                                 ;                     ; --           ;                 ; --       ; --           ;
; A23      ; 395        ; 7A             ; RESERVED_INPUT_WITH_WEAK_PULLUP ;        ;                                 ;                     ; Column I/O   ;                 ; no       ; On           ;
; A24      ; 391        ; 7A             ; RESERVED_INPUT_WITH_WEAK_PULLUP ;        ;                                 ;                     ; Column I/O   ;                 ; no       ; On           ;
; A25      ; 389        ; 7A             ; RESERVED_INPUT_WITH_WEAK_PULLUP ;        ;                                 ;                     ; Column I/O   ;                 ; no       ; On           ;
; A26      ; 382        ; 7A             ; ^GND                            ;        ;                                 ;                     ; --           ;                 ; --       ; --           ;
; A27      ;            ;                ; GND                             ; gnd    ;                                 ;                     ; --           ;                 ; --       ; --           ;
; A28      ; 380        ; 7A             ; ^HPS_TRST                       ;        ;                                 ;                     ; --           ;                 ; --       ; --           ;
; A29      ; 378        ; 7A             ; ^HPS_TMS                        ;        ;                                 ;                     ; --           ;                 ; --       ; --           ;
; AA1      ;            ;                ; GND                             ; gnd    ;                                 ;                     ; --           ;                 ; --       ; --           ;
; AA2      ;            ;                ; GND                             ; gnd    ;                                 ;                     ; --           ;                 ; --       ; --           ;
; AA3      ;            ;                ; GND                             ; gnd    ;                                 ;                     ; --           ;                 ; --       ; --           ;
; AA4      ;            ;                ; GND                             ; gnd    ;                                 ;                     ; --           ;                 ; --       ; --           ;
; AA5      ;            ; --             ; VCC                             ; power  ;                                 ; 1.1V                ; --           ;                 ; --       ; --           ;
; AA6      ;            ;                ; GND                             ; gnd    ;                                 ;                     ; --           ;                 ; --       ; --           ;
; AA7      ;            ;                ; DNU                             ;        ;                                 ;                     ; --           ;                 ; --       ; --           ;
; AA8      ;            ; --             ; VCCA_FPLL                       ; power  ;                                 ; 2.5V                ; --           ;                 ; --       ; --           ;
; AA9      ;            ;                ; GND                             ; gnd    ;                                 ;                     ; --           ;                 ; --       ; --           ;
; AA10     ;            ; 3A             ; VCCPD3A                         ; power  ;                                 ; 2.5V                ; --           ;                 ; --       ; --           ;
; AA11     ;            ;                ; GND                             ; gnd    ;                                 ;                     ; --           ;                 ; --       ; --           ;
; AA12     ; 74         ; 3A             ; RESERVED_INPUT_WITH_WEAK_PULLUP ;        ;                                 ;                     ; Column I/O   ;                 ; no       ; On           ;
; AA13     ; 90         ; 3B             ; RESERVED_INPUT_WITH_WEAK_PULLUP ;        ;                                 ;                     ; Column I/O   ;                 ; no       ; On           ;
; AA14     ; 122        ; 3B             ; RESERVED_INPUT_WITH_WEAK_PULLUP ;        ;                                 ;                     ; Column I/O   ;                 ; no       ; On           ;
; AA15     ; 120        ; 3B             ; RESERVED_INPUT_WITH_WEAK_PULLUP ;        ;                                 ;                     ; Column I/O   ;                 ; no       ; On           ;
; AA16     ; 146        ; 4A             ; RESERVED_INPUT_WITH_WEAK_PULLUP ;        ;                                 ;                     ; Column I/O   ;                 ; no       ; On           ;
; AA17     ;            ; 4A             ; VCCIO4A                         ; power  ;                                 ; 2.5V                ; --           ;                 ; --       ; --           ;
; AA18     ; 168        ; 4A             ; RESERVED_INPUT_WITH_WEAK_PULLUP ;        ;                                 ;                     ; Column I/O   ;                 ; no       ; On           ;
; AA19     ; 176        ; 4A             ; LEDR[6]                         ; output ; 2.5 V                           ;                     ; Column I/O   ; N               ; no       ; Off          ;
; AA20     ; 200        ; 4A             ; RESERVED_INPUT_WITH_WEAK_PULLUP ;        ;                                 ;                     ; Column I/O   ;                 ; no       ; On           ;
; AA21     ; 210        ; 4A             ; RESERVED_INPUT_WITH_WEAK_PULLUP ;        ;                                 ;                     ; Column I/O   ;                 ; no       ; On           ;
; AA22     ;            ;                ; GND                             ; gnd    ;                                 ;                     ; --           ;                 ; --       ; --           ;
; AA23     ;            ; --             ; VCCPGM                          ; power  ;                                 ; 1.8V/2.5V/3.0V/3.3V ; --           ;                 ; --       ; --           ;
; AA24     ; 228        ; 5A             ; RESERVED_INPUT_WITH_WEAK_PULLUP ;        ;                                 ;                     ; Row I/O      ;                 ; no       ; On           ;
; AA25     ; 224        ; 5A             ; RESERVED_INPUT_WITH_WEAK_PULLUP ;        ;                                 ;                     ; Row I/O      ;                 ; no       ; On           ;
; AA26     ; 252        ; 5B             ; RESERVED_INPUT_WITH_WEAK_PULLUP ;        ;                                 ;                     ; Row I/O      ;                 ; no       ; On           ;
; AA27     ;            ; 5B             ; VCCIO5B                         ; power  ;                                 ; 2.5V                ; --           ;                 ; --       ; --           ;
; AA28     ; 251        ; 5B             ; RESERVED_INPUT_WITH_WEAK_PULLUP ;        ;                                 ;                     ; Row I/O      ;                 ; no       ; On           ;
; AA29     ;            ; 5B             ; VREFB5BN0                       ; power  ;                                 ;                     ; --           ;                 ; --       ; --           ;
; AA30     ; 250        ; 5B             ; RESERVED_INPUT_WITH_WEAK_PULLUP ;        ;                                 ;                     ; Row I/O      ;                 ; no       ; On           ;
; AB1      ;            ;                ; GND                             ; gnd    ;                                 ;                     ; --           ;                 ; --       ; --           ;
; AB2      ;            ;                ; GND                             ; gnd    ;                                 ;                     ; --           ;                 ; --       ; --           ;
; AB3      ;            ;                ; DNU                             ;        ;                                 ;                     ; --           ;                 ; --       ; --           ;
; AB4      ;            ;                ; DNU                             ;        ;                                 ;                     ; --           ;                 ; --       ; --           ;
; AB5      ;            ;                ; GND                             ; gnd    ;                                 ;                     ; --           ;                 ; --       ; --           ;
; AB6      ;            ; --             ; VCCA_FPLL                       ; power  ;                                 ; 2.5V                ; --           ;                 ; --       ; --           ;
; AB7      ;            ;                ; GND                             ; gnd    ;                                 ;                     ; --           ;                 ; --       ; --           ;
; AB8      ; 43         ; 3A             ; ^nCSO, DATA4                    ;        ;                                 ;                     ; Weak Pull Up ;                 ; --       ; On           ;
; AB9      ; 42         ; 3A             ; #TDO                            ; output ;                                 ;                     ; --           ;                 ; --       ; --           ;
; AB10     ;            ; --             ; VCCPGM                          ; power  ;                                 ; 1.8V/2.5V/3.0V/3.3V ; --           ;                 ; --       ; --           ;
; AB11     ;            ; --             ; VCC_AUX                         ; power  ;                                 ; 2.5V                ; --           ;                 ; --       ; --           ;
; AB12     ; 72         ; 3A             ; RESERVED_INPUT_WITH_WEAK_PULLUP ;        ;                                 ;                     ; Column I/O   ;                 ; no       ; On           ;
; AB13     ; 88         ; 3B             ; RESERVED_INPUT_WITH_WEAK_PULLUP ;        ;                                 ;                     ; Column I/O   ;                 ; no       ; On           ;
; AB14     ;            ; 3B             ; VCCIO3B                         ; power  ;                                 ; 2.5V                ; --           ;                 ; --       ; --           ;
; AB15     ; 106        ; 3B             ; RESERVED_INPUT_WITH_WEAK_PULLUP ;        ;                                 ;                     ; Column I/O   ;                 ; no       ; On           ;
; AB16     ;            ; --             ; VCC_AUX                         ; power  ;                                 ; 2.5V                ; --           ;                 ; --       ; --           ;
; AB17     ; 144        ; 4A             ; RESERVED_INPUT_WITH_WEAK_PULLUP ;        ;                                 ;                     ; Column I/O   ;                 ; no       ; On           ;
; AB18     ;            ; 3B, 4A         ; VCCPD3B4A                       ; power  ;                                 ; 2.5V                ; --           ;                 ; --       ; --           ;
; AB19     ;            ;                ; GND                             ; gnd    ;                                 ;                     ; --           ;                 ; --       ; --           ;
; AB20     ;            ; 3B, 4A         ; VCCPD3B4A                       ; power  ;                                 ; 2.5V                ; --           ;                 ; --       ; --           ;
; AB21     ; 208        ; 4A             ; RESERVED_INPUT_WITH_WEAK_PULLUP ;        ;                                 ;                     ; Column I/O   ;                 ; no       ; On           ;
; AB22     ; 225        ; 5A             ; CLOCK_50                        ; input  ; 2.5 V                           ;                     ; Row I/O      ; N               ; no       ; Off          ;
; AB23     ; 227        ; 5A             ; RESERVED_INPUT_WITH_WEAK_PULLUP ;        ;                                 ;                     ; Row I/O      ;                 ; no       ; On           ;
; AB24     ;            ; 5A             ; VCCIO5A                         ; power  ;                                 ; 2.5V                ; --           ;                 ; --       ; --           ;
; AB25     ; 230        ; 5A             ; RESERVED_INPUT_WITH_WEAK_PULLUP ;        ;                                 ;                     ; Row I/O      ;                 ; no       ; On           ;
; AB26     ; 226        ; 5A             ; RESERVED_INPUT_WITH_WEAK_PULLUP ;        ;                                 ;                     ; Row I/O      ;                 ; no       ; On           ;
; AB27     ; 254        ; 5B             ; RESERVED_INPUT_WITH_WEAK_PULLUP ;        ;                                 ;                     ; Row I/O      ;                 ; no       ; On           ;
; AB28     ; 249        ; 5B             ; RESERVED_INPUT_WITH_WEAK_PULLUP ;        ;                                 ;                     ; Row I/O      ;                 ; no       ; On           ;
; AB29     ;            ;                ; GND                             ; gnd    ;                                 ;                     ; --           ;                 ; --       ; --           ;
; AB30     ; 248        ; 5B             ; RESERVED_INPUT_WITH_WEAK_PULLUP ;        ;                                 ;                     ; Row I/O      ;                 ; no       ; On           ;
; AC1      ;            ;                ; GND                             ; gnd    ;                                 ;                     ; --           ;                 ; --       ; --           ;
; AC2      ;            ;                ; GND                             ; gnd    ;                                 ;                     ; --           ;                 ; --       ; --           ;
; AC3      ;            ;                ; GND                             ; gnd    ;                                 ;                     ; --           ;                 ; --       ; --           ;
; AC4      ;            ;                ; GND                             ; gnd    ;                                 ;                     ; --           ;                 ; --       ; --           ;
; AC5      ; 46         ; 3A             ; #TCK                            ; input  ;                                 ;                     ; --           ;                 ; --       ; --           ;
; AC6      ;            ;                ; GND                             ; gnd    ;                                 ;                     ; --           ;                 ; --       ; --           ;
; AC7      ; 45         ; 3A             ; ^AS_DATA3, DATA3                ;        ;                                 ;                     ; Weak Pull Up ;                 ; --       ; On           ;
; AC8      ;            ;                ; GND                             ; gnd    ;                                 ;                     ; --           ;                 ; --       ; --           ;
; AC9      ; 58         ; 3A             ; RESERVED_INPUT_WITH_WEAK_PULLUP ;        ;                                 ;                     ; Column I/O   ;                 ; no       ; On           ;
; AC10     ;            ; 3A             ; VCCPD3A                         ; power  ;                                 ; 2.5V                ; --           ;                 ; --       ; --           ;
; AC11     ;            ; 3A             ; VCCIO3A                         ; power  ;                                 ; 2.5V                ; --           ;                 ; --       ; --           ;
; AC12     ; 82         ; 3A             ; RESERVED_INPUT_WITH_WEAK_PULLUP ;        ;                                 ;                     ; Column I/O   ;                 ; no       ; On           ;
; AC13     ;            ; 3B, 4A         ; VCCPD3B4A                       ; power  ;                                 ; 2.5V                ; --           ;                 ; --       ; --           ;
; AC14     ; 104        ; 3B             ; LEDR[1]                         ; output ; 2.5 V                           ;                     ; Column I/O   ; N               ; no       ; Off          ;
; AC15     ;            ; 3B, 4A         ; VCCPD3B4A                       ; power  ;                                 ; 2.5V                ; --           ;                 ; --       ; --           ;
; AC16     ;            ;                ; GND                             ; gnd    ;                                 ;                     ; --           ;                 ; --       ; --           ;
; AC17     ;            ; 3B, 4A         ; VCCPD3B4A                       ; power  ;                                 ; 2.5V                ; --           ;                 ; --       ; --           ;
; AC18     ; 162        ; 4A             ; RESERVED_INPUT_WITH_WEAK_PULLUP ;        ;                                 ;                     ; Column I/O   ;                 ; no       ; On           ;
; AC19     ;            ; 3B, 4A         ; VCCPD3B4A                       ; power  ;                                 ; 2.5V                ; --           ;                 ; --       ; --           ;
; AC20     ; 186        ; 4A             ; RESERVED_INPUT_WITH_WEAK_PULLUP ;        ;                                 ;                     ; Column I/O   ;                 ; no       ; On           ;
; AC21     ;            ; 4A             ; VCCIO4A                         ; power  ;                                 ; 2.5V                ; --           ;                 ; --       ; --           ;
; AC22     ; 207        ; 4A             ; RESERVED_INPUT_WITH_WEAK_PULLUP ;        ;                                 ;                     ; Column I/O   ;                 ; no       ; On           ;
; AC23     ; 205        ; 4A             ; RESERVED_INPUT_WITH_WEAK_PULLUP ;        ;                                 ;                     ; Column I/O   ;                 ; no       ; On           ;
; AC24     ;            ; 5A             ; VREFB5AN0                       ; power  ;                                 ;                     ; --           ;                 ; --       ; --           ;
; AC25     ; 215        ; 5A             ; RESERVED_INPUT_WITH_WEAK_PULLUP ;        ;                                 ;                     ; Row I/O      ;                 ; no       ; On           ;
; AC26     ;            ;                ; GND                             ; gnd    ;                                 ;                     ; --           ;                 ; --       ; --           ;
; AC27     ; 242        ; 5A             ; RESERVED_INPUT_WITH_WEAK_PULLUP ;        ;                                 ;                     ; Row I/O      ;                 ; no       ; On           ;
; AC28     ; 245        ; 5B             ; RESERVED_INPUT_WITH_WEAK_PULLUP ;        ;                                 ;                     ; Row I/O      ;                 ; no       ; On           ;
; AC29     ; 247        ; 5B             ; RESERVED_INPUT_WITH_WEAK_PULLUP ;        ;                                 ;                     ; Row I/O      ;                 ; no       ; On           ;
; AC30     ; 259        ; 5B             ; RESERVED_INPUT_WITH_WEAK_PULLUP ;        ;                                 ;                     ; Row I/O      ;                 ; no       ; On           ;
; AD1      ;            ;                ; GND                             ; gnd    ;                                 ;                     ; --           ;                 ; --       ; --           ;
; AD2      ;            ;                ; GND                             ; gnd    ;                                 ;                     ; --           ;                 ; --       ; --           ;
; AD3      ;            ;                ; DNU                             ;        ;                                 ;                     ; --           ;                 ; --       ; --           ;
; AD4      ;            ;                ; DNU                             ;        ;                                 ;                     ; --           ;                 ; --       ; --           ;
; AD5      ;            ;                ; GND                             ; gnd    ;                                 ;                     ; --           ;                 ; --       ; --           ;
; AD6      ;            ; 3A             ; VREFB3AN0                       ; power  ;                                 ;                     ; --           ;                 ; --       ; --           ;
; AD7      ; 62         ; 3A             ; RESERVED_INPUT_WITH_WEAK_PULLUP ;        ;                                 ;                     ; Column I/O   ;                 ; no       ; On           ;
; AD8      ;            ; 3A             ; VCCIO3A                         ; power  ;                                 ; 2.5V                ; --           ;                 ; --       ; --           ;
; AD9      ; 55         ; 3A             ; RESERVED_INPUT_WITH_WEAK_PULLUP ;        ;                                 ;                     ; Column I/O   ;                 ; no       ; On           ;
; AD10     ; 56         ; 3A             ; RESERVED_INPUT_WITH_WEAK_PULLUP ;        ;                                 ;                     ; Column I/O   ;                 ; no       ; On           ;
; AD11     ; 54         ; 3A             ; RESERVED_INPUT_WITH_WEAK_PULLUP ;        ;                                 ;                     ; Column I/O   ;                 ; no       ; On           ;
; AD12     ; 80         ; 3A             ; RESERVED_INPUT_WITH_WEAK_PULLUP ;        ;                                 ;                     ; Column I/O   ;                 ; no       ; On           ;
; AD13     ;            ; 3B             ; VCCIO3B                         ; power  ;                                 ; 2.5V                ; --           ;                 ; --       ; --           ;
; AD14     ; 98         ; 3B             ; RESERVED_INPUT_WITH_WEAK_PULLUP ;        ;                                 ;                     ; Column I/O   ;                 ; no       ; On           ;
; AD15     ;            ;                ; DNU                             ;        ;                                 ;                     ; --           ;                 ; --       ; --           ;
; AD16     ;            ; 3B, 4A         ; VCCPD3B4A                       ; power  ;                                 ; 2.5V                ; --           ;                 ; --       ; --           ;
; AD17     ; 160        ; 4A             ; RESERVED_INPUT_WITH_WEAK_PULLUP ;        ;                                 ;                     ; Column I/O   ;                 ; no       ; On           ;
; AD18     ;            ; 4A             ; VCCIO4A                         ; power  ;                                 ; 2.5V                ; --           ;                 ; --       ; --           ;
; AD19     ; 184        ; 4A             ; RESERVED_INPUT_WITH_WEAK_PULLUP ;        ;                                 ;                     ; Column I/O   ;                 ; no       ; On           ;
; AD20     ; 199        ; 4A             ; RESERVED_INPUT_WITH_WEAK_PULLUP ;        ;                                 ;                     ; Column I/O   ;                 ; no       ; On           ;
; AD21     ; 197        ; 4A             ; RESERVED_INPUT_WITH_WEAK_PULLUP ;        ;                                 ;                     ; Column I/O   ;                 ; no       ; On           ;
; AD22     ;            ; --             ; VCC_AUX                         ; power  ;                                 ; 2.5V                ; --           ;                 ; --       ; --           ;
; AD23     ;            ;                ; GND                             ; gnd    ;                                 ;                     ; --           ;                 ; --       ; --           ;
; AD24     ; 211        ; 4A             ; RESERVED_INPUT_WITH_WEAK_PULLUP ;        ;                                 ;                     ; Column I/O   ;                 ; no       ; On           ;
; AD25     ; 213        ; 5A             ; RESERVED_INPUT_WITH_WEAK_PULLUP ;        ;                                 ;                     ; Row I/O      ;                 ; no       ; On           ;
; AD26     ; 240        ; 5A             ; RESERVED_INPUT_WITH_WEAK_PULLUP ;        ;                                 ;                     ; Row I/O      ;                 ; no       ; On           ;
; AD27     ; 222        ; 5A             ; RESERVED_INPUT_WITH_WEAK_PULLUP ;        ;                                 ;                     ; Row I/O      ;                 ; no       ; On           ;
; AD28     ;            ; 5A             ; VCCIO5A                         ; power  ;                                 ; 2.5V                ; --           ;                 ; --       ; --           ;
; AD29     ; 255        ; 5B             ; RESERVED_INPUT_WITH_WEAK_PULLUP ;        ;                                 ;                     ; Row I/O      ;                 ; no       ; On           ;
; AD30     ; 257        ; 5B             ; RESERVED_INPUT_WITH_WEAK_PULLUP ;        ;                                 ;                     ; Row I/O      ;                 ; no       ; On           ;
; AE1      ;            ;                ; GND                             ; gnd    ;                                 ;                     ; --           ;                 ; --       ; --           ;
; AE2      ;            ;                ; GND                             ; gnd    ;                                 ;                     ; --           ;                 ; --       ; --           ;
; AE3      ;            ;                ; GND                             ; gnd    ;                                 ;                     ; --           ;                 ; --       ; --           ;
; AE4      ;            ;                ; GND                             ; gnd    ;                                 ;                     ; --           ;                 ; --       ; --           ;
; AE5      ; 49         ; 3A             ; ^AS_DATA1, DATA1                ;        ;                                 ;                     ; Weak Pull Up ;                 ; --       ; On           ;
; AE6      ; 51         ; 3A             ; ^AS_DATA0, ASDO, DATA0          ;        ;                                 ;                     ; Weak Pull Up ;                 ; --       ; On           ;
; AE7      ; 60         ; 3A             ; RESERVED_INPUT_WITH_WEAK_PULLUP ;        ;                                 ;                     ; Column I/O   ;                 ; no       ; On           ;
; AE8      ; 47         ; 3A             ; ^AS_DATA2, DATA2                ;        ;                                 ;                     ; Weak Pull Up ;                 ; --       ; On           ;
; AE9      ; 53         ; 3A             ; RESERVED_INPUT_WITH_WEAK_PULLUP ;        ;                                 ;                     ; Column I/O   ;                 ; no       ; On           ;
; AE10     ;            ;                ; GND                             ; gnd    ;                                 ;                     ; --           ;                 ; --       ; --           ;
; AE11     ; 59         ; 3A             ; RESERVED_INPUT_WITH_WEAK_PULLUP ;        ;                                 ;                     ; Column I/O   ;                 ; no       ; On           ;
; AE12     ; 52         ; 3A             ; RESERVED_INPUT_WITH_WEAK_PULLUP ;        ;                                 ;                     ; Column I/O   ;                 ; no       ; On           ;
; AE13     ; 95         ; 3B             ; RESERVED_INPUT_WITH_WEAK_PULLUP ;        ;                                 ;                     ; Column I/O   ;                 ; no       ; On           ;
; AE14     ; 96         ; 3B             ; RESERVED_INPUT_WITH_WEAK_PULLUP ;        ;                                 ;                     ; Column I/O   ;                 ; no       ; On           ;
; AE15     ;            ; 3B             ; VCCIO3B                         ; power  ;                                 ; 2.5V                ; --           ;                 ; --       ; --           ;
; AE16     ; 139        ; 4A             ; RESERVED_INPUT_WITH_WEAK_PULLUP ;        ;                                 ;                     ; Column I/O   ;                 ; no       ; On           ;
; AE17     ; 135        ; 4A             ; RESERVED_INPUT_WITH_WEAK_PULLUP ;        ;                                 ;                     ; Column I/O   ;                 ; no       ; On           ;
; AE18     ; 167        ; 4A             ; RESERVED_INPUT_WITH_WEAK_PULLUP ;        ;                                 ;                     ; Column I/O   ;                 ; no       ; On           ;
; AE19     ; 165        ; 4A             ; RESERVED_INPUT_WITH_WEAK_PULLUP ;        ;                                 ;                     ; Column I/O   ;                 ; no       ; On           ;
; AE20     ;            ;                ; GND                             ; gnd    ;                                 ;                     ; --           ;                 ; --       ; --           ;
; AE21     ;            ; 3B, 4A         ; VCCPD3B4A                       ; power  ;                                 ; 2.5V                ; --           ;                 ; --       ; --           ;
; AE22     ; 191        ; 4A             ; RESERVED_INPUT_WITH_WEAK_PULLUP ;        ;                                 ;                     ; Column I/O   ;                 ; no       ; On           ;
; AE23     ; 189        ; 4A             ; RESERVED_INPUT_WITH_WEAK_PULLUP ;        ;                                 ;                     ; Column I/O   ;                 ; no       ; On           ;
; AE24     ; 209        ; 4A             ; RESERVED_INPUT_WITH_WEAK_PULLUP ;        ;                                 ;                     ; Column I/O   ;                 ; no       ; On           ;
; AE25     ;            ; 4A             ; VCCIO4A                         ; power  ;                                 ; 2.5V                ; --           ;                 ; --       ; --           ;
; AE26     ; 220        ; 5A             ; RESERVED_INPUT_WITH_WEAK_PULLUP ;        ;                                 ;                     ; Row I/O      ;                 ; no       ; On           ;
; AE27     ; 229        ; 5A             ; RESERVED_INPUT_WITH_WEAK_PULLUP ;        ;                                 ;                     ; Row I/O      ;                 ; no       ; On           ;
; AE28     ; 231        ; 5A             ; RESERVED_INPUT_WITH_WEAK_PULLUP ;        ;                                 ;                     ; Row I/O      ;                 ; no       ; On           ;
; AE29     ; 253        ; 5B             ; RESERVED_INPUT_WITH_WEAK_PULLUP ;        ;                                 ;                     ; Row I/O      ;                 ; no       ; On           ;
; AE30     ;            ; 5B             ; VCCIO5B                         ; power  ;                                 ; 2.5V                ; --           ;                 ; --       ; --           ;
; AF1      ;            ;                ; GND                             ; gnd    ;                                 ;                     ; --           ;                 ; --       ; --           ;
; AF2      ;            ;                ; GND                             ; gnd    ;                                 ;                     ; --           ;                 ; --       ; --           ;
; AF3      ;            ;                ; GND                             ; gnd    ;                                 ;                     ; --           ;                 ; --       ; --           ;
; AF4      ; 66         ; 3A             ; RESERVED_INPUT_WITH_WEAK_PULLUP ;        ;                                 ;                     ; Column I/O   ;                 ; no       ; On           ;
; AF5      ; 64         ; 3A             ; RESERVED_INPUT_WITH_WEAK_PULLUP ;        ;                                 ;                     ; Column I/O   ;                 ; no       ; On           ;
; AF6      ; 75         ; 3A             ; RESERVED_INPUT_WITH_WEAK_PULLUP ;        ;                                 ;                     ; Column I/O   ;                 ; no       ; On           ;
; AF7      ;            ; 3A             ; VCCIO3A                         ; power  ;                                 ; 2.5V                ; --           ;                 ; --       ; --           ;
; AF8      ; 70         ; 3A             ; RESERVED_INPUT_WITH_WEAK_PULLUP ;        ;                                 ;                     ; Column I/O   ;                 ; no       ; On           ;
; AF9      ; 67         ; 3A             ; LEDR[2]                         ; output ; 2.5 V                           ;                     ; Column I/O   ; N               ; no       ; Off          ;
; AF10     ; 57         ; 3A             ; RESERVED_INPUT_WITH_WEAK_PULLUP ;        ;                                 ;                     ; Column I/O   ;                 ; no       ; On           ;
; AF11     ; 87         ; 3B             ; RESERVED_INPUT_WITH_WEAK_PULLUP ;        ;                                 ;                     ; Column I/O   ;                 ; no       ; On           ;
; AF12     ;            ;                ; GND                             ; gnd    ;                                 ;                     ; --           ;                 ; --       ; --           ;
; AF13     ; 93         ; 3B             ; RESERVED_INPUT_WITH_WEAK_PULLUP ;        ;                                 ;                     ; Column I/O   ;                 ; no       ; On           ;
; AF14     ; 114        ; 3B             ; RESERVED_INPUT_WITH_WEAK_PULLUP ;        ;                                 ;                     ; Column I/O   ;                 ; no       ; On           ;
; AF15     ; 112        ; 3B             ; RESERVED_INPUT_WITH_WEAK_PULLUP ;        ;                                 ;                     ; Column I/O   ;                 ; no       ; On           ;
; AF16     ; 137        ; 4A             ; RESERVED_INPUT_WITH_WEAK_PULLUP ;        ;                                 ;                     ; Column I/O   ;                 ; no       ; On           ;
; AF17     ;            ;                ; GND                             ; gnd    ;                                 ;                     ; --           ;                 ; --       ; --           ;
; AF18     ; 133        ; 4A             ; RESERVED_INPUT_WITH_WEAK_PULLUP ;        ;                                 ;                     ; Column I/O   ;                 ; no       ; On           ;
; AF19     ; 159        ; 4A             ; RESERVED_INPUT_WITH_WEAK_PULLUP ;        ;                                 ;                     ; Column I/O   ;                 ; no       ; On           ;
; AF20     ; 175        ; 4A             ; RESERVED_INPUT_WITH_WEAK_PULLUP ;        ;                                 ;                     ; Column I/O   ;                 ; no       ; On           ;
; AF21     ; 173        ; 4A             ; RESERVED_INPUT_WITH_WEAK_PULLUP ;        ;                                 ;                     ; Column I/O   ;                 ; no       ; On           ;
; AF22     ;            ; 4A             ; VCCIO4A                         ; power  ;                                 ; 2.5V                ; --           ;                 ; --       ; --           ;
; AF23     ; 183        ; 4A             ; RESERVED_INPUT_WITH_WEAK_PULLUP ;        ;                                 ;                     ; Column I/O   ;                 ; no       ; On           ;
; AF24     ; 181        ; 4A             ; RESERVED_INPUT_WITH_WEAK_PULLUP ;        ;                                 ;                     ; Column I/O   ;                 ; no       ; On           ;
; AF25     ; 206        ; 4A             ; RESERVED_INPUT_WITH_WEAK_PULLUP ;        ;                                 ;                     ; Column I/O   ;                 ; no       ; On           ;
; AF26     ; 204        ; 4A             ; RESERVED_INPUT_WITH_WEAK_PULLUP ;        ;                                 ;                     ; Column I/O   ;                 ; no       ; On           ;
; AF27     ;            ;                ; GND                             ; gnd    ;                                 ;                     ; --           ;                 ; --       ; --           ;
; AF28     ; 235        ; 5A             ; RESERVED_INPUT_WITH_WEAK_PULLUP ;        ;                                 ;                     ; Row I/O      ;                 ; no       ; On           ;
; AF29     ; 237        ; 5A             ; RESERVED_INPUT_WITH_WEAK_PULLUP ;        ;                                 ;                     ; Row I/O      ;                 ; no       ; On           ;
; AF30     ; 239        ; 5A             ; RESERVED_INPUT_WITH_WEAK_PULLUP ;        ;                                 ;                     ; Row I/O      ;                 ; no       ; On           ;
; AG1      ; 71         ; 3A             ; RESERVED_INPUT_WITH_WEAK_PULLUP ;        ;                                 ;                     ; Column I/O   ;                 ; no       ; On           ;
; AG2      ; 83         ; 3A             ; RESERVED_INPUT_WITH_WEAK_PULLUP ;        ;                                 ;                     ; Column I/O   ;                 ; no       ; On           ;
; AG3      ; 63         ; 3A             ; RESERVED_INPUT_WITH_WEAK_PULLUP ;        ;                                 ;                     ; Column I/O   ;                 ; no       ; On           ;
; AG4      ;            ; 3A             ; VCCIO3A                         ; power  ;                                 ; 2.5V                ; --           ;                 ; --       ; --           ;
; AG5      ; 78         ; 3A             ; RESERVED_INPUT_WITH_WEAK_PULLUP ;        ;                                 ;                     ; Column I/O   ;                 ; no       ; On           ;
; AG6      ; 73         ; 3A             ; RESERVED_INPUT_WITH_WEAK_PULLUP ;        ;                                 ;                     ; Column I/O   ;                 ; no       ; On           ;
; AG7      ; 68         ; 3A             ; RESERVED_INPUT_WITH_WEAK_PULLUP ;        ;                                 ;                     ; Column I/O   ;                 ; no       ; On           ;
; AG8      ; 65         ; 3A             ; RESERVED_INPUT_WITH_WEAK_PULLUP ;        ;                                 ;                     ; Column I/O   ;                 ; no       ; On           ;
; AG9      ;            ;                ; GND                             ; gnd    ;                                 ;                     ; --           ;                 ; --       ; --           ;
; AG10     ; 86         ; 3B             ; RESERVED_INPUT_WITH_WEAK_PULLUP ;        ;                                 ;                     ; Column I/O   ;                 ; no       ; On           ;
; AG11     ; 85         ; 3B             ; LEDR[0]                         ; output ; 2.5 V                           ;                     ; Column I/O   ; N               ; no       ; Off          ;
; AG12     ; 103        ; 3B             ; RESERVED_INPUT_WITH_WEAK_PULLUP ;        ;                                 ;                     ; Column I/O   ;                 ; no       ; On           ;
; AG13     ; 101        ; 3B             ; RESERVED_INPUT_WITH_WEAK_PULLUP ;        ;                                 ;                     ; Column I/O   ;                 ; no       ; On           ;
; AG14     ;            ;                ; GND                             ; gnd    ;                                 ;                     ; --           ;                 ; --       ; --           ;
; AG15     ; 127        ; 3B             ; RESERVED_INPUT_WITH_WEAK_PULLUP ;        ;                                 ;                     ; Column I/O   ;                 ; no       ; On           ;
; AG16     ; 134        ; 4A             ; RESERVED_INPUT_WITH_WEAK_PULLUP ;        ;                                 ;                     ; Column I/O   ;                 ; no       ; On           ;
; AG17     ; 132        ; 4A             ; RESERVED_INPUT_WITH_WEAK_PULLUP ;        ;                                 ;                     ; Column I/O   ;                 ; no       ; On           ;
; AG18     ; 150        ; 4A             ; RESERVED_INPUT_WITH_WEAK_PULLUP ;        ;                                 ;                     ; Column I/O   ;                 ; no       ; On           ;
; AG19     ;            ; 4A             ; VCCIO4A                         ; power  ;                                 ; 2.5V                ; --           ;                 ; --       ; --           ;
; AG20     ; 157        ; 4A             ; RESERVED_INPUT_WITH_WEAK_PULLUP ;        ;                                 ;                     ; Column I/O   ;                 ; no       ; On           ;
; AG21     ; 143        ; 4A             ; RESERVED_INPUT_WITH_WEAK_PULLUP ;        ;                                 ;                     ; Column I/O   ;                 ; no       ; On           ;
; AG22     ; 166        ; 4A             ; RESERVED_INPUT_WITH_WEAK_PULLUP ;        ;                                 ;                     ; Column I/O   ;                 ; no       ; On           ;
; AG23     ; 163        ; 4A             ; RESERVED_INPUT_WITH_WEAK_PULLUP ;        ;                                 ;                     ; Column I/O   ;                 ; no       ; On           ;
; AG24     ;            ;                ; GND                             ; gnd    ;                                 ;                     ; --           ;                 ; --       ; --           ;
; AG25     ; 190        ; 4A             ; RESERVED_INPUT_WITH_WEAK_PULLUP ;        ;                                 ;                     ; Column I/O   ;                 ; no       ; On           ;
; AG26     ; 203        ; 4A             ; RESERVED_INPUT_WITH_WEAK_PULLUP ;        ;                                 ;                     ; Column I/O   ;                 ; no       ; On           ;
; AG27     ; 212        ; 5A             ; RESERVED_INPUT_WITH_WEAK_PULLUP ;        ;                                 ;                     ; Row I/O      ;                 ; no       ; On           ;
; AG28     ; 233        ; 5A             ; RESERVED_INPUT_WITH_WEAK_PULLUP ;        ;                                 ;                     ; Row I/O      ;                 ; no       ; On           ;
; AG29     ;            ; 5A             ; VCCIO5A                         ; power  ;                                 ; 2.5V                ; --           ;                 ; --       ; --           ;
; AG30     ; 243        ; 5A             ; RESERVED_INPUT_WITH_WEAK_PULLUP ;        ;                                 ;                     ; Row I/O      ;                 ; no       ; On           ;
; AH1      ;            ;                ; GND                             ; gnd    ;                                 ;                     ; --           ;                 ; --       ; --           ;
; AH2      ; 69         ; 3A             ; RESERVED_INPUT_WITH_WEAK_PULLUP ;        ;                                 ;                     ; Column I/O   ;                 ; no       ; On           ;
; AH3      ; 81         ; 3A             ; RESERVED_INPUT_WITH_WEAK_PULLUP ;        ;                                 ;                     ; Column I/O   ;                 ; no       ; On           ;
; AH4      ; 61         ; 3A             ; RESERVED_INPUT_WITH_WEAK_PULLUP ;        ;                                 ;                     ; Column I/O   ;                 ; no       ; On           ;
; AH5      ; 76         ; 3A             ; RESERVED_INPUT_WITH_WEAK_PULLUP ;        ;                                 ;                     ; Column I/O   ;                 ; no       ; On           ;
; AH6      ;            ;                ; GND                             ; gnd    ;                                 ;                     ; --           ;                 ; --       ; --           ;
; AH7      ; 115        ; 3B             ; RESERVED_INPUT_WITH_WEAK_PULLUP ;        ;                                 ;                     ; Column I/O   ;                 ; no       ; On           ;
; AH8      ; 113        ; 3B             ; RESERVED_INPUT_WITH_WEAK_PULLUP ;        ;                                 ;                     ; Column I/O   ;                 ; no       ; On           ;
; AH9      ; 84         ; 3B             ; RESERVED_INPUT_WITH_WEAK_PULLUP ;        ;                                 ;                     ; Column I/O   ;                 ; no       ; On           ;
; AH10     ; 118        ; 3B             ; RESERVED_INPUT_WITH_WEAK_PULLUP ;        ;                                 ;                     ; Column I/O   ;                 ; no       ; On           ;
; AH11     ;            ;                ; GND                             ; gnd    ;                                 ;                     ; --           ;                 ; --       ; --           ;
; AH12     ; 126        ; 3B             ; RESERVED_INPUT_WITH_WEAK_PULLUP ;        ;                                 ;                     ; Column I/O   ;                 ; no       ; On           ;
; AH13     ; 111        ; 3B             ; RESERVED_INPUT_WITH_WEAK_PULLUP ;        ;                                 ;                     ; Column I/O   ;                 ; no       ; On           ;
; AH14     ; 109        ; 3B             ; RESERVED_INPUT_WITH_WEAK_PULLUP ;        ;                                 ;                     ; Column I/O   ;                 ; no       ; On           ;
; AH15     ; 125        ; 3B             ; RESERVED_INPUT_WITH_WEAK_PULLUP ;        ;                                 ;                     ; Column I/O   ;                 ; no       ; On           ;
; AH16     ;            ; 4A             ; VCCIO4A                         ; power  ;                                 ; 2.5V                ; --           ;                 ; --       ; --           ;
; AH17     ; 147        ; 4A             ; RESERVED_INPUT_WITH_WEAK_PULLUP ;        ;                                 ;                     ; Column I/O   ;                 ; no       ; On           ;
; AH18     ; 145        ; 4A             ; RESERVED_INPUT_WITH_WEAK_PULLUP ;        ;                                 ;                     ; Column I/O   ;                 ; no       ; On           ;
; AH19     ; 148        ; 4A             ; RESERVED_INPUT_WITH_WEAK_PULLUP ;        ;                                 ;                     ; Column I/O   ;                 ; no       ; On           ;
; AH20     ; 141        ; 4A             ; RESERVED_INPUT_WITH_WEAK_PULLUP ;        ;                                 ;                     ; Column I/O   ;                 ; no       ; On           ;
; AH21     ;            ;                ; GND                             ; gnd    ;                                 ;                     ; --           ;                 ; --       ; --           ;
; AH22     ; 164        ; 4A             ; RESERVED_INPUT_WITH_WEAK_PULLUP ;        ;                                 ;                     ; Column I/O   ;                 ; no       ; On           ;
; AH23     ; 174        ; 4A             ; RESERVED_INPUT_WITH_WEAK_PULLUP ;        ;                                 ;                     ; Column I/O   ;                 ; no       ; On           ;
; AH24     ; 161        ; 4A             ; RESERVED_INPUT_WITH_WEAK_PULLUP ;        ;                                 ;                     ; Column I/O   ;                 ; no       ; On           ;
; AH25     ; 188        ; 4A             ; RESERVED_INPUT_WITH_WEAK_PULLUP ;        ;                                 ;                     ; Column I/O   ;                 ; no       ; On           ;
; AH26     ;            ; 4A             ; VCCIO4A                         ; power  ;                                 ; 2.5V                ; --           ;                 ; --       ; --           ;
; AH27     ; 201        ; 4A             ; RESERVED_INPUT_WITH_WEAK_PULLUP ;        ;                                 ;                     ; Column I/O   ;                 ; no       ; On           ;
; AH28     ; 214        ; 5A             ; RESERVED_INPUT_WITH_WEAK_PULLUP ;        ;                                 ;                     ; Row I/O      ;                 ; no       ; On           ;
; AH29     ; 218        ; 5A             ; RESERVED_INPUT_WITH_WEAK_PULLUP ;        ;                                 ;                     ; Row I/O      ;                 ; no       ; On           ;
; AH30     ; 241        ; 5A             ; RESERVED_INPUT_WITH_WEAK_PULLUP ;        ;                                 ;                     ; Row I/O      ;                 ; no       ; On           ;
; AJ1      ; 79         ; 3A             ; RESERVED_INPUT_WITH_WEAK_PULLUP ;        ;                                 ;                     ; Column I/O   ;                 ; no       ; On           ;
; AJ2      ; 77         ; 3A             ; RESERVED_INPUT_WITH_WEAK_PULLUP ;        ;                                 ;                     ; Column I/O   ;                 ; no       ; On           ;
; AJ3      ;            ;                ; GND                             ; gnd    ;                                 ;                     ; --           ;                 ; --       ; --           ;
; AJ4      ; 94         ; 3B             ; RESERVED_INPUT_WITH_WEAK_PULLUP ;        ;                                 ;                     ; Column I/O   ;                 ; no       ; On           ;
; AJ5      ; 99         ; 3B             ; LEDR[4]                         ; output ; 2.5 V                           ;                     ; Column I/O   ; N               ; no       ; Off          ;
; AJ6      ; 102        ; 3B             ; RESERVED_INPUT_WITH_WEAK_PULLUP ;        ;                                 ;                     ; Column I/O   ;                 ; no       ; On           ;
; AJ7      ; 100        ; 3B             ; RESERVED_INPUT_WITH_WEAK_PULLUP ;        ;                                 ;                     ; Column I/O   ;                 ; no       ; On           ;
; AJ8      ;            ; 3B             ; VCCIO3B                         ; power  ;                                 ; 2.5V                ; --           ;                 ; --       ; --           ;
; AJ9      ; 110        ; 3B             ; RESERVED_INPUT_WITH_WEAK_PULLUP ;        ;                                 ;                     ; Column I/O   ;                 ; no       ; On           ;
; AJ10     ; 116        ; 3B             ; RESERVED_INPUT_WITH_WEAK_PULLUP ;        ;                                 ;                     ; Column I/O   ;                 ; no       ; On           ;
; AJ11     ; 119        ; 3B             ; RESERVED_INPUT_WITH_WEAK_PULLUP ;        ;                                 ;                     ; Column I/O   ;                 ; no       ; On           ;
; AJ12     ; 124        ; 3B             ; RESERVED_INPUT_WITH_WEAK_PULLUP ;        ;                                 ;                     ; Column I/O   ;                 ; no       ; On           ;
; AJ13     ;            ; 3B             ; VCCIO3B                         ; power  ;                                 ; 2.5V                ; --           ;                 ; --       ; --           ;
; AJ14     ; 131        ; 3B             ; RESERVED_INPUT_WITH_WEAK_PULLUP ;        ;                                 ;                     ; Column I/O   ;                 ; no       ; On           ;
; AJ15     ;            ; 3B             ; VREFB3BN0                       ; power  ;                                 ;                     ; --           ;                 ; --       ; --           ;
; AJ16     ; 142        ; 4A             ; RESERVED_INPUT_WITH_WEAK_PULLUP ;        ;                                 ;                     ; Column I/O   ;                 ; no       ; On           ;
; AJ17     ; 151        ; 4A             ; RESERVED_INPUT_WITH_WEAK_PULLUP ;        ;                                 ;                     ; Column I/O   ;                 ; no       ; On           ;
; AJ18     ;            ;                ; GND                             ; gnd    ;                                 ;                     ; --           ;                 ; --       ; --           ;
; AJ19     ; 155        ; 4A             ; RESERVED_INPUT_WITH_WEAK_PULLUP ;        ;                                 ;                     ; Column I/O   ;                 ; no       ; On           ;
; AJ20     ; 158        ; 4A             ; RESERVED_INPUT_WITH_WEAK_PULLUP ;        ;                                 ;                     ; Column I/O   ;                 ; no       ; On           ;
; AJ21     ; 156        ; 4A             ; RESERVED_INPUT_WITH_WEAK_PULLUP ;        ;                                 ;                     ; Column I/O   ;                 ; no       ; On           ;
; AJ22     ; 172        ; 4A             ; RESERVED_INPUT_WITH_WEAK_PULLUP ;        ;                                 ;                     ; Column I/O   ;                 ; no       ; On           ;
; AJ23     ;            ; 4A             ; VCCIO4A                         ; power  ;                                 ; 2.5V                ; --           ;                 ; --       ; --           ;
; AJ24     ; 182        ; 4A             ; RESERVED_INPUT_WITH_WEAK_PULLUP ;        ;                                 ;                     ; Column I/O   ;                 ; no       ; On           ;
; AJ25     ; 180        ; 4A             ; RESERVED_INPUT_WITH_WEAK_PULLUP ;        ;                                 ;                     ; Column I/O   ;                 ; no       ; On           ;
; AJ26     ; 187        ; 4A             ; RESERVED_INPUT_WITH_WEAK_PULLUP ;        ;                                 ;                     ; Column I/O   ;                 ; no       ; On           ;
; AJ27     ; 195        ; 4A             ; RESERVED_INPUT_WITH_WEAK_PULLUP ;        ;                                 ;                     ; Column I/O   ;                 ; no       ; On           ;
; AJ28     ;            ;                ; GND                             ; gnd    ;                                 ;                     ; --           ;                 ; --       ; --           ;
; AJ29     ; 216        ; 5A             ; LEDR[3]                         ; output ; 2.5 V                           ;                     ; Row I/O      ; N               ; no       ; Off          ;
; AJ30     ;            ;                ; GND                             ; gnd    ;                                 ;                     ; --           ;                 ; --       ; --           ;
; AK2      ; 91         ; 3B             ; RESERVED_INPUT_WITH_WEAK_PULLUP ;        ;                                 ;                     ; Column I/O   ;                 ; no       ; On           ;
; AK3      ; 89         ; 3B             ; RESERVED_INPUT_WITH_WEAK_PULLUP ;        ;                                 ;                     ; Column I/O   ;                 ; no       ; On           ;
; AK4      ; 92         ; 3B             ; RESERVED_INPUT_WITH_WEAK_PULLUP ;        ;                                 ;                     ; Column I/O   ;                 ; no       ; On           ;
; AK5      ;            ;                ; GND                             ; gnd    ;                                 ;                     ; --           ;                 ; --       ; --           ;
; AK6      ; 97         ; 3B             ; RESERVED_INPUT_WITH_WEAK_PULLUP ;        ;                                 ;                     ; Column I/O   ;                 ; no       ; On           ;
; AK7      ; 107        ; 3B             ; RESERVED_INPUT_WITH_WEAK_PULLUP ;        ;                                 ;                     ; Column I/O   ;                 ; no       ; On           ;
; AK8      ; 105        ; 3B             ; RESERVED_INPUT_WITH_WEAK_PULLUP ;        ;                                 ;                     ; Column I/O   ;                 ; no       ; On           ;
; AK9      ; 108        ; 3B             ; RESERVED_INPUT_WITH_WEAK_PULLUP ;        ;                                 ;                     ; Column I/O   ;                 ; no       ; On           ;
; AK10     ;            ; 3B             ; VCCIO3B                         ; power  ;                                 ; 2.5V                ; --           ;                 ; --       ; --           ;
; AK11     ; 117        ; 3B             ; RESERVED_INPUT_WITH_WEAK_PULLUP ;        ;                                 ;                     ; Column I/O   ;                 ; no       ; On           ;
; AK12     ; 123        ; 3B             ; RESERVED_INPUT_WITH_WEAK_PULLUP ;        ;                                 ;                     ; Column I/O   ;                 ; no       ; On           ;
; AK13     ; 121        ; 3B             ; RESERVED_INPUT_WITH_WEAK_PULLUP ;        ;                                 ;                     ; Column I/O   ;                 ; no       ; On           ;
; AK14     ; 129        ; 3B             ; RESERVED_INPUT_WITH_WEAK_PULLUP ;        ;                                 ;                     ; Column I/O   ;                 ; no       ; On           ;
; AK15     ;            ;                ; GND                             ; gnd    ;                                 ;                     ; --           ;                 ; --       ; --           ;
; AK16     ; 140        ; 4A             ; RESERVED_INPUT_WITH_WEAK_PULLUP ;        ;                                 ;                     ; Column I/O   ;                 ; no       ; On           ;
; AK17     ;            ; 4A             ; VREFB4AN0                       ; power  ;                                 ;                     ; --           ;                 ; --       ; --           ;
; AK18     ; 149        ; 4A             ; RESERVED_INPUT_WITH_WEAK_PULLUP ;        ;                                 ;                     ; Column I/O   ;                 ; no       ; On           ;
; AK19     ; 153        ; 4A             ; RESERVED_INPUT_WITH_WEAK_PULLUP ;        ;                                 ;                     ; Column I/O   ;                 ; no       ; On           ;
; AK20     ;            ; 4A             ; VCCIO4A                         ; power  ;                                 ; 2.5V                ; --           ;                 ; --       ; --           ;
; AK21     ; 171        ; 4A             ; RESERVED_INPUT_WITH_WEAK_PULLUP ;        ;                                 ;                     ; Column I/O   ;                 ; no       ; On           ;
; AK22     ; 169        ; 4A             ; RESERVED_INPUT_WITH_WEAK_PULLUP ;        ;                                 ;                     ; Column I/O   ;                 ; no       ; On           ;
; AK23     ; 179        ; 4A             ; RESERVED_INPUT_WITH_WEAK_PULLUP ;        ;                                 ;                     ; Column I/O   ;                 ; no       ; On           ;
; AK24     ; 177        ; 4A             ; RESERVED_INPUT_WITH_WEAK_PULLUP ;        ;                                 ;                     ; Column I/O   ;                 ; no       ; On           ;
; AK25     ;            ;                ; GND                             ; gnd    ;                                 ;                     ; --           ;                 ; --       ; --           ;
; AK26     ; 185        ; 4A             ; RESERVED_INPUT_WITH_WEAK_PULLUP ;        ;                                 ;                     ; Column I/O   ;                 ; no       ; On           ;
; AK27     ; 193        ; 4A             ; RESERVED_INPUT_WITH_WEAK_PULLUP ;        ;                                 ;                     ; Column I/O   ;                 ; no       ; On           ;
; AK28     ; 198        ; 4A             ; RESERVED_INPUT_WITH_WEAK_PULLUP ;        ;                                 ;                     ; Column I/O   ;                 ; no       ; On           ;
; AK29     ; 196        ; 4A             ; RESERVED_INPUT_WITH_WEAK_PULLUP ;        ;                                 ;                     ; Column I/O   ;                 ; no       ; On           ;
; B1       ; 509        ; 8A             ; RESERVED_INPUT_WITH_WEAK_PULLUP ;        ;                                 ;                     ; Column I/O   ;                 ; no       ; On           ;
; B2       ; 507        ; 8A             ; RESERVED_INPUT_WITH_WEAK_PULLUP ;        ;                                 ;                     ; Column I/O   ;                 ; no       ; On           ;
; B3       ; 513        ; 8A             ; RESERVED_INPUT_WITH_WEAK_PULLUP ;        ;                                 ;                     ; Column I/O   ;                 ; no       ; On           ;
; B4       ;            ; 8A             ; VCCIO8A                         ; power  ;                                 ; 2.5V                ; --           ;                 ; --       ; --           ;
; B5       ; 512        ; 8A             ; RESERVED_INPUT_WITH_WEAK_PULLUP ;        ;                                 ;                     ; Column I/O   ;                 ; no       ; On           ;
; B6       ; 510        ; 8A             ; RESERVED_INPUT_WITH_WEAK_PULLUP ;        ;                                 ;                     ; Column I/O   ;                 ; no       ; On           ;
; B7       ; 477        ; 8A             ; RESERVED_INPUT_WITH_WEAK_PULLUP ;        ;                                 ;                     ; Column I/O   ;                 ; no       ; On           ;
; B8       ; 481        ; 8A             ; RESERVED_INPUT_WITH_WEAK_PULLUP ;        ;                                 ;                     ; Column I/O   ;                 ; no       ; On           ;
; B9       ;            ;                ; GND                             ; gnd    ;                                 ;                     ; --           ;                 ; --       ; --           ;
; B10      ;            ; 8A             ; VREFB8AN0                       ; power  ;                                 ;                     ; --           ;                 ; --       ; --           ;
; B11      ; 469        ; 8A             ; RESERVED_INPUT_WITH_WEAK_PULLUP ;        ;                                 ;                     ; Column I/O   ;                 ; no       ; On           ;
; B12      ; 464        ; 8A             ; RESERVED_INPUT_WITH_WEAK_PULLUP ;        ;                                 ;                     ; Column I/O   ;                 ; no       ; On           ;
; B13      ; 459        ; 8A             ; RESERVED_INPUT_WITH_WEAK_PULLUP ;        ;                                 ;                     ; Column I/O   ;                 ; no       ; On           ;
; B14      ;            ;                ; GND                             ; gnd    ;                                 ;                     ; --           ;                 ; --       ; --           ;
; B15      ; 451        ; 7D             ; RESERVED_INPUT_WITH_WEAK_PULLUP ;        ;                                 ;                     ; Column I/O   ;                 ; no       ; On           ;
; B16      ; 441        ; 7C             ; HPS_SD_DATA[3]                  ; bidir  ; 2.5 V                           ;                     ; Column I/O   ; Y               ; no       ; Off          ;
; B17      ; 431        ; 7C             ; RESERVED_INPUT_WITH_WEAK_PULLUP ;        ;                                 ;                     ; Column I/O   ;                 ; no       ; On           ;
; B18      ; 418        ; 7B             ; HPS_ENET_RX_DATA[2]             ; input  ; 2.5 V                           ;                     ; Column I/O   ; Y               ; no       ; Off          ;
; B19      ;            ;                ; GND                             ; gnd    ;                                 ;                     ; --           ;                 ; --       ; --           ;
; B20      ; 417        ; 7B             ; HPS_ENET_RX_DATA[1]             ; input  ; 2.5 V                           ;                     ; Column I/O   ; Y               ; no       ; Off          ;
; B21      ; 413        ; 7B             ; HPS_ENET_MDC                    ; output ; 2.5 V                           ;                     ; Column I/O   ; Y               ; no       ; Off          ;
; B22      ; 399        ; 7A             ; RESERVED_INPUT_WITH_WEAK_PULLUP ;        ;                                 ;                     ; Column I/O   ;                 ; no       ; On           ;
; B23      ; 397        ; 7A             ; RESERVED_INPUT_WITH_WEAK_PULLUP ;        ;                                 ;                     ; Column I/O   ;                 ; no       ; On           ;
; B24      ;            ;                ; GND                             ; gnd    ;                                 ;                     ; --           ;                 ; --       ; --           ;
; B25      ; 387        ; 7A             ; HPS_UART_RX                     ; input  ; 2.5 V                           ;                     ; Column I/O   ; Y               ; no       ; Off          ;
; B26      ; 386        ; 7A             ; RESERVED_INPUT_WITH_WEAK_PULLUP ;        ;                                 ;                     ; Column I/O   ;                 ; no       ; On           ;
; B27      ; 381        ; 7A             ; ^HPS_TDI                        ;        ;                                 ;                     ; --           ;                 ; --       ; --           ;
; B28      ; 376        ; 7A             ; ^HPS_TDO                        ;        ;                                 ;                     ; --           ;                 ; --       ; --           ;
; B29      ;            ;                ; GND                             ; gnd    ;                                 ;                     ; --           ;                 ; --       ; --           ;
; B30      ; 365        ; 6A             ; HPS_DDR3_ADDR[12]               ; output ; SSTL-15 Class I                 ;                     ; Row I/O      ; N               ; no       ; Off          ;
; C1       ;            ;                ; GND                             ; gnd    ;                                 ;                     ; --           ;                 ; --       ; --           ;
; C2       ; 517        ; 8A             ; RESERVED_INPUT_WITH_WEAK_PULLUP ;        ;                                 ;                     ; Column I/O   ;                 ; no       ; On           ;
; C3       ; 511        ; 8A             ; RESERVED_INPUT_WITH_WEAK_PULLUP ;        ;                                 ;                     ; Column I/O   ;                 ; no       ; On           ;
; C4       ; 501        ; 8A             ; RESERVED_INPUT_WITH_WEAK_PULLUP ;        ;                                 ;                     ; Column I/O   ;                 ; no       ; On           ;
; C5       ; 497        ; 8A             ; RESERVED_INPUT_WITH_WEAK_PULLUP ;        ;                                 ;                     ; Column I/O   ;                 ; no       ; On           ;
; C6       ;            ;                ; GND                             ; gnd    ;                                 ;                     ; --           ;                 ; --       ; --           ;
; C7       ; 475        ; 8A             ; RESERVED_INPUT_WITH_WEAK_PULLUP ;        ;                                 ;                     ; Column I/O   ;                 ; no       ; On           ;
; C8       ; 479        ; 8A             ; RESERVED_INPUT_WITH_WEAK_PULLUP ;        ;                                 ;                     ; Column I/O   ;                 ; no       ; On           ;
; C9       ; 485        ; 8A             ; RESERVED_INPUT_WITH_WEAK_PULLUP ;        ;                                 ;                     ; Column I/O   ;                 ; no       ; On           ;
; C10      ; 483        ; 8A             ; RESERVED_INPUT_WITH_WEAK_PULLUP ;        ;                                 ;                     ; Column I/O   ;                 ; no       ; On           ;
; C11      ;            ; 8A             ; VCCIO8A                         ; power  ;                                 ; 2.5V                ; --           ;                 ; --       ; --           ;
; C12      ; 467        ; 8A             ; RESERVED_INPUT_WITH_WEAK_PULLUP ;        ;                                 ;                     ; Column I/O   ;                 ; no       ; On           ;
; C13      ; 462        ; 8A             ; RESERVED_INPUT_WITH_WEAK_PULLUP ;        ;                                 ;                     ; Column I/O   ;                 ; no       ; On           ;
; C14      ; 448        ; 7D             ; RESERVED_INPUT_WITH_WEAK_PULLUP ;        ;                                 ;                     ; Column I/O   ;                 ; no       ; On           ;
; C15      ; 453        ; 7D             ; RESERVED_INPUT_WITH_WEAK_PULLUP ;        ;                                 ;                     ; Column I/O   ;                 ; no       ; On           ;
; C16      ;            ;                ; GND                             ; gnd    ;                                 ;                     ; --           ;                 ; --       ; --           ;
; C17      ; 433        ; 7C             ; HPS_SD_DATA[1]                  ; bidir  ; 2.5 V                           ;                     ; Column I/O   ; Y               ; no       ; Off          ;
; C18      ; 435        ; 7C             ; RESERVED_INPUT_WITH_WEAK_PULLUP ;        ;                                 ;                     ; Column I/O   ;                 ; no       ; On           ;
; C19      ; 427        ; 7B             ; RESERVED_INPUT_WITH_WEAK_PULLUP ;        ;                                 ;                     ; Column I/O   ;                 ; no       ; On           ;
; C20      ; 421        ; 7B             ; RESERVED_INPUT_WITH_WEAK_PULLUP ;        ;                                 ;                     ; Column I/O   ;                 ; no       ; On           ;
; C21      ;            ;                ; GND                             ; gnd    ;                                 ;                     ; --           ;                 ; --       ; --           ;
; C22      ; 396        ; 7A             ; RESERVED_INPUT_WITH_WEAK_PULLUP ;        ;                                 ;                     ; Column I/O   ;                 ; no       ; On           ;
; C23      ; 401        ; 7A             ; RESERVED_INPUT_WITH_WEAK_PULLUP ;        ;                                 ;                     ; Column I/O   ;                 ; no       ; On           ;
; C24      ; 393        ; 7A             ; RESERVED_INPUT_WITH_WEAK_PULLUP ;        ;                                 ;                     ; Column I/O   ;                 ; no       ; On           ;
; C25      ; 388        ; 7A             ; HPS_UART_TX                     ; output ; 2.5 V                           ;                     ; Column I/O   ; Y               ; no       ; Off          ;
; C26      ;            ;                ; GND                             ; gnd    ;                                 ;                     ; --           ;                 ; --       ; --           ;
; C27      ; 374        ; 7A             ; ^HPS_nRST                       ;        ;                                 ;                     ; --           ;                 ; --       ; --           ;
; C28      ; 369        ; 6A             ; HPS_DDR3_WE_N                   ; output ; SSTL-15 Class I                 ;                     ; Row I/O      ; N               ; no       ; Off          ;
; C29      ; 367        ; 6A             ; HPS_DDR3_ADDR[13]               ; output ; SSTL-15 Class I                 ;                     ; Row I/O      ; N               ; no       ; Off          ;
; C30      ; 363        ; 6A             ; HPS_DDR3_ADDR[11]               ; output ; SSTL-15 Class I                 ;                     ; Row I/O      ; N               ; no       ; Off          ;
; D1       ; 529        ; 8A             ; RESERVED_INPUT_WITH_WEAK_PULLUP ;        ;                                 ;                     ; Column I/O   ;                 ; no       ; On           ;
; D2       ; 515        ; 8A             ; RESERVED_INPUT_WITH_WEAK_PULLUP ;        ;                                 ;                     ; Column I/O   ;                 ; no       ; On           ;
; D3       ;            ;                ; GND                             ; gnd    ;                                 ;                     ; --           ;                 ; --       ; --           ;
; D4       ; 521        ; 8A             ; RESERVED_INPUT_WITH_WEAK_PULLUP ;        ;                                 ;                     ; Column I/O   ;                 ; no       ; On           ;
; D5       ; 499        ; 8A             ; LEDR[7]                         ; output ; 2.5 V                           ;                     ; Column I/O   ; N               ; no       ; Off          ;
; D6       ; 495        ; 8A             ; RESERVED_INPUT_WITH_WEAK_PULLUP ;        ;                                 ;                     ; Column I/O   ;                 ; no       ; On           ;
; D7       ; 505        ; 8A             ; RESERVED_INPUT_WITH_WEAK_PULLUP ;        ;                                 ;                     ; Column I/O   ;                 ; no       ; On           ;
; D8       ;            ; 8A             ; VCCIO8A                         ; power  ;                                 ; 2.5V                ; --           ;                 ; --       ; --           ;
; D9       ; 480        ; 8A             ; RESERVED_INPUT_WITH_WEAK_PULLUP ;        ;                                 ;                     ; Column I/O   ;                 ; no       ; On           ;
; D10      ; 472        ; 8A             ; RESERVED_INPUT_WITH_WEAK_PULLUP ;        ;                                 ;                     ; Column I/O   ;                 ; no       ; On           ;
; D11      ; 470        ; 8A             ; RESERVED_INPUT_WITH_WEAK_PULLUP ;        ;                                 ;                     ; Column I/O   ;                 ; no       ; On           ;
; D12      ; 496        ; 8A             ; RESERVED_INPUT_WITH_WEAK_PULLUP ;        ;                                 ;                     ; Column I/O   ;                 ; no       ; On           ;
; D13      ;            ;                ; GND                             ; gnd    ;                                 ;                     ; --           ;                 ; --       ; --           ;
; D14      ; 446        ; 7D             ; RESERVED_INPUT_WITH_WEAK_PULLUP ;        ;                                 ;                     ; Column I/O   ;                 ; no       ; On           ;
; D15      ; 449        ; 7D             ; RESERVED_INPUT_WITH_WEAK_PULLUP ;        ;                                 ;                     ; Column I/O   ;                 ; no       ; On           ;
; D16      ; 445        ; 7D             ; RESERVED_INPUT_WITH_WEAK_PULLUP ;        ;                                 ;                     ; Column I/O   ;                 ; no       ; On           ;
; D17      ; 440        ; 7C             ; HPS_SD_DATA[2]                  ; bidir  ; 2.5 V                           ;                     ; Column I/O   ; Y               ; no       ; Off          ;
; D18      ;            ; 7C             ; VCCIO7C_HPS                     ; power  ;                                 ; 2.5V                ; --           ;                 ; --       ; --           ;
; D19      ; 426        ; 7B             ; RESERVED_INPUT_WITH_WEAK_PULLUP ;        ;                                 ;                     ; Column I/O   ;                 ; no       ; On           ;
; D20      ; 420        ; 7B             ; RESERVED_INPUT_WITH_WEAK_PULLUP ;        ;                                 ;                     ; Column I/O   ;                 ; no       ; On           ;
; D21      ; 419        ; 7B             ; HPS_ENET_RX_DATA[3]             ; input  ; 2.5 V                           ;                     ; Column I/O   ; Y               ; no       ; Off          ;
; D22      ; 402        ; 7A             ; RESERVED_INPUT_WITH_WEAK_PULLUP ;        ;                                 ;                     ; Column I/O   ;                 ; no       ; On           ;
; D23      ;            ;                ; GND                             ; gnd    ;                                 ;                     ; --           ;                 ; --       ; --           ;
; D24      ; 404        ; 7A             ; RESERVED_INPUT_WITH_WEAK_PULLUP ;        ;                                 ;                     ; Column I/O   ;                 ; no       ; On           ;
; D25      ; 384        ; 7A             ; ^HPS_CLK1                       ;        ;                                 ;                     ; --           ;                 ; --       ; --           ;
; D26      ; 373        ; 7A             ; ^GND                            ;        ;                                 ;                     ; --           ;                 ; --       ; --           ;
; D27      ; 371        ; 6A             ; HPS_DDR3_RZQ                    ; input  ; SSTL-15 Class I                 ;                     ; --           ; N               ; no       ; Off          ;
; D28      ;            ; 6A             ; VCCIO6A_HPS                     ; power  ;                                 ; 1.5V                ; --           ;                 ; --       ; --           ;
; D29      ; 361        ; 6A             ; HPS_DDR3_ADDR[10]               ; output ; SSTL-15 Class I                 ;                     ; Row I/O      ; N               ; no       ; Off          ;
; D30      ; 359        ; 6A             ; HPS_DDR3_RAS_N                  ; output ; SSTL-15 Class I                 ;                     ; Row I/O      ; N               ; no       ; Off          ;
; E1       ; 527        ; 8A             ; RESERVED_INPUT_WITH_WEAK_PULLUP ;        ;                                 ;                     ; Column I/O   ;                 ; no       ; On           ;
; E2       ; 525        ; 8A             ; RESERVED_INPUT_WITH_WEAK_PULLUP ;        ;                                 ;                     ; Column I/O   ;                 ; no       ; On           ;
; E3       ; 523        ; 8A             ; RESERVED_INPUT_WITH_WEAK_PULLUP ;        ;                                 ;                     ; Column I/O   ;                 ; no       ; On           ;
; E4       ; 519        ; 8A             ; RESERVED_INPUT_WITH_WEAK_PULLUP ;        ;                                 ;                     ; Column I/O   ;                 ; no       ; On           ;
; E5       ;            ; 8A             ; VCCIO8A                         ; power  ;                                 ; 2.5V                ; --           ;                 ; --       ; --           ;
; E6       ; 533        ; 8A             ; RESERVED_INPUT_WITH_WEAK_PULLUP ;        ;                                 ;                     ; Column I/O   ;                 ; no       ; On           ;
; E7       ; 531        ; 8A             ; RESERVED_INPUT_WITH_WEAK_PULLUP ;        ;                                 ;                     ; Column I/O   ;                 ; no       ; On           ;
; E8       ; 503        ; 8A             ; HPS_ENET_TX_CLK                 ; output ; 2.5 V                           ;                     ; Column I/O   ; N               ; no       ; Off          ;
; E9       ; 478        ; 8A             ; RESERVED_INPUT_WITH_WEAK_PULLUP ;        ;                                 ;                     ; Column I/O   ;                 ; no       ; On           ;
; E10      ;            ;                ; GND                             ; gnd    ;                                 ;                     ; --           ;                 ; --       ; --           ;
; E11      ; 504        ; 8A             ; RESERVED_INPUT_WITH_WEAK_PULLUP ;        ;                                 ;                     ; Column I/O   ;                 ; no       ; On           ;
; E12      ; 494        ; 8A             ; RESERVED_INPUT_WITH_WEAK_PULLUP ;        ;                                 ;                     ; Column I/O   ;                 ; no       ; On           ;
; E13      ; 488        ; 8A             ; RESERVED_INPUT_WITH_WEAK_PULLUP ;        ;                                 ;                     ; Column I/O   ;                 ; no       ; On           ;
; E14      ; 454        ; 7D             ; RESERVED_INPUT_WITH_WEAK_PULLUP ;        ;                                 ;                     ; Column I/O   ;                 ; no       ; On           ;
; E15      ;            ; 7D             ; VCCIO7D_HPS                     ; power  ;                                 ; 2.5V                ; --           ;                 ; --       ; --           ;
; E16      ; 443        ; 7D             ; RESERVED_INPUT_WITH_WEAK_PULLUP ;        ;                                 ;                     ; Column I/O   ;                 ; no       ; On           ;
; E17      ; 438        ; 7C             ; RESERVED_INPUT_WITH_WEAK_PULLUP ;        ;                                 ;                     ; Column I/O   ;                 ; no       ; On           ;
; E18      ; 437        ; 7C             ; RESERVED_INPUT_WITH_WEAK_PULLUP ;        ;                                 ;                     ; Column I/O   ;                 ; no       ; On           ;
; E19      ; 424        ; 7B             ; RESERVED_INPUT_WITH_WEAK_PULLUP ;        ;                                 ;                     ; Column I/O   ;                 ; no       ; On           ;
; E20      ;            ; 7B             ; VCCIO7B_HPS                     ; power  ;                                 ; 2.5V                ; --           ;                 ; --       ; --           ;
; E21      ; 412        ; 7B             ; HPS_ENET_MDIO                   ; bidir  ; 2.5 V                           ;                     ; Column I/O   ; Y               ; no       ; Off          ;
; E22      ;            ; 7A, 7B, 7C, 7D ; VREFB7A7B7C7DN0_HPS             ; power  ;                                 ;                     ; --           ;                 ; --       ; --           ;
; E23      ; 394        ; 7A             ; RESERVED_INPUT_WITH_WEAK_PULLUP ;        ;                                 ;                     ; Column I/O   ;                 ; no       ; On           ;
; E24      ; 403        ; 7A             ; RESERVED_INPUT_WITH_WEAK_PULLUP ;        ;                                 ;                     ; Column I/O   ;                 ; no       ; On           ;
; E25      ;            ;                ; GND                             ; gnd    ;                                 ;                     ; --           ;                 ; --       ; --           ;
; E26      ;            ;                ; DNU                             ;        ;                                 ;                     ; --           ;                 ; --       ; --           ;
; E27      ; 357        ; 6A             ; HPS_DDR3_CAS_N                  ; output ; SSTL-15 Class I                 ;                     ; Row I/O      ; N               ; no       ; Off          ;
; E28      ; 351        ; 6A             ; HPS_DDR3_ADDR[7]                ; output ; SSTL-15 Class I                 ;                     ; Row I/O      ; N               ; no       ; Off          ;
; E29      ; 353        ; 6A             ; HPS_DDR3_BA[0]                  ; output ; SSTL-15 Class I                 ;                     ; Row I/O      ; N               ; no       ; Off          ;
; E30      ;            ;                ; GND                             ; gnd    ;                                 ;                     ; --           ;                 ; --       ; --           ;
; F1       ;            ;                ; DNU                             ;        ;                                 ;                     ; --           ;                 ; --       ; --           ;
; F2       ;            ;                ; GND                             ; gnd    ;                                 ;                     ; --           ;                 ; --       ; --           ;
; F3       ; 539        ; 9A             ; ^CONF_DONE                      ;        ;                                 ;                     ; --           ;                 ; --       ; --           ;
; F4       ; 541        ; 9A             ; ^nSTATUS                        ;        ;                                 ;                     ; --           ;                 ; --       ; --           ;
; F5       ;            ;                ; GND                             ; gnd    ;                                 ;                     ; --           ;                 ; --       ; --           ;
; F6       ; 537        ; 8A             ; RESERVED_INPUT_WITH_WEAK_PULLUP ;        ;                                 ;                     ; Column I/O   ;                 ; no       ; On           ;
; F7       ;            ;                ; GND                             ; gnd    ;                                 ;                     ; --           ;                 ; --       ; --           ;
; F8       ; 536        ; 8A             ; RESERVED_INPUT_WITH_WEAK_PULLUP ;        ;                                 ;                     ; Column I/O   ;                 ; no       ; On           ;
; F9       ; 534        ; 8A             ; RESERVED_INPUT_WITH_WEAK_PULLUP ;        ;                                 ;                     ; Column I/O   ;                 ; no       ; On           ;
; F10      ; 528        ; 8A             ; RESERVED_INPUT_WITH_WEAK_PULLUP ;        ;                                 ;                     ; Column I/O   ;                 ; no       ; On           ;
; F11      ; 502        ; 8A             ; RESERVED_INPUT_WITH_WEAK_PULLUP ;        ;                                 ;                     ; Column I/O   ;                 ; no       ; On           ;
; F12      ;            ; 8A             ; VCCIO8A                         ; power  ;                                 ; 2.5V                ; --           ;                 ; --       ; --           ;
; F13      ; 486        ; 8A             ; RESERVED_INPUT_WITH_WEAK_PULLUP ;        ;                                 ;                     ; Column I/O   ;                 ; no       ; On           ;
; F14      ; 468        ; 8A             ; RESERVED_INPUT_WITH_WEAK_PULLUP ;        ;                                 ;                     ; Column I/O   ;                 ; no       ; On           ;
; F15      ; 466        ; 8A             ; RESERVED_INPUT_WITH_WEAK_PULLUP ;        ;                                 ;                     ; Column I/O   ;                 ; no       ; On           ;
; F16      ; 442        ; 7D             ; RESERVED_INPUT_WITH_WEAK_PULLUP ;        ;                                 ;                     ; Column I/O   ;                 ; no       ; On           ;
; F17      ;            ;                ; GND                             ; gnd    ;                                 ;                     ; --           ;                 ; --       ; --           ;
; F18      ; 430        ; 7C             ; HPS_SD_CMD                      ; bidir  ; 2.5 V                           ;                     ; Column I/O   ; Y               ; no       ; Off          ;
; F19      ; 410        ; 7B             ; HPS_ENET_TX_DATA[3]             ; output ; 2.5 V                           ;                     ; Column I/O   ; Y               ; no       ; Off          ;
; F20      ; 407        ; 7B             ; HPS_ENET_TX_DATA[0]             ; output ; 2.5 V                           ;                     ; Column I/O   ; Y               ; no       ; Off          ;
; F21      ; 409        ; 7B             ; HPS_ENET_TX_DATA[2]             ; output ; 2.5 V                           ;                     ; Column I/O   ; Y               ; no       ; Off          ;
; F22      ;            ; 7A             ; VCCIO7A_HPS                     ; power  ;                                 ; 2.5V                ; --           ;                 ; --       ; --           ;
; F23      ; 375        ; 7A             ; ^HPS_nPOR                       ;        ;                                 ;                     ; --           ;                 ; --       ; --           ;
; F24      ; 383        ; 7A             ; ^HPS_PORSEL                     ;        ;                                 ;                     ; --           ;                 ; --       ; --           ;
; F25      ; 385        ; 7A             ; ^HPS_CLK2                       ;        ;                                 ;                     ; --           ;                 ; --       ; --           ;
; F26      ; 341        ; 6A             ; HPS_DDR3_ADDR[0]                ; output ; SSTL-15 Class I                 ;                     ; Row I/O      ; N               ; no       ; Off          ;
; F27      ;            ;                ; GND                             ; gnd    ;                                 ;                     ; --           ;                 ; --       ; --           ;
; F28      ; 345        ; 6A             ; HPS_DDR3_ADDR[2]                ; output ; SSTL-15 Class I                 ;                     ; Row I/O      ; N               ; no       ; Off          ;
; F29      ; 349        ; 6A             ; HPS_DDR3_ADDR[6]                ; output ; SSTL-15 Class I                 ;                     ; Row I/O      ; N               ; no       ; Off          ;
; F30      ; 347        ; 6A             ; HPS_DDR3_ADDR[3]                ; output ; SSTL-15 Class I                 ;                     ; Row I/O      ; N               ; no       ; Off          ;
; G1       ;            ;                ; GND                             ;        ;                                 ;                     ; --           ;                 ; --       ; --           ;
; G2       ;            ;                ; DNU                             ;        ;                                 ;                     ; --           ;                 ; --       ; --           ;
; G3       ;            ;                ; GND                             ; gnd    ;                                 ;                     ; --           ;                 ; --       ; --           ;
; G4       ;            ;                ; GND                             ; gnd    ;                                 ;                     ; --           ;                 ; --       ; --           ;
; G5       ; 542        ; 9A             ; ^nCE                            ;        ;                                 ;                     ; --           ;                 ; --       ; --           ;
; G6       ; 543        ; 9A             ; ^MSEL2                          ;        ;                                 ;                     ; --           ;                 ; --       ; --           ;
; G7       ; 535        ; 8A             ; RESERVED_INPUT_WITH_WEAK_PULLUP ;        ;                                 ;                     ; Column I/O   ;                 ; no       ; On           ;
; G8       ; 492        ; 8A             ; RESERVED_INPUT_WITH_WEAK_PULLUP ;        ;                                 ;                     ; Column I/O   ;                 ; no       ; On           ;
; G9       ;            ; 8A             ; VCCIO8A                         ; power  ;                                 ; 2.5V                ; --           ;                 ; --       ; --           ;
; G10      ; 526        ; 8A             ; RESERVED_INPUT_WITH_WEAK_PULLUP ;        ;                                 ;                     ; Column I/O   ;                 ; no       ; On           ;
; G11      ; 520        ; 8A             ; RESERVED_INPUT_WITH_WEAK_PULLUP ;        ;                                 ;                     ; Column I/O   ;                 ; no       ; On           ;
; G12      ; 518        ; 8A             ; LEDR[8]                         ; output ; 2.5 V                           ;                     ; Column I/O   ; N               ; no       ; Off          ;
; G13      ; 484        ; 8A             ; RESERVED_INPUT_WITH_WEAK_PULLUP ;        ;                                 ;                     ; Column I/O   ;                 ; no       ; On           ;
; G14      ;            ; 8A             ; VCCIO8A                         ; power  ;                                 ; 2.5V                ; --           ;                 ; --       ; --           ;
; G15      ; 460        ; 8A             ; RESERVED_INPUT_WITH_WEAK_PULLUP ;        ;                                 ;                     ; Column I/O   ;                 ; no       ; On           ;
; G16      ; 444        ; 7D             ; RESERVED_INPUT_WITH_WEAK_PULLUP ;        ;                                 ;                     ; Column I/O   ;                 ; no       ; On           ;
; G17      ; 436        ; 7C             ; RESERVED_INPUT_WITH_WEAK_PULLUP ;        ;                                 ;                     ; Column I/O   ;                 ; no       ; On           ;
; G18      ; 432        ; 7C             ; HPS_SD_DATA[0]                  ; bidir  ; 2.5 V                           ;                     ; Column I/O   ; Y               ; no       ; Off          ;
; G19      ;            ; 7B             ; VCCIO7B_HPS                     ; power  ;                                 ; 2.5V                ; --           ;                 ; --       ; --           ;
; G20      ; 416        ; 7B             ; HPS_ENET_RX_CLK                 ; input  ; 2.5 V                           ;                     ; Column I/O   ; Y               ; no       ; Off          ;
; G21      ; 392        ; 7A             ; RESERVED_INPUT_WITH_WEAK_PULLUP ;        ;                                 ;                     ; Column I/O   ;                 ; no       ; On           ;
; G22      ; 400        ; 7A             ; RESERVED_INPUT_WITH_WEAK_PULLUP ;        ;                                 ;                     ; Column I/O   ;                 ; no       ; On           ;
; G23      ; 377        ; 7A             ; ^VCCRSTCLK_HPS                  ;        ;                                 ;                     ; --           ;                 ; --       ; --           ;
; G24      ;            ;                ; GND                             ; gnd    ;                                 ;                     ; --           ;                 ; --       ; --           ;
; G25      ; 370        ; 6A             ; RESERVED_INPUT_WITH_WEAK_PULLUP ;        ;                                 ;                     ; Row I/O      ;                 ; no       ; On           ;
; G26      ; 362        ; 6A             ; HPS_DDR3_ADDR[9]                ; output ; SSTL-15 Class I                 ;                     ; Row I/O      ; N               ; no       ; Off          ;
; G27      ; 339        ; 6A             ; VREFB6AN0_HPS                   ;        ;                                 ; 0.75V               ; Row I/O      ;                 ; --       ; --           ;
; G28      ; 335        ; 6A             ; HPS_DDR3_DQ[3]                  ; bidir  ; SSTL-15 Class I                 ;                     ; Row I/O      ; N               ; no       ; Off          ;
; G29      ;            ; 6A             ; VCCIO6A_HPS                     ; power  ;                                 ; 1.5V                ; --           ;                 ; --       ; --           ;
; G30      ; 343        ; 6A             ; HPS_DDR3_ADDR[1]                ; output ; SSTL-15 Class I                 ;                     ; Row I/O      ; N               ; no       ; Off          ;
; H1       ;            ;                ; GND                             ; gnd    ;                                 ;                     ; --           ;                 ; --       ; --           ;
; H2       ;            ;                ; GND                             ; gnd    ;                                 ;                     ; --           ;                 ; --       ; --           ;
; H3       ;            ;                ; DNU                             ;        ;                                 ;                     ; --           ;                 ; --       ; --           ;
; H4       ;            ;                ; DNU                             ;        ;                                 ;                     ; --           ;                 ; --       ; --           ;
; H5       ;            ;                ; GND                             ; gnd    ;                                 ;                     ; --           ;                 ; --       ; --           ;
; H6       ;            ; 8A             ; VCCIO8A                         ; power  ;                                 ; 2.5V                ; --           ;                 ; --       ; --           ;
; H7       ; 508        ; 8A             ; RESERVED_INPUT_WITH_WEAK_PULLUP ;        ;                                 ;                     ; Column I/O   ;                 ; no       ; On           ;
; H8       ; 490        ; 8A             ; RESERVED_INPUT_WITH_WEAK_PULLUP ;        ;                                 ;                     ; Column I/O   ;                 ; no       ; On           ;
; H9       ;            ; --             ; VCCBAT                          ; power  ;                                 ; 1.2V                ; --           ;                 ; --       ; --           ;
; H10      ;            ; --             ; VCC_AUX                         ; power  ;                                 ; 2.5V                ; --           ;                 ; --       ; --           ;
; H11      ;            ;                ; GND                             ; gnd    ;                                 ;                     ; --           ;                 ; --       ; --           ;
; H12      ; 500        ; 8A             ; LEDR[9]                         ; output ; 2.5 V                           ;                     ; Column I/O   ; N               ; no       ; Off          ;
; H13      ; 498        ; 8A             ; RESERVED_INPUT_WITH_WEAK_PULLUP ;        ;                                 ;                     ; Column I/O   ;                 ; no       ; On           ;
; H14      ; 482        ; 8A             ; RESERVED_INPUT_WITH_WEAK_PULLUP ;        ;                                 ;                     ; Column I/O   ;                 ; no       ; On           ;
; H15      ; 458        ; 8A             ; RESERVED_INPUT_WITH_WEAK_PULLUP ;        ;                                 ;                     ; Column I/O   ;                 ; no       ; On           ;
; H16      ;            ; 7D             ; VCCIO7D_HPS                     ; power  ;                                 ; 2.5V                ; --           ;                 ; --       ; --           ;
; H17      ; 434        ; 7C             ; RESERVED_INPUT_WITH_WEAK_PULLUP ;        ;                                 ;                     ; Column I/O   ;                 ; no       ; On           ;
; H18      ; 422        ; 7B             ; RESERVED_INPUT_WITH_WEAK_PULLUP ;        ;                                 ;                     ; Column I/O   ;                 ; no       ; On           ;
; H19      ; 406        ; 7B             ; RESERVED_INPUT_WITH_WEAK_PULLUP ;        ;                                 ;                     ; Column I/O   ;                 ; no       ; On           ;
; H20      ; 398        ; 7A             ; RESERVED_INPUT_WITH_WEAK_PULLUP ;        ;                                 ;                     ; Column I/O   ;                 ; no       ; On           ;
; H21      ;            ; 7A             ; VCCIO7A_HPS                     ; power  ;                                 ; 2.5V                ; --           ;                 ; --       ; --           ;
; H22      ; 379        ; 7A             ; ^HPS_TCK                        ;        ;                                 ;                     ; --           ;                 ; --       ; --           ;
; H23      ; 390        ; 7A             ; RESERVED_INPUT_WITH_WEAK_PULLUP ;        ;                                 ;                     ; Column I/O   ;                 ; no       ; On           ;
; H24      ; 364        ; 6A             ; HPS_DDR3_CS_N                   ; output ; SSTL-15 Class I                 ;                     ; Row I/O      ; N               ; no       ; Off          ;
; H25      ; 368        ; 6A             ; RESERVED_INPUT_WITH_WEAK_PULLUP ;        ;                                 ;                     ; Row I/O      ;                 ; no       ; On           ;
; H26      ;            ; 6A             ; VCCIO6A_HPS                     ; power  ;                                 ; 1.5V                ; --           ;                 ; --       ; --           ;
; H27      ; 360        ; 6A             ; HPS_DDR3_ADDR[8]                ; output ; SSTL-15 Class I                 ;                     ; Row I/O      ; N               ; no       ; Off          ;
; H28      ; 333        ; 6A             ; HPS_DDR3_ODT                    ; output ; SSTL-15 Class I                 ;                     ; Row I/O      ; N               ; no       ; Off          ;
; H29      ; 331        ; 6A             ; RESERVED_INPUT_WITH_WEAK_PULLUP ;        ;                                 ;                     ; Row I/O      ;                 ; no       ; On           ;
; H30      ; 337        ; 6A             ; HPS_DDR3_DQ[2]                  ; bidir  ; SSTL-15 Class I                 ;                     ; Row I/O      ; N               ; no       ; Off          ;
; J1       ;            ;                ; GND                             ; gnd    ;                                 ;                     ; --           ;                 ; --       ; --           ;
; J2       ;            ;                ; GND                             ; gnd    ;                                 ;                     ; --           ;                 ; --       ; --           ;
; J3       ;            ;                ; GND                             ; gnd    ;                                 ;                     ; --           ;                 ; --       ; --           ;
; J4       ;            ;                ; GND                             ; gnd    ;                                 ;                     ; --           ;                 ; --       ; --           ;
; J5       ; 545        ; 9A             ; ^nCONFIG                        ;        ;                                 ;                     ; --           ;                 ; --       ; --           ;
; J6       ; 547        ; 9A             ; ^GND                            ;        ;                                 ;                     ; --           ;                 ; --       ; --           ;
; J7       ; 506        ; 8A             ; RESERVED_INPUT_WITH_WEAK_PULLUP ;        ;                                 ;                     ; Column I/O   ;                 ; no       ; On           ;
; J8       ;            ;                ; GND                             ; gnd    ;                                 ;                     ; --           ;                 ; --       ; --           ;
; J9       ; 532        ; 8A             ; RESERVED_INPUT_WITH_WEAK_PULLUP ;        ;                                 ;                     ; Column I/O   ;                 ; no       ; On           ;
; J10      ; 530        ; 8A             ; RESERVED_INPUT_WITH_WEAK_PULLUP ;        ;                                 ;                     ; Column I/O   ;                 ; no       ; On           ;
; J11      ;            ; --             ; VCCPGM                          ; power  ;                                 ; 1.8V/2.5V/3.0V/3.3V ; --           ;                 ; --       ; --           ;
; J12      ; 516        ; 8A             ; RESERVED_INPUT_WITH_WEAK_PULLUP ;        ;                                 ;                     ; Column I/O   ;                 ; no       ; On           ;
; J13      ;            ; 8A             ; VCCIO8A                         ; power  ;                                 ; 2.5V                ; --           ;                 ; --       ; --           ;
; J14      ; 476        ; 8A             ; RESERVED_INPUT_WITH_WEAK_PULLUP ;        ;                                 ;                     ; Column I/O   ;                 ; no       ; On           ;
; J15      ;            ;                ; DNU                             ;        ;                                 ;                     ; --           ;                 ; --       ; --           ;
; J16      ;            ; --             ; VCC_AUX                         ; power  ;                                 ; 2.5V                ; --           ;                 ; --       ; --           ;
; J17      ;            ; 7C             ; VCCPD7C_HPS                     ; power  ;                                 ; 2.5V                ; --           ;                 ; --       ; --           ;
; J18      ;            ;                ; GND                             ; gnd    ;                                 ;                     ; --           ;                 ; --       ; --           ;
; J19      ; 408        ; 7B             ; HPS_ENET_TX_DATA[1]             ; output ; 2.5 V                           ;                     ; Column I/O   ; Y               ; no       ; Off          ;
; J20      ;            ; --             ; VCCRSTCLK_HPS                   ; power  ;                                 ; 1.8V/2.5V/3.0V/3.3V ; --           ;                 ; --       ; --           ;
; J21      ;            ; --             ; VCC_AUX_SHARED                  ; power  ;                                 ; 2.5V                ; --           ;                 ; --       ; --           ;
; J22      ; 372        ; 7A             ; ^GND                            ;        ;                                 ;                     ; --           ;                 ; --       ; --           ;
; J23      ; 354        ; 6A             ; HPS_DDR3_BA[2]                  ; output ; SSTL-15 Class I                 ;                     ; Row I/O      ; N               ; no       ; Off          ;
; J24      ; 352        ; 6A             ; HPS_DDR3_BA[1]                  ; output ; SSTL-15 Class I                 ;                     ; Row I/O      ; N               ; no       ; Off          ;
; J25      ; 344        ; 6A             ; HPS_DDR3_ADDR[4]                ; output ; SSTL-15 Class I                 ;                     ; Row I/O      ; N               ; no       ; Off          ;
; J26      ; 323        ; 6A             ; RESERVED_INPUT_WITH_WEAK_PULLUP ;        ;                                 ;                     ; Row I/O      ;                 ; no       ; On           ;
; J27      ; 346        ; 6A             ; HPS_DDR3_ADDR[5]                ; output ; SSTL-15 Class I                 ;                     ; Row I/O      ; N               ; no       ; Off          ;
; J28      ;            ;                ; GND                             ; gnd    ;                                 ;                     ; --           ;                 ; --       ; --           ;
; J29      ; 327        ; 6A             ; HPS_DDR3_DQ[7]                  ; bidir  ; SSTL-15 Class I                 ;                     ; Row I/O      ; N               ; no       ; Off          ;
; J30      ; 329        ; 6A             ; HPS_DDR3_DQ[6]                  ; bidir  ; SSTL-15 Class I                 ;                     ; Row I/O      ; N               ; no       ; Off          ;
; K1       ;            ;                ; GND                             ; gnd    ;                                 ;                     ; --           ;                 ; --       ; --           ;
; K2       ;            ;                ; GND                             ; gnd    ;                                 ;                     ; --           ;                 ; --       ; --           ;
; K3       ;            ;                ; DNU                             ;        ;                                 ;                     ; --           ;                 ; --       ; --           ;
; K4       ;            ;                ; DNU                             ;        ;                                 ;                     ; --           ;                 ; --       ; --           ;
; K5       ;            ;                ; GND                             ; gnd    ;                                 ;                     ; --           ;                 ; --       ; --           ;
; K6       ; 540        ; 9A             ; ^MSEL1                          ;        ;                                 ;                     ; --           ;                 ; --       ; --           ;
; K7       ; 522        ; 8A             ; RESERVED_INPUT_WITH_WEAK_PULLUP ;        ;                                 ;                     ; Column I/O   ;                 ; no       ; On           ;
; K8       ; 524        ; 8A             ; RESERVED_INPUT_WITH_WEAK_PULLUP ;        ;                                 ;                     ; Column I/O   ;                 ; no       ; On           ;
; K9       ;            ; --             ; VCCA_FPLL                       ; power  ;                                 ; 2.5V                ; --           ;                 ; --       ; --           ;
; K10      ;            ;                ; GND                             ; gnd    ;                                 ;                     ; --           ;                 ; --       ; --           ;
; K11      ;            ; 8A             ; VCCPD8A                         ; power  ;                                 ; 2.5V                ; --           ;                 ; --       ; --           ;
; K12      ; 514        ; 8A             ; RESERVED_INPUT_WITH_WEAK_PULLUP ;        ;                                 ;                     ; Column I/O   ;                 ; no       ; On           ;
; K13      ;            ; 8A             ; VCCPD8A                         ; power  ;                                 ; 2.5V                ; --           ;                 ; --       ; --           ;
; K14      ; 474        ; 8A             ; RESERVED_INPUT_WITH_WEAK_PULLUP ;        ;                                 ;                     ; Column I/O   ;                 ; no       ; On           ;
; K15      ;            ;                ; GND                             ; gnd    ;                                 ;                     ; --           ;                 ; --       ; --           ;
; K16      ;            ; 7D             ; VCCPD7D_HPS                     ; power  ;                                 ; 2.5V                ; --           ;                 ; --       ; --           ;
; K17      ; 414        ; 7B             ; HPS_ENET_RX_DV                  ; input  ; 2.5 V                           ;                     ; Column I/O   ; Y               ; no       ; Off          ;
; K18      ;            ; 7B             ; VCCPD7B_HPS                     ; power  ;                                 ; 2.5V                ; --           ;                 ; --       ; --           ;
; K19      ;            ; 7A             ; VCCPD7A_HPS                     ; power  ;                                 ; 2.5V                ; --           ;                 ; --       ; --           ;
; K20      ;            ;                ; GND                             ; gnd    ;                                 ;                     ; --           ;                 ; --       ; --           ;
; K21      ; 366        ; 6A             ; RESERVED_INPUT_WITH_WEAK_PULLUP ;        ;                                 ;                     ; Row I/O      ;                 ; no       ; On           ;
; K22      ; 336        ; 6A             ; HPS_DDR3_DQ[1]                  ; bidir  ; SSTL-15 Class I                 ;                     ; Row I/O      ; N               ; no       ; Off          ;
; K23      ; 338        ; 6A             ; HPS_DDR3_DQ[0]                  ; bidir  ; SSTL-15 Class I                 ;                     ; Row I/O      ; N               ; no       ; Off          ;
; K24      ;            ; 6A             ; VCCIO6A_HPS                     ; power  ;                                 ; 1.5V                ; --           ;                 ; --       ; --           ;
; K25      ;            ;                ; GND                             ; gnd    ;                                 ;                     ; --           ;                 ; --       ; --           ;
; K26      ; 322        ; 6A             ; RESERVED_INPUT_WITH_WEAK_PULLUP ;        ;                                 ;                     ; Row I/O      ;                 ; no       ; On           ;
; K27      ; 319        ; 6A             ; RESERVED_INPUT_WITH_WEAK_PULLUP ;        ;                                 ;                     ; Row I/O      ;                 ; no       ; On           ;
; K28      ; 325        ; 6A             ; HPS_DDR3_DM                     ; output ; SSTL-15 Class I                 ;                     ; Row I/O      ; N               ; no       ; Off          ;
; K29      ; 321        ; 6A             ; RESERVED_INPUT_WITH_WEAK_PULLUP ;        ;                                 ;                     ; Row I/O      ;                 ; no       ; On           ;
; K30      ;            ; 6A             ; VCCIO6A_HPS                     ; power  ;                                 ; 1.5V                ; --           ;                 ; --       ; --           ;
; L1       ;            ;                ; GND                             ; gnd    ;                                 ;                     ; --           ;                 ; --       ; --           ;
; L2       ;            ;                ; GND                             ; gnd    ;                                 ;                     ; --           ;                 ; --       ; --           ;
; L3       ;            ;                ; GND                             ; gnd    ;                                 ;                     ; --           ;                 ; --       ; --           ;
; L4       ;            ;                ; GND                             ; gnd    ;                                 ;                     ; --           ;                 ; --       ; --           ;
; L5       ;            ; --             ; VCC                             ; power  ;                                 ; 1.1V                ; --           ;                 ; --       ; --           ;
; L6       ;            ;                ; GND                             ; gnd    ;                                 ;                     ; --           ;                 ; --       ; --           ;
; L7       ; 544        ; 9A             ; ^MSEL3                          ;        ;                                 ;                     ; --           ;                 ; --       ; --           ;
; L8       ; 538        ; 9A             ; ^MSEL0                          ;        ;                                 ;                     ; --           ;                 ; --       ; --           ;
; L9       ; 546        ; 9A             ; ^MSEL4                          ;        ;                                 ;                     ; --           ;                 ; --       ; --           ;
; L10      ;            ; 8A             ; VCCPD8A                         ; power  ;                                 ; 2.5V                ; --           ;                 ; --       ; --           ;
; L11      ;            ;                ; GND                             ; gnd    ;                                 ;                     ; --           ;                 ; --       ; --           ;
; L12      ;            ; 8A             ; VCCPD8A                         ; power  ;                                 ; 2.5V                ; --           ;                 ; --       ; --           ;
; L13      ;            ;                ; GND                             ; gnd    ;                                 ;                     ; --           ;                 ; --       ; --           ;
; L14      ;            ; 8A             ; VCCPD8A                         ; power  ;                                 ; 2.5V                ; --           ;                 ; --       ; --           ;
; L15      ;            ;                ; GND                             ; gnd    ;                                 ;                     ; --           ;                 ; --       ; --           ;
; L16      ;            ; --             ; VCC_HPS                         ; power  ;                                 ; 1.1V                ; --           ;                 ; --       ; --           ;
; L17      ;            ;                ; GND                             ; gnd    ;                                 ;                     ; --           ;                 ; --       ; --           ;
; L18      ;            ; --             ; VCC_HPS                         ; power  ;                                 ; 1.1V                ; --           ;                 ; --       ; --           ;
; L19      ;            ;                ; GND                             ; gnd    ;                                 ;                     ; --           ;                 ; --       ; --           ;
; L20      ;            ; --             ; VCC_HPS                         ; power  ;                                 ; 1.1V                ; --           ;                 ; --       ; --           ;
; L21      ;            ; --             ; VCCPLL_HPS                      ; power  ;                                 ; 2.5V                ; --           ;                 ; --       ; --           ;
; L22      ;            ;                ; GND                             ; gnd    ;                                 ;                     ; --           ;                 ; --       ; --           ;
; L23      ; 350        ; 6A             ; HPS_DDR3_CK_N                   ; output ; Differential 1.5-V SSTL Class I ;                     ; Row I/O      ; N               ; no       ; Off          ;
; L24      ; 328        ; 6A             ; HPS_DDR3_DQ[5]                  ; bidir  ; SSTL-15 Class I                 ;                     ; Row I/O      ; N               ; no       ; Off          ;
; L25      ; 330        ; 6A             ; HPS_DDR3_DQ[4]                  ; bidir  ; SSTL-15 Class I                 ;                     ; Row I/O      ; N               ; no       ; Off          ;
; L26      ; 320        ; 6A             ; RESERVED_INPUT_WITH_WEAK_PULLUP ;        ;                                 ;                     ; Row I/O      ;                 ; no       ; On           ;
; L27      ;            ; 6A             ; VCCIO6A_HPS                     ; power  ;                                 ; 1.5V                ; --           ;                 ; --       ; --           ;
; L28      ; 313        ; 6A             ; RESERVED_INPUT_WITH_WEAK_PULLUP ;        ;                                 ;                     ; Row I/O      ;                 ; no       ; On           ;
; L29      ; 315        ; 6A             ; HPS_DDR3_CKE                    ; output ; SSTL-15 Class I                 ;                     ; Row I/O      ; N               ; no       ; Off          ;
; L30      ; 317        ; 6A             ; RESERVED_INPUT_WITH_WEAK_PULLUP ;        ;                                 ;                     ; Row I/O      ;                 ; no       ; On           ;
; M1       ;            ;                ; GND                             ; gnd    ;                                 ;                     ; --           ;                 ; --       ; --           ;
; M2       ;            ;                ; GND                             ; gnd    ;                                 ;                     ; --           ;                 ; --       ; --           ;
; M3       ;            ;                ; DNU                             ;        ;                                 ;                     ; --           ;                 ; --       ; --           ;
; M4       ;            ;                ; DNU                             ;        ;                                 ;                     ; --           ;                 ; --       ; --           ;
; M5       ;            ;                ; GND                             ; gnd    ;                                 ;                     ; --           ;                 ; --       ; --           ;
; M6       ;            ; --             ; VCC                             ; power  ;                                 ; 1.1V                ; --           ;                 ; --       ; --           ;
; M7       ;            ;                ; GND                             ; gnd    ;                                 ;                     ; --           ;                 ; --       ; --           ;
; M8       ;            ;                ; GND                             ; gnd    ;                                 ;                     ; --           ;                 ; --       ; --           ;
; M9       ;            ; --             ; VCC                             ; power  ;                                 ; 1.1V                ; --           ;                 ; --       ; --           ;
; M10      ;            ;                ; GND                             ; gnd    ;                                 ;                     ; --           ;                 ; --       ; --           ;
; M11      ;            ; --             ; VCC                             ; power  ;                                 ; 1.1V                ; --           ;                 ; --       ; --           ;
; M12      ;            ;                ; GND                             ; gnd    ;                                 ;                     ; --           ;                 ; --       ; --           ;
; M13      ;            ; --             ; VCC                             ; power  ;                                 ; 1.1V                ; --           ;                 ; --       ; --           ;
; M14      ;            ;                ; GND                             ; gnd    ;                                 ;                     ; --           ;                 ; --       ; --           ;
; M15      ;            ; --             ; VCC_HPS                         ; power  ;                                 ; 1.1V                ; --           ;                 ; --       ; --           ;
; M16      ;            ;                ; GND                             ; gnd    ;                                 ;                     ; --           ;                 ; --       ; --           ;
; M17      ; 450        ; 7D             ; RESERVED_INPUT_WITH_WEAK_PULLUP ;        ;                                 ;                     ; Column I/O   ;                 ; no       ; On           ;
; M18      ;            ;                ; GND                             ; gnd    ;                                 ;                     ; --           ;                 ; --       ; --           ;
; M19      ; 334        ; 6A             ; HPS_DDR3_DQS_N                  ; bidir  ; Differential 1.5-V SSTL Class I ;                     ; Row I/O      ; N               ; no       ; Off          ;
; M20      ;            ;                ; GND                             ; gnd    ;                                 ;                     ; --           ;                 ; --       ; --           ;
; M21      ;            ; 6A, 6B         ; VCCPD6A6B_HPS                   ; power  ;                                 ; 2.5V                ; --           ;                 ; --       ; --           ;
; M22      ; 308        ; 6A             ; RESERVED_INPUT_WITH_WEAK_PULLUP ;        ;                                 ;                     ; Row I/O      ;                 ; no       ; On           ;
; M23      ; 348        ; 6A             ; HPS_DDR3_CK_P                   ; output ; Differential 1.5-V SSTL Class I ;                     ; Row I/O      ; N               ; no       ; Off          ;
; M24      ;            ; 6A             ; VCCIO6A_HPS                     ; power  ;                                 ; 1.5V                ; --           ;                 ; --       ; --           ;
; M25      ; 324        ; 6A             ; RESERVED_INPUT_WITH_WEAK_PULLUP ;        ;                                 ;                     ; Row I/O      ;                 ; no       ; On           ;
; M26      ; 314        ; 6A             ; RESERVED_INPUT_WITH_WEAK_PULLUP ;        ;                                 ;                     ; Row I/O      ;                 ; no       ; On           ;
; M27      ; 312        ; 6A             ; RESERVED_INPUT_WITH_WEAK_PULLUP ;        ;                                 ;                     ; Row I/O      ;                 ; no       ; On           ;
; M28      ; 309        ; 6A             ; RESERVED_INPUT_WITH_WEAK_PULLUP ;        ;                                 ;                     ; Row I/O      ;                 ; no       ; On           ;
; M29      ;            ;                ; GND                             ; gnd    ;                                 ;                     ; --           ;                 ; --       ; --           ;
; M30      ; 311        ; 6A             ; RESERVED_INPUT_WITH_WEAK_PULLUP ;        ;                                 ;                     ; Row I/O      ;                 ; no       ; On           ;
; N1       ;            ;                ; GND                             ; gnd    ;                                 ;                     ; --           ;                 ; --       ; --           ;
; N2       ;            ;                ; GND                             ; gnd    ;                                 ;                     ; --           ;                 ; --       ; --           ;
; N3       ;            ;                ; GND                             ; gnd    ;                                 ;                     ; --           ;                 ; --       ; --           ;
; N4       ;            ;                ; GND                             ; gnd    ;                                 ;                     ; --           ;                 ; --       ; --           ;
; N5       ;            ; --             ; VCC                             ; power  ;                                 ; 1.1V                ; --           ;                 ; --       ; --           ;
; N6       ;            ;                ; GND                             ; gnd    ;                                 ;                     ; --           ;                 ; --       ; --           ;
; N7       ;            ; --             ; VCCA_FPLL                       ; power  ;                                 ; 2.5V                ; --           ;                 ; --       ; --           ;
; N8       ;            ;                ; GND                             ; gnd    ;                                 ;                     ; --           ;                 ; --       ; --           ;
; N9       ;            ;                ; GND                             ; gnd    ;                                 ;                     ; --           ;                 ; --       ; --           ;
; N10      ;            ; --             ; VCC                             ; power  ;                                 ; 1.1V                ; --           ;                 ; --       ; --           ;
; N11      ;            ;                ; GND                             ; gnd    ;                                 ;                     ; --           ;                 ; --       ; --           ;
; N12      ;            ; --             ; VCC                             ; power  ;                                 ; 1.1V                ; --           ;                 ; --       ; --           ;
; N13      ;            ;                ; GND                             ; gnd    ;                                 ;                     ; --           ;                 ; --       ; --           ;
; N14      ;            ; --             ; VCC                             ; power  ;                                 ; 1.1V                ; --           ;                 ; --       ; --           ;
; N15      ;            ;                ; GND                             ; gnd    ;                                 ;                     ; --           ;                 ; --       ; --           ;
; N16      ; 452        ; 7D             ; RESERVED_INPUT_WITH_WEAK_PULLUP ;        ;                                 ;                     ; Column I/O   ;                 ; no       ; On           ;
; N17      ;            ;                ; GND                             ; gnd    ;                                 ;                     ; --           ;                 ; --       ; --           ;
; N18      ; 332        ; 6A             ; HPS_DDR3_DQS_P                  ; bidir  ; Differential 1.5-V SSTL Class I ;                     ; Row I/O      ; N               ; no       ; Off          ;
; N19      ;            ;                ; GND                             ; gnd    ;                                 ;                     ; --           ;                 ; --       ; --           ;
; N20      ;            ; --             ; VCC_HPS                         ; power  ;                                 ; 1.1V                ; --           ;                 ; --       ; --           ;
; N21      ;            ; 6A             ; VCCIO6A_HPS                     ; power  ;                                 ; 1.5V                ; --           ;                 ; --       ; --           ;
; N22      ;            ; 6A, 6B         ; VCCPD6A6B_HPS                   ; power  ;                                 ; 2.5V                ; --           ;                 ; --       ; --           ;
; N23      ; 310        ; 6A             ; RESERVED_INPUT_WITH_WEAK_PULLUP ;        ;                                 ;                     ; Row I/O      ;                 ; no       ; On           ;
; N24      ; 318        ; 6A             ; RESERVED_INPUT_WITH_WEAK_PULLUP ;        ;                                 ;                     ; Row I/O      ;                 ; no       ; On           ;
; N25      ; 316        ; 6A             ; RESERVED_INPUT_WITH_WEAK_PULLUP ;        ;                                 ;                     ; Row I/O      ;                 ; no       ; On           ;
; N26      ;            ;                ; GND                             ; gnd    ;                                 ;                     ; --           ;                 ; --       ; --           ;
; N27      ; 297        ; 6B             ; RESERVED_INPUT_WITH_WEAK_PULLUP ;        ;                                 ;                     ; Row I/O      ;                 ; no       ; On           ;
; N28      ; 303        ; 6B             ; RESERVED_INPUT_WITH_WEAK_PULLUP ;        ;                                 ;                     ; Row I/O      ;                 ; no       ; On           ;
; N29      ; 305        ; 6B             ; RESERVED_INPUT_WITH_WEAK_PULLUP ;        ;                                 ;                     ; Row I/O      ;                 ; no       ; On           ;
; N30      ; 307        ; 6B             ; RESERVED_INPUT_WITH_WEAK_PULLUP ;        ;                                 ;                     ; Row I/O      ;                 ; no       ; On           ;
; P1       ;            ;                ; GND                             ; gnd    ;                                 ;                     ; --           ;                 ; --       ; --           ;
; P2       ;            ;                ; GND                             ; gnd    ;                                 ;                     ; --           ;                 ; --       ; --           ;
; P3       ;            ;                ; DNU                             ;        ;                                 ;                     ; --           ;                 ; --       ; --           ;
; P4       ;            ;                ; DNU                             ;        ;                                 ;                     ; --           ;                 ; --       ; --           ;
; P5       ;            ;                ; GND                             ; gnd    ;                                 ;                     ; --           ;                 ; --       ; --           ;
; P6       ;            ; --             ; VCCA_FPLL                       ; power  ;                                 ; 2.5V                ; --           ;                 ; --       ; --           ;
; P7       ;            ;                ; GND                             ; gnd    ;                                 ;                     ; --           ;                 ; --       ; --           ;
; P8       ;            ;                ; GND                             ; gnd    ;                                 ;                     ; --           ;                 ; --       ; --           ;
; P9       ;            ;                ; GND                             ; gnd    ;                                 ;                     ; --           ;                 ; --       ; --           ;
; P10      ;            ;                ; GND                             ; gnd    ;                                 ;                     ; --           ;                 ; --       ; --           ;
; P11      ;            ; --             ; VCC                             ; power  ;                                 ; 1.1V                ; --           ;                 ; --       ; --           ;
; P12      ;            ;                ; GND                             ; gnd    ;                                 ;                     ; --           ;                 ; --       ; --           ;
; P13      ;            ; --             ; VCC                             ; power  ;                                 ; 1.1V                ; --           ;                 ; --       ; --           ;
; P14      ;            ;                ; GND                             ; gnd    ;                                 ;                     ; --           ;                 ; --       ; --           ;
; P15      ;            ; --             ; VCC_HPS                         ; power  ;                                 ; 1.1V                ; --           ;                 ; --       ; --           ;
; P16      ;            ;                ; GND                             ; gnd    ;                                 ;                     ; --           ;                 ; --       ; --           ;
; P17      ;            ; --             ; VCC_HPS                         ; power  ;                                 ; 1.1V                ; --           ;                 ; --       ; --           ;
; P18      ;            ;                ; GND                             ; gnd    ;                                 ;                     ; --           ;                 ; --       ; --           ;
; P19      ;            ; --             ; VCC_HPS                         ; power  ;                                 ; 1.1V                ; --           ;                 ; --       ; --           ;
; P20      ;            ;                ; GND                             ; gnd    ;                                 ;                     ; --           ;                 ; --       ; --           ;
; P21      ;            ; 6A, 6B         ; VCCPD6A6B_HPS                   ; power  ;                                 ; 2.5V                ; --           ;                 ; --       ; --           ;
; P22      ; 294        ; 6B             ; RESERVED_INPUT_WITH_WEAK_PULLUP ;        ;                                 ;                     ; Row I/O      ;                 ; no       ; On           ;
; P23      ;            ; 6B             ; VCCIO6B_HPS                     ; power  ;                                 ; 1.5V                ; --           ;                 ; --       ; --           ;
; P24      ; 290        ; 6B             ; RESERVED_INPUT_WITH_WEAK_PULLUP ;        ;                                 ;                     ; Row I/O      ;                 ; no       ; On           ;
; P25      ; 288        ; 6B             ; RESERVED_INPUT_WITH_WEAK_PULLUP ;        ;                                 ;                     ; Row I/O      ;                 ; no       ; On           ;
; P26      ; 298        ; 6B             ; RESERVED_INPUT_WITH_WEAK_PULLUP ;        ;                                 ;                     ; Row I/O      ;                 ; no       ; On           ;
; P27      ; 296        ; 6B             ; RESERVED_INPUT_WITH_WEAK_PULLUP ;        ;                                 ;                     ; Row I/O      ;                 ; no       ; On           ;
; P28      ;            ; 6B             ; VCCIO6B_HPS                     ; power  ;                                 ; 1.5V                ; --           ;                 ; --       ; --           ;
; P29      ; 299        ; 6B             ; RESERVED_INPUT_WITH_WEAK_PULLUP ;        ;                                 ;                     ; Row I/O      ;                 ; no       ; On           ;
; P30      ; 301        ; 6B             ; HPS_DDR3_RESET_N                ; output ; SSTL-15 Class I                 ;                     ; Row I/O      ; N               ; no       ; Off          ;
; R1       ;            ;                ; GND                             ; gnd    ;                                 ;                     ; --           ;                 ; --       ; --           ;
; R2       ;            ;                ; GND                             ; gnd    ;                                 ;                     ; --           ;                 ; --       ; --           ;
; R3       ;            ;                ; GND                             ; gnd    ;                                 ;                     ; --           ;                 ; --       ; --           ;
; R4       ;            ;                ; GND                             ; gnd    ;                                 ;                     ; --           ;                 ; --       ; --           ;
; R5       ;            ; --             ; VCC                             ; power  ;                                 ; 1.1V                ; --           ;                 ; --       ; --           ;
; R6       ;            ;                ; GND                             ; gnd    ;                                 ;                     ; --           ;                 ; --       ; --           ;
; R7       ;            ; --             ; VCCA_FPLL                       ; power  ;                                 ; 2.5V                ; --           ;                 ; --       ; --           ;
; R8       ;            ;                ; GND                             ; gnd    ;                                 ;                     ; --           ;                 ; --       ; --           ;
; R9       ;            ;                ; GND                             ; gnd    ;                                 ;                     ; --           ;                 ; --       ; --           ;
; R10      ;            ; --             ; VCC                             ; power  ;                                 ; 1.1V                ; --           ;                 ; --       ; --           ;
; R11      ;            ;                ; GND                             ; gnd    ;                                 ;                     ; --           ;                 ; --       ; --           ;
; R12      ;            ; --             ; VCC                             ; power  ;                                 ; 1.1V                ; --           ;                 ; --       ; --           ;
; R13      ;            ;                ; GND                             ; gnd    ;                                 ;                     ; --           ;                 ; --       ; --           ;
; R14      ;            ; --             ; VCC                             ; power  ;                                 ; 1.1V                ; --           ;                 ; --       ; --           ;
; R15      ;            ;                ; GND                             ; gnd    ;                                 ;                     ; --           ;                 ; --       ; --           ;
; R16      ;            ; --             ; VCC_HPS                         ; power  ;                                 ; 1.1V                ; --           ;                 ; --       ; --           ;
; R17      ;            ;                ; GND                             ; gnd    ;                                 ;                     ; --           ;                 ; --       ; --           ;
; R18      ; 302        ; 6B             ; RESERVED_INPUT_WITH_WEAK_PULLUP ;        ;                                 ;                     ; Row I/O      ;                 ; no       ; On           ;
; R19      ; 300        ; 6B             ; RESERVED_INPUT_WITH_WEAK_PULLUP ;        ;                                 ;                     ; Row I/O      ;                 ; no       ; On           ;
; R20      ;            ; 6A, 6B         ; VCCPD6A6B_HPS                   ; power  ;                                 ; 2.5V                ; --           ;                 ; --       ; --           ;
; R21      ; 286        ; 6B             ; RESERVED_INPUT_WITH_WEAK_PULLUP ;        ;                                 ;                     ; Row I/O      ;                 ; no       ; On           ;
; R22      ; 284        ; 6B             ; RESERVED_INPUT_WITH_WEAK_PULLUP ;        ;                                 ;                     ; Row I/O      ;                 ; no       ; On           ;
; R23      ;            ; 6A, 6B         ; VCCPD6A6B_HPS                   ; power  ;                                 ; 2.5V                ; --           ;                 ; --       ; --           ;
; R24      ; 272        ; 6B             ; RESERVED_INPUT_WITH_WEAK_PULLUP ;        ;                                 ;                     ; Row I/O      ;                 ; no       ; On           ;
; R25      ;            ; 6B             ; VCCIO6B_HPS                     ; power  ;                                 ; 1.5V                ; --           ;                 ; --       ; --           ;
; R26      ; 280        ; 6B             ; RESERVED_INPUT_WITH_WEAK_PULLUP ;        ;                                 ;                     ; Row I/O      ;                 ; no       ; On           ;
; R27      ; 282        ; 6B             ; RESERVED_INPUT_WITH_WEAK_PULLUP ;        ;                                 ;                     ; Row I/O      ;                 ; no       ; On           ;
; R28      ; 293        ; 6B             ; RESERVED_INPUT_WITH_WEAK_PULLUP ;        ;                                 ;                     ; Row I/O      ;                 ; no       ; On           ;
; R29      ; 295        ; 6B             ; RESERVED_INPUT_WITH_WEAK_PULLUP ;        ;                                 ;                     ; Row I/O      ;                 ; no       ; On           ;
; R30      ;            ;                ; GND                             ; gnd    ;                                 ;                     ; --           ;                 ; --       ; --           ;
; T1       ;            ;                ; GND                             ; gnd    ;                                 ;                     ; --           ;                 ; --       ; --           ;
; T2       ;            ;                ; GND                             ; gnd    ;                                 ;                     ; --           ;                 ; --       ; --           ;
; T3       ;            ;                ; DNU                             ;        ;                                 ;                     ; --           ;                 ; --       ; --           ;
; T4       ;            ;                ; DNU                             ;        ;                                 ;                     ; --           ;                 ; --       ; --           ;
; T5       ;            ;                ; GND                             ; gnd    ;                                 ;                     ; --           ;                 ; --       ; --           ;
; T6       ;            ; --             ; VCC                             ; power  ;                                 ; 1.1V                ; --           ;                 ; --       ; --           ;
; T7       ;            ;                ; GND                             ; gnd    ;                                 ;                     ; --           ;                 ; --       ; --           ;
; T8       ;            ;                ; GND                             ; gnd    ;                                 ;                     ; --           ;                 ; --       ; --           ;
; T9       ;            ;                ; GND                             ; gnd    ;                                 ;                     ; --           ;                 ; --       ; --           ;
; T10      ;            ;                ; GND                             ; gnd    ;                                 ;                     ; --           ;                 ; --       ; --           ;
; T11      ;            ; --             ; VCC                             ; power  ;                                 ; 1.1V                ; --           ;                 ; --       ; --           ;
; T12      ;            ;                ; GND                             ; gnd    ;                                 ;                     ; --           ;                 ; --       ; --           ;
; T13      ;            ; --             ; VCC                             ; power  ;                                 ; 1.1V                ; --           ;                 ; --       ; --           ;
; T14      ;            ;                ; GND                             ; gnd    ;                                 ;                     ; --           ;                 ; --       ; --           ;
; T15      ;            ;                ; GND                             ; gnd    ;                                 ;                     ; --           ;                 ; --       ; --           ;
; T16      ;            ;                ; GND                             ; gnd    ;                                 ;                     ; --           ;                 ; --       ; --           ;
; T17      ;            ; --             ; VCC_HPS                         ; power  ;                                 ; 1.1V                ; --           ;                 ; --       ; --           ;
; T18      ;            ;                ; GND                             ; gnd    ;                                 ;                     ; --           ;                 ; --       ; --           ;
; T19      ;            ; --             ; VCC_HPS                         ; power  ;                                 ; 1.1V                ; --           ;                 ; --       ; --           ;
; T20      ;            ;                ; GND                             ; gnd    ;                                 ;                     ; --           ;                 ; --       ; --           ;
; T21      ; 278        ; 6B             ; RESERVED_INPUT_WITH_WEAK_PULLUP ;        ;                                 ;                     ; Row I/O      ;                 ; no       ; On           ;
; T22      ;            ; 6B             ; VCCIO6B_HPS                     ; power  ;                                 ; 1.5V                ; --           ;                 ; --       ; --           ;
; T23      ; 270        ; 6B             ; RESERVED_INPUT_WITH_WEAK_PULLUP ;        ;                                 ;                     ; Row I/O      ;                 ; no       ; On           ;
; T24      ; 268        ; 6B             ; RESERVED_INPUT_WITH_WEAK_PULLUP ;        ;                                 ;                     ; Row I/O      ;                 ; no       ; On           ;
; T25      ; 266        ; 6B             ; RESERVED_INPUT_WITH_WEAK_PULLUP ;        ;                                 ;                     ; Row I/O      ;                 ; no       ; On           ;
; T26      ; 304        ; 6B             ; RESERVED_INPUT_WITH_WEAK_PULLUP ;        ;                                 ;                     ; Row I/O      ;                 ; no       ; On           ;
; T27      ;            ;                ; GND                             ; gnd    ;                                 ;                     ; --           ;                 ; --       ; --           ;
; T28      ; 287        ; 6B             ; RESERVED_INPUT_WITH_WEAK_PULLUP ;        ;                                 ;                     ; Row I/O      ;                 ; no       ; On           ;
; T29      ; 289        ; 6B             ; RESERVED_INPUT_WITH_WEAK_PULLUP ;        ;                                 ;                     ; Row I/O      ;                 ; no       ; On           ;
; T30      ; 291        ; 6B             ; RESERVED_INPUT_WITH_WEAK_PULLUP ;        ;                                 ;                     ; Row I/O      ;                 ; no       ; On           ;
; U1       ;            ;                ; GND                             ; gnd    ;                                 ;                     ; --           ;                 ; --       ; --           ;
; U2       ;            ;                ; GND                             ; gnd    ;                                 ;                     ; --           ;                 ; --       ; --           ;
; U3       ;            ;                ; GND                             ; gnd    ;                                 ;                     ; --           ;                 ; --       ; --           ;
; U4       ;            ;                ; GND                             ; gnd    ;                                 ;                     ; --           ;                 ; --       ; --           ;
; U5       ;            ; --             ; VCC                             ; power  ;                                 ; 1.1V                ; --           ;                 ; --       ; --           ;
; U6       ;            ;                ; GND                             ; gnd    ;                                 ;                     ; --           ;                 ; --       ; --           ;
; U7       ; 50         ; 3A             ; ^DCLK                           ;        ;                                 ;                     ; Weak Pull Up ;                 ; --       ; On           ;
; U8       ; 48         ; 3A             ; #TDI                            ; input  ;                                 ;                     ; --           ;                 ; --       ; --           ;
; U9       ;            ;                ; GND                             ; gnd    ;                                 ;                     ; --           ;                 ; --       ; --           ;
; U10      ;            ; --             ; VCC                             ; power  ;                                 ; 1.1V                ; --           ;                 ; --       ; --           ;
; U11      ;            ;                ; GND                             ; gnd    ;                                 ;                     ; --           ;                 ; --       ; --           ;
; U12      ;            ; --             ; VCC                             ; power  ;                                 ; 1.1V                ; --           ;                 ; --       ; --           ;
; U13      ;            ;                ; GND                             ; gnd    ;                                 ;                     ; --           ;                 ; --       ; --           ;
; U14      ;            ; --             ; VCC                             ; power  ;                                 ; 1.1V                ; --           ;                 ; --       ; --           ;
; U15      ;            ;                ; GND                             ; gnd    ;                                 ;                     ; --           ;                 ; --       ; --           ;
; U16      ;            ; --             ; VCC_HPS                         ; power  ;                                 ; 1.1V                ; --           ;                 ; --       ; --           ;
; U17      ;            ;                ; GND                             ; gnd    ;                                 ;                     ; --           ;                 ; --       ; --           ;
; U18      ;            ; --             ; VCC_HPS                         ; power  ;                                 ; 1.1V                ; --           ;                 ; --       ; --           ;
; U19      ;            ; 6B             ; VCCIO6B_HPS                     ; power  ;                                 ; 1.5V                ; --           ;                 ; --       ; --           ;
; U20      ; 276        ; 6B             ; RESERVED_INPUT_WITH_WEAK_PULLUP ;        ;                                 ;                     ; Row I/O      ;                 ; no       ; On           ;
; U21      ;            ; --             ; VCC                             ; power  ;                                 ; 1.1V                ; --           ;                 ; --       ; --           ;
; U22      ;            ;                ; GND                             ; gnd    ;                                 ;                     ; --           ;                 ; --       ; --           ;
; U23      ;            ; 5B             ; VCCPD5B                         ; power  ;                                 ; 2.5V                ; --           ;                 ; --       ; --           ;
; U24      ;            ;                ; GND                             ; gnd    ;                                 ;                     ; --           ;                 ; --       ; --           ;
; U25      ; 264        ; 6B             ; RESERVED_INPUT_WITH_WEAK_PULLUP ;        ;                                 ;                     ; Row I/O      ;                 ; no       ; On           ;
; U26      ; 306        ; 6B             ; RESERVED_INPUT_WITH_WEAK_PULLUP ;        ;                                 ;                     ; Row I/O      ;                 ; no       ; On           ;
; U27      ; 273        ; 6B             ; RESERVED_INPUT_WITH_WEAK_PULLUP ;        ;                                 ;                     ; Row I/O      ;                 ; no       ; On           ;
; U28      ; 285        ; 6B             ; RESERVED_INPUT_WITH_WEAK_PULLUP ;        ;                                 ;                     ; Row I/O      ;                 ; no       ; On           ;
; U29      ;            ;                ; GND                             ; gnd    ;                                 ;                     ; --           ;                 ; --       ; --           ;
; U30      ; 283        ; 6B             ; RESERVED_INPUT_WITH_WEAK_PULLUP ;        ;                                 ;                     ; Row I/O      ;                 ; --       ; --           ;
; V1       ;            ;                ; GND                             ; gnd    ;                                 ;                     ; --           ;                 ; --       ; --           ;
; V2       ;            ;                ; GND                             ; gnd    ;                                 ;                     ; --           ;                 ; --       ; --           ;
; V3       ;            ;                ; DNU                             ;        ;                                 ;                     ; --           ;                 ; --       ; --           ;
; V4       ;            ;                ; DNU                             ;        ;                                 ;                     ; --           ;                 ; --       ; --           ;
; V5       ;            ;                ; GND                             ; gnd    ;                                 ;                     ; --           ;                 ; --       ; --           ;
; V6       ;            ; --             ; VCCA_FPLL                       ; power  ;                                 ; 2.5V                ; --           ;                 ; --       ; --           ;
; V7       ;            ;                ; GND                             ; gnd    ;                                 ;                     ; --           ;                 ; --       ; --           ;
; V8       ;            ; --             ; VCCA_FPLL                       ; power  ;                                 ; 2.5V                ; --           ;                 ; --       ; --           ;
; V9       ; 44         ; 3A             ; #TMS                            ; input  ;                                 ;                     ; --           ;                 ; --       ; --           ;
; V10      ;            ;                ; GND                             ; gnd    ;                                 ;                     ; --           ;                 ; --       ; --           ;
; V11      ;            ; --             ; VCC                             ; power  ;                                 ; 1.1V                ; --           ;                 ; --       ; --           ;
; V12      ;            ;                ; GND                             ; gnd    ;                                 ;                     ; --           ;                 ; --       ; --           ;
; V13      ;            ; --             ; VCC                             ; power  ;                                 ; 1.1V                ; --           ;                 ; --       ; --           ;
; V14      ;            ;                ; GND                             ; gnd    ;                                 ;                     ; --           ;                 ; --       ; --           ;
; V15      ;            ; --             ; VCC                             ; power  ;                                 ; 1.1V                ; --           ;                 ; --       ; --           ;
; V16      ; 138        ; 4A             ; RESERVED_INPUT_WITH_WEAK_PULLUP ;        ;                                 ;                     ; Column I/O   ;                 ; no       ; On           ;
; V17      ; 154        ; 4A             ; RESERVED_INPUT_WITH_WEAK_PULLUP ;        ;                                 ;                     ; Column I/O   ;                 ; no       ; On           ;
; V18      ; 194        ; 4A             ; RESERVED_INPUT_WITH_WEAK_PULLUP ;        ;                                 ;                     ; Column I/O   ;                 ; no       ; On           ;
; V19      ;            ;                ; GND                             ; gnd    ;                                 ;                     ; --           ;                 ; --       ; --           ;
; V20      ; 292        ; 6B             ; RESERVED_INPUT_WITH_WEAK_PULLUP ;        ;                                 ;                     ; Row I/O      ;                 ; no       ; On           ;
; V21      ;            ;                ; GND                             ; gnd    ;                                 ;                     ; --           ;                 ; --       ; --           ;
; V22      ;            ; 5A             ; VCCPD5A                         ; power  ;                                 ; 2.5V                ; --           ;                 ; --       ; --           ;
; V23      ; 236        ; 5A             ; RESERVED_INPUT_WITH_WEAK_PULLUP ;        ;                                 ;                     ; Row I/O      ;                 ; no       ; On           ;
; V24      ;            ; 5A             ; VCCPD5A                         ; power  ;                                 ; 2.5V                ; --           ;                 ; --       ; --           ;
; V25      ; 246        ; 5B             ; RESERVED_INPUT_WITH_WEAK_PULLUP ;        ;                                 ;                     ; Row I/O      ;                 ; no       ; On           ;
; V26      ;            ; 6B             ; VCCIO6B_HPS                     ; power  ;                                 ; 1.5V                ; --           ;                 ; --       ; --           ;
; V27      ; 265        ; 6B             ; RESERVED_INPUT_WITH_WEAK_PULLUP ;        ;                                 ;                     ; Row I/O      ;                 ; no       ; On           ;
; V28      ; 271        ; 6B             ; RESERVED_INPUT_WITH_WEAK_PULLUP ;        ;                                 ;                     ; Row I/O      ;                 ; no       ; On           ;
; V29      ; 275        ; 6B             ; RESERVED_INPUT_WITH_WEAK_PULLUP ;        ;                                 ;                     ; Row I/O      ;                 ; no       ; On           ;
; V30      ; 281        ; 6B             ; RESERVED_INPUT_WITH_WEAK_PULLUP ;        ;                                 ;                     ; Row I/O      ;                 ; no       ; On           ;
; W1       ;            ;                ; GND                             ; gnd    ;                                 ;                     ; --           ;                 ; --       ; --           ;
; W2       ;            ;                ; GND                             ; gnd    ;                                 ;                     ; --           ;                 ; --       ; --           ;
; W3       ;            ;                ; GND                             ; gnd    ;                                 ;                     ; --           ;                 ; --       ; --           ;
; W4       ;            ;                ; GND                             ; gnd    ;                                 ;                     ; --           ;                 ; --       ; --           ;
; W5       ;            ; --             ; VCC                             ; power  ;                                 ; 1.1V                ; --           ;                 ; --       ; --           ;
; W6       ;            ;                ; GND                             ; gnd    ;                                 ;                     ; --           ;                 ; --       ; --           ;
; W7       ;            ;                ; GND                             ; gnd    ;                                 ;                     ; --           ;                 ; --       ; --           ;
; W8       ;            ;                ; GND                             ; gnd    ;                                 ;                     ; --           ;                 ; --       ; --           ;
; W9       ;            ;                ; GND                             ; gnd    ;                                 ;                     ; --           ;                 ; --       ; --           ;
; W10      ;            ; --             ; VCC                             ; power  ;                                 ; 1.1V                ; --           ;                 ; --       ; --           ;
; W11      ;            ;                ; GND                             ; gnd    ;                                 ;                     ; --           ;                 ; --       ; --           ;
; W12      ;            ; --             ; VCC                             ; power  ;                                 ; 1.1V                ; --           ;                 ; --       ; --           ;
; W13      ;            ;                ; GND                             ; gnd    ;                                 ;                     ; --           ;                 ; --       ; --           ;
; W14      ;            ; --             ; VCC                             ; power  ;                                 ; 1.1V                ; --           ;                 ; --       ; --           ;
; W15      ; 130        ; 3B             ; RESERVED_INPUT_WITH_WEAK_PULLUP ;        ;                                 ;                     ; Column I/O   ;                 ; no       ; On           ;
; W16      ; 136        ; 4A             ; RESERVED_INPUT_WITH_WEAK_PULLUP ;        ;                                 ;                     ; Column I/O   ;                 ; no       ; On           ;
; W17      ; 152        ; 4A             ; RESERVED_INPUT_WITH_WEAK_PULLUP ;        ;                                 ;                     ; Column I/O   ;                 ; no       ; On           ;
; W18      ;            ;                ; GND                             ; gnd    ;                                 ;                     ; --           ;                 ; --       ; --           ;
; W19      ; 192        ; 4A             ; RESERVED_INPUT_WITH_WEAK_PULLUP ;        ;                                 ;                     ; Column I/O   ;                 ; no       ; On           ;
; W20      ; 217        ; 5A             ; RESERVED_INPUT_WITH_WEAK_PULLUP ;        ;                                 ;                     ; Row I/O      ;                 ; no       ; On           ;
; W21      ; 221        ; 5A             ; RESERVED_INPUT_WITH_WEAK_PULLUP ;        ;                                 ;                     ; Row I/O      ;                 ; no       ; On           ;
; W22      ; 223        ; 5A             ; RESERVED_INPUT_WITH_WEAK_PULLUP ;        ;                                 ;                     ; Row I/O      ;                 ; no       ; On           ;
; W23      ;            ; 5A             ; VCCIO5A                         ; power  ;                                 ; 2.5V                ; --           ;                 ; --       ; --           ;
; W24      ; 238        ; 5A             ; RESERVED_INPUT_WITH_WEAK_PULLUP ;        ;                                 ;                     ; Row I/O      ;                 ; no       ; On           ;
; W25      ; 244        ; 5B             ; RESERVED_INPUT_WITH_WEAK_PULLUP ;        ;                                 ;                     ; Row I/O      ;                 ; no       ; On           ;
; W26      ; 274        ; 6B             ; RESERVED_INPUT_WITH_WEAK_PULLUP ;        ;                                 ;                     ; Row I/O      ;                 ; no       ; On           ;
; W27      ; 261        ; 6B             ; RESERVED_INPUT_WITH_WEAK_PULLUP ;        ;                                 ;                     ; Row I/O      ;                 ; no       ; On           ;
; W28      ;            ;                ; GND                             ; gnd    ;                                 ;                     ; --           ;                 ; --       ; --           ;
; W29      ; 279        ; 6B             ; RESERVED_INPUT_WITH_WEAK_PULLUP ;        ;                                 ;                     ; Row I/O      ;                 ; no       ; On           ;
; W30      ; 277        ; 6B             ; RESERVED_INPUT_WITH_WEAK_PULLUP ;        ;                                 ;                     ; Row I/O      ;                 ; no       ; On           ;
; Y1       ;            ;                ; GND                             ; gnd    ;                                 ;                     ; --           ;                 ; --       ; --           ;
; Y2       ;            ;                ; GND                             ; gnd    ;                                 ;                     ; --           ;                 ; --       ; --           ;
; Y3       ;            ;                ; DNU                             ;        ;                                 ;                     ; --           ;                 ; --       ; --           ;
; Y4       ;            ;                ; DNU                             ;        ;                                 ;                     ; --           ;                 ; --       ; --           ;
; Y5       ;            ;                ; GND                             ; gnd    ;                                 ;                     ; --           ;                 ; --       ; --           ;
; Y6       ;            ; --             ; VCC                             ; power  ;                                 ; 1.1V                ; --           ;                 ; --       ; --           ;
; Y7       ;            ;                ; GND                             ; gnd    ;                                 ;                     ; --           ;                 ; --       ; --           ;
; Y8       ;            ;                ; GND                             ; gnd    ;                                 ;                     ; --           ;                 ; --       ; --           ;
; Y9       ;            ; --             ; VCC                             ; power  ;                                 ; 1.1V                ; --           ;                 ; --       ; --           ;
; Y10      ;            ;                ; GND                             ; gnd    ;                                 ;                     ; --           ;                 ; --       ; --           ;
; Y11      ;            ; --             ; VCC                             ; power  ;                                 ; 1.1V                ; --           ;                 ; --       ; --           ;
; Y12      ;            ;                ; GND                             ; gnd    ;                                 ;                     ; --           ;                 ; --       ; --           ;
; Y13      ;            ; --             ; VCC                             ; power  ;                                 ; 1.1V                ; --           ;                 ; --       ; --           ;
; Y14      ;            ;                ; GND                             ; gnd    ;                                 ;                     ; --           ;                 ; --       ; --           ;
; Y15      ;            ;                ; GND                             ; gnd    ;                                 ;                     ; --           ;                 ; --       ; --           ;
; Y16      ; 128        ; 3B             ; RESERVED_INPUT_WITH_WEAK_PULLUP ;        ;                                 ;                     ; Column I/O   ;                 ; no       ; On           ;
; Y17      ; 170        ; 4A             ; RESERVED_INPUT_WITH_WEAK_PULLUP ;        ;                                 ;                     ; Column I/O   ;                 ; no       ; On           ;
; Y18      ; 178        ; 4A             ; RESERVED_INPUT_WITH_WEAK_PULLUP ;        ;                                 ;                     ; Column I/O   ;                 ; no       ; On           ;
; Y19      ; 202        ; 4A             ; RESERVED_INPUT_WITH_WEAK_PULLUP ;        ;                                 ;                     ; Column I/O   ;                 ; no       ; On           ;
; Y20      ;            ;                ; GND                             ; gnd    ;                                 ;                     ; --           ;                 ; --       ; --           ;
; Y21      ; 219        ; 5A             ; RESERVED_INPUT_WITH_WEAK_PULLUP ;        ;                                 ;                     ; Row I/O      ;                 ; no       ; On           ;
; Y22      ;            ; --             ; VCCA_FPLL                       ; power  ;                                 ; 2.5V                ; --           ;                 ; --       ; --           ;
; Y23      ; 232        ; 5A             ; RESERVED_INPUT_WITH_WEAK_PULLUP ;        ;                                 ;                     ; Row I/O      ;                 ; no       ; On           ;
; Y24      ; 234        ; 5A             ; RESERVED_INPUT_WITH_WEAK_PULLUP ;        ;                                 ;                     ; Row I/O      ;                 ; no       ; On           ;
; Y25      ;            ;                ; GND                             ; gnd    ;                                 ;                     ; --           ;                 ; --       ; --           ;
; Y26      ; 256        ; 5B             ; RESERVED_INPUT_WITH_WEAK_PULLUP ;        ;                                 ;                     ; Row I/O      ;                 ; no       ; On           ;
; Y27      ; 258        ; 5B             ; LEDR[5]                         ; output ; 2.5 V                           ;                     ; Row I/O      ; N               ; no       ; Off          ;
; Y28      ; 269        ; 6B             ; RESERVED_INPUT_WITH_WEAK_PULLUP ;        ;                                 ;                     ; Row I/O      ;                 ; no       ; On           ;
; Y29      ; 263        ; 6B             ; RESERVED_INPUT_WITH_WEAK_PULLUP ;        ;                                 ;                     ; Row I/O      ;                 ; no       ; On           ;
; Y30      ;            ;                ; GND                             ; gnd    ;                                 ;                     ; --           ;                 ; --       ; --           ;
+----------+------------+----------------+---------------------------------+--------+---------------------------------+---------------------+--------------+-----------------+----------+--------------+
Note: Pin directions (input, output or bidir) are based on device operating in user mode.


+------------------------------------------------------------------------------------------------------------------------------------------------------------------------------------------------------------------------------------------------------------+
; DLL Summary                                                                                                                                                                                                                                                ;
+-----------------------------------------------------------------------------------------------------------------------------------------------------------------+----------------+----------------------+-------------------------+------------------------+
; DLL                                                                                                                                                             ; Location       ; Low Jitter/Fast Lock ; Cycles Required to Lock ; Delay Control Out Mode ;
+-----------------------------------------------------------------------------------------------------------------------------------------------------------------+----------------+----------------------+-------------------------+------------------------+
; unsaved:u0|unsaved_hps_1:hps_1|unsaved_hps_1_hps_io:hps_io|unsaved_hps_1_hps_io_border:border|hps_sdram:hps_sdram_inst|altera_mem_if_dll_cyclonev:dll|dll_wys_m ; DLL_X89_Y81_N3 ; Low Jitter           ; 1280                    ; normal                 ;
+-----------------------------------------------------------------------------------------------------------------------------------------------------------------+----------------+----------------------+-------------------------+------------------------+


+-----------------------------------------------------+
; I/O Assignment Warnings                             ;
+---------------------+-------------------------------+
; Pin Name            ; Reason                        ;
+---------------------+-------------------------------+
; CLOCK_50            ; Incomplete set of assignments ;
; LEDR[0]             ; Incomplete set of assignments ;
; LEDR[1]             ; Incomplete set of assignments ;
; LEDR[2]             ; Incomplete set of assignments ;
; LEDR[3]             ; Incomplete set of assignments ;
; LEDR[4]             ; Incomplete set of assignments ;
; LEDR[5]             ; Incomplete set of assignments ;
; LEDR[6]             ; Incomplete set of assignments ;
; LEDR[7]             ; Incomplete set of assignments ;
; LEDR[8]             ; Incomplete set of assignments ;
; LEDR[9]             ; Incomplete set of assignments ;
; HPS_DDR3_ADDR[0]    ; Missing slew rate             ;
; HPS_DDR3_ADDR[1]    ; Missing slew rate             ;
; HPS_DDR3_ADDR[2]    ; Missing slew rate             ;
; HPS_DDR3_ADDR[3]    ; Missing slew rate             ;
; HPS_DDR3_ADDR[4]    ; Missing slew rate             ;
; HPS_DDR3_ADDR[5]    ; Missing slew rate             ;
; HPS_DDR3_ADDR[6]    ; Missing slew rate             ;
; HPS_DDR3_ADDR[7]    ; Missing slew rate             ;
; HPS_DDR3_ADDR[8]    ; Missing slew rate             ;
; HPS_DDR3_ADDR[9]    ; Missing slew rate             ;
; HPS_DDR3_ADDR[10]   ; Missing slew rate             ;
; HPS_DDR3_ADDR[11]   ; Missing slew rate             ;
; HPS_DDR3_ADDR[12]   ; Missing slew rate             ;
; HPS_DDR3_ADDR[13]   ; Missing slew rate             ;
; HPS_DDR3_BA[0]      ; Missing slew rate             ;
; HPS_DDR3_BA[1]      ; Missing slew rate             ;
; HPS_DDR3_BA[2]      ; Missing slew rate             ;
; HPS_DDR3_CAS_N      ; Missing slew rate             ;
; HPS_DDR3_CKE        ; Missing slew rate             ;
; HPS_DDR3_CS_N       ; Missing slew rate             ;
; HPS_DDR3_ODT        ; Missing slew rate             ;
; HPS_DDR3_RAS_N      ; Missing slew rate             ;
; HPS_DDR3_RESET_N    ; Missing slew rate             ;
; HPS_DDR3_WE_N       ; Missing slew rate             ;
; HPS_ENET_MDC        ; Incomplete set of assignments ;
; HPS_ENET_TX_CLK     ; Incomplete set of assignments ;
; HPS_ENET_TX_EN      ; Incomplete set of assignments ;
; HPS_ENET_TX_DATA[0] ; Incomplete set of assignments ;
; HPS_ENET_TX_DATA[1] ; Incomplete set of assignments ;
; HPS_ENET_TX_DATA[2] ; Incomplete set of assignments ;
; HPS_ENET_TX_DATA[3] ; Incomplete set of assignments ;
; HPS_UART_TX         ; Incomplete set of assignments ;
; HPS_ENET_MDIO       ; Incomplete set of assignments ;
; HPS_SD_CLK          ; Incomplete set of assignments ;
; HPS_SD_CMD          ; Incomplete set of assignments ;
; HPS_SD_DATA[0]      ; Incomplete set of assignments ;
; HPS_SD_DATA[1]      ; Incomplete set of assignments ;
; HPS_SD_DATA[2]      ; Incomplete set of assignments ;
; HPS_SD_DATA[3]      ; Incomplete set of assignments ;
; HPS_ENET_RX_DATA[0] ; Incomplete set of assignments ;
; HPS_ENET_RX_DATA[1] ; Incomplete set of assignments ;
; HPS_ENET_RX_DATA[2] ; Incomplete set of assignments ;
; HPS_ENET_RX_DATA[3] ; Incomplete set of assignments ;
; HPS_ENET_RX_CLK     ; Incomplete set of assignments ;
; HPS_ENET_RX_DV      ; Incomplete set of assignments ;
; HPS_UART_RX         ; Incomplete set of assignments ;
; CLOCK_50            ; Missing location assignment   ;
; LEDR[0]             ; Missing location assignment   ;
; LEDR[1]             ; Missing location assignment   ;
; LEDR[2]             ; Missing location assignment   ;
; LEDR[3]             ; Missing location assignment   ;
; LEDR[4]             ; Missing location assignment   ;
; LEDR[5]             ; Missing location assignment   ;
; LEDR[6]             ; Missing location assignment   ;
; LEDR[7]             ; Missing location assignment   ;
; LEDR[8]             ; Missing location assignment   ;
; LEDR[9]             ; Missing location assignment   ;
; HPS_DDR3_ADDR[0]    ; Missing location assignment   ;
; HPS_DDR3_ADDR[1]    ; Missing location assignment   ;
; HPS_DDR3_ADDR[2]    ; Missing location assignment   ;
; HPS_DDR3_ADDR[3]    ; Missing location assignment   ;
; HPS_DDR3_ADDR[4]    ; Missing location assignment   ;
; HPS_DDR3_ADDR[5]    ; Missing location assignment   ;
; HPS_DDR3_ADDR[6]    ; Missing location assignment   ;
; HPS_DDR3_ADDR[7]    ; Missing location assignment   ;
; HPS_DDR3_ADDR[8]    ; Missing location assignment   ;
; HPS_DDR3_ADDR[9]    ; Missing location assignment   ;
; HPS_DDR3_ADDR[10]   ; Missing location assignment   ;
; HPS_DDR3_ADDR[11]   ; Missing location assignment   ;
; HPS_DDR3_ADDR[12]   ; Missing location assignment   ;
; HPS_DDR3_ADDR[13]   ; Missing location assignment   ;
; HPS_DDR3_BA[0]      ; Missing location assignment   ;
; HPS_DDR3_BA[1]      ; Missing location assignment   ;
; HPS_DDR3_BA[2]      ; Missing location assignment   ;
; HPS_DDR3_CAS_N      ; Missing location assignment   ;
; HPS_DDR3_CKE        ; Missing location assignment   ;
; HPS_DDR3_CK_N       ; Missing location assignment   ;
; HPS_DDR3_CK_P       ; Missing location assignment   ;
; HPS_DDR3_CS_N       ; Missing location assignment   ;
; HPS_DDR3_DM         ; Missing location assignment   ;
; HPS_DDR3_ODT        ; Missing location assignment   ;
; HPS_DDR3_RAS_N      ; Missing location assignment   ;
; HPS_DDR3_RESET_N    ; Missing location assignment   ;
; HPS_DDR3_WE_N       ; Missing location assignment   ;
; HPS_ENET_TX_CLK     ; Missing location assignment   ;
; HPS_DDR3_DQ[0]      ; Missing location assignment   ;
; HPS_DDR3_DQ[1]      ; Missing location assignment   ;
; HPS_DDR3_DQ[2]      ; Missing location assignment   ;
; HPS_DDR3_DQ[3]      ; Missing location assignment   ;
; HPS_DDR3_DQ[4]      ; Missing location assignment   ;
; HPS_DDR3_DQ[5]      ; Missing location assignment   ;
; HPS_DDR3_DQ[6]      ; Missing location assignment   ;
; HPS_DDR3_DQ[7]      ; Missing location assignment   ;
; HPS_DDR3_DQS_N      ; Missing location assignment   ;
; HPS_DDR3_DQS_P      ; Missing location assignment   ;
; HPS_DDR3_RZQ        ; Missing location assignment   ;
+---------------------+-------------------------------+


+----------------------------------------------------------------------------------------------------------------------------------------------------------------------------------------------------------------------------------------------------------------------------------------------------------------------------------------------------------------------------------------------------------------------------------------------------------------------------------------------------------------------------------------------------------------------------------------------------------------------------------------------------------------------------------------------------------------------------------------------------------------------------------------------------------------------------------+
; Fitter Resource Utilization by Entity                                                                                                                                                                                                                                                                                                                                                                                                                                                                                                                                                                                                                                                                                                                                                                                            ;
+-----------------------------------------------------------------------------------------------+----------------------+----------------------------------+---------------------------------------------------+----------------------------------+----------------------+---------------------+---------------------------+---------------+-------------------+-------+------------+------+--------------+------------------------------------------------------------------------------------------------------------------------------------------------------------------------------------------------------------------------------------------------------------------------------------------------------------------------------------------------------+---------------------------------------------------+--------------+
; Compilation Hierarchy Node                                                                    ; ALMs needed [=A-B+C] ; [A] ALMs used in final placement ; [B] Estimate of ALMs recoverable by dense packing ; [C] Estimate of ALMs unavailable ; ALMs used for memory ; Combinational ALUTs ; Dedicated Logic Registers ; I/O Registers ; Block Memory Bits ; M10Ks ; DSP Blocks ; Pins ; Virtual Pins ; Full Hierarchy Name                                                                                                                                                                                                                                                                                                                                  ; Entity Name                                       ; Library Name ;
+-----------------------------------------------------------------------------------------------+----------------------+----------------------------------+---------------------------------------------------+----------------------------------+----------------------+---------------------+---------------------------+---------------+-------------------+-------+------------+------+--------------+------------------------------------------------------------------------------------------------------------------------------------------------------------------------------------------------------------------------------------------------------------------------------------------------------------------------------------------------------+---------------------------------------------------+--------------+
; |DE1_SoC_Demo                                                                                 ; 19.5 (0.0)           ; 24.5 (0.0)                       ; 5.0 (0.0)                                         ; 0.0 (0.0)                        ; 0.0 (0.0)            ; 35 (0)              ; 38 (0)                    ; 92 (92)       ; 0                 ; 0     ; 0          ; 71   ; 0            ; |DE1_SoC_Demo                                                                                                                                                                                                                                                                                                                                        ; DE1_SoC_Demo                                      ; work         ;
;    |unsaved:u0|                                                                               ; 19.5 (0.0)           ; 24.5 (0.0)                       ; 5.0 (0.0)                                         ; 0.0 (0.0)                        ; 0.0 (0.0)            ; 35 (0)              ; 38 (0)                    ; 0 (0)         ; 0                 ; 0     ; 0          ; 0    ; 0            ; |DE1_SoC_Demo|unsaved:u0                                                                                                                                                                                                                                                                                                                             ; unsaved                                           ; unsaved      ;
;       |unsaved_hps_1:hps_1|                                                                   ; 0.0 (0.0)            ; 0.0 (0.0)                        ; 0.0 (0.0)                                         ; 0.0 (0.0)                        ; 0.0 (0.0)            ; 0 (0)               ; 0 (0)                     ; 0 (0)         ; 0                 ; 0     ; 0          ; 0    ; 0            ; |DE1_SoC_Demo|unsaved:u0|unsaved_hps_1:hps_1                                                                                                                                                                                                                                                                                                         ; unsaved_hps_1                                     ; unsaved      ;
;          |unsaved_hps_1_fpga_interfaces:fpga_interfaces|                                      ; 0.0 (0.0)            ; 0.0 (0.0)                        ; 0.0 (0.0)                                         ; 0.0 (0.0)                        ; 0.0 (0.0)            ; 0 (0)               ; 0 (0)                     ; 0 (0)         ; 0                 ; 0     ; 0          ; 0    ; 0            ; |DE1_SoC_Demo|unsaved:u0|unsaved_hps_1:hps_1|unsaved_hps_1_fpga_interfaces:fpga_interfaces                                                                                                                                                                                                                                                           ; unsaved_hps_1_fpga_interfaces                     ; unsaved      ;
;          |unsaved_hps_1_hps_io:hps_io|                                                        ; 0.0 (0.0)            ; 0.0 (0.0)                        ; 0.0 (0.0)                                         ; 0.0 (0.0)                        ; 0.0 (0.0)            ; 0 (0)               ; 0 (0)                     ; 0 (0)         ; 0                 ; 0     ; 0          ; 0    ; 0            ; |DE1_SoC_Demo|unsaved:u0|unsaved_hps_1:hps_1|unsaved_hps_1_hps_io:hps_io                                                                                                                                                                                                                                                                             ; unsaved_hps_1_hps_io                              ; unsaved      ;
;             |unsaved_hps_1_hps_io_border:border|                                              ; 0.0 (0.0)            ; 0.0 (0.0)                        ; 0.0 (0.0)                                         ; 0.0 (0.0)                        ; 0.0 (0.0)            ; 0 (0)               ; 0 (0)                     ; 0 (0)         ; 0                 ; 0     ; 0          ; 0    ; 0            ; |DE1_SoC_Demo|unsaved:u0|unsaved_hps_1:hps_1|unsaved_hps_1_hps_io:hps_io|unsaved_hps_1_hps_io_border:border                                                                                                                                                                                                                                          ; unsaved_hps_1_hps_io_border                       ; unsaved      ;
;                |hps_sdram:hps_sdram_inst|                                                     ; 0.0 (0.0)            ; 0.0 (0.0)                        ; 0.0 (0.0)                                         ; 0.0 (0.0)                        ; 0.0 (0.0)            ; 0 (0)               ; 0 (0)                     ; 0 (0)         ; 0                 ; 0     ; 0          ; 0    ; 0            ; |DE1_SoC_Demo|unsaved:u0|unsaved_hps_1:hps_1|unsaved_hps_1_hps_io:hps_io|unsaved_hps_1_hps_io_border:border|hps_sdram:hps_sdram_inst                                                                                                                                                                                                                 ; hps_sdram                                         ; unsaved      ;
;                   |altera_mem_if_dll_cyclonev:dll|                                            ; 0.0 (0.0)            ; 0.0 (0.0)                        ; 0.0 (0.0)                                         ; 0.0 (0.0)                        ; 0.0 (0.0)            ; 0 (0)               ; 0 (0)                     ; 0 (0)         ; 0                 ; 0     ; 0          ; 0    ; 0            ; |DE1_SoC_Demo|unsaved:u0|unsaved_hps_1:hps_1|unsaved_hps_1_hps_io:hps_io|unsaved_hps_1_hps_io_border:border|hps_sdram:hps_sdram_inst|altera_mem_if_dll_cyclonev:dll                                                                                                                                                                                  ; altera_mem_if_dll_cyclonev                        ; unsaved      ;
;                   |altera_mem_if_hard_memory_controller_top_cyclonev:c0|                      ; 0.0 (0.0)            ; 0.0 (0.0)                        ; 0.0 (0.0)                                         ; 0.0 (0.0)                        ; 0.0 (0.0)            ; 0 (0)               ; 0 (0)                     ; 0 (0)         ; 0                 ; 0     ; 0          ; 0    ; 0            ; |DE1_SoC_Demo|unsaved:u0|unsaved_hps_1:hps_1|unsaved_hps_1_hps_io:hps_io|unsaved_hps_1_hps_io_border:border|hps_sdram:hps_sdram_inst|altera_mem_if_hard_memory_controller_top_cyclonev:c0                                                                                                                                                            ; altera_mem_if_hard_memory_controller_top_cyclonev ; unsaved      ;
;                   |altera_mem_if_oct_cyclonev:oct|                                            ; 0.0 (0.0)            ; 0.0 (0.0)                        ; 0.0 (0.0)                                         ; 0.0 (0.0)                        ; 0.0 (0.0)            ; 0 (0)               ; 0 (0)                     ; 0 (0)         ; 0                 ; 0     ; 0          ; 0    ; 0            ; |DE1_SoC_Demo|unsaved:u0|unsaved_hps_1:hps_1|unsaved_hps_1_hps_io:hps_io|unsaved_hps_1_hps_io_border:border|hps_sdram:hps_sdram_inst|altera_mem_if_oct_cyclonev:oct                                                                                                                                                                                  ; altera_mem_if_oct_cyclonev                        ; unsaved      ;
;                   |hps_sdram_p0:p0|                                                           ; 0.0 (0.0)            ; 0.0 (0.0)                        ; 0.0 (0.0)                                         ; 0.0 (0.0)                        ; 0.0 (0.0)            ; 0 (0)               ; 0 (0)                     ; 0 (0)         ; 0                 ; 0     ; 0          ; 0    ; 0            ; |DE1_SoC_Demo|unsaved:u0|unsaved_hps_1:hps_1|unsaved_hps_1_hps_io:hps_io|unsaved_hps_1_hps_io_border:border|hps_sdram:hps_sdram_inst|hps_sdram_p0:p0                                                                                                                                                                                                 ; hps_sdram_p0                                      ; unsaved      ;
;                      |hps_sdram_p0_acv_hard_memphy:umemphy|                                   ; 0.0 (0.0)            ; 0.0 (0.0)                        ; 0.0 (0.0)                                         ; 0.0 (0.0)                        ; 0.0 (0.0)            ; 0 (0)               ; 0 (0)                     ; 0 (0)         ; 0                 ; 0     ; 0          ; 0    ; 0            ; |DE1_SoC_Demo|unsaved:u0|unsaved_hps_1:hps_1|unsaved_hps_1_hps_io:hps_io|unsaved_hps_1_hps_io_border:border|hps_sdram:hps_sdram_inst|hps_sdram_p0:p0|hps_sdram_p0_acv_hard_memphy:umemphy                                                                                                                                                            ; hps_sdram_p0_acv_hard_memphy                      ; unsaved      ;
;                         |hps_sdram_p0_acv_hard_io_pads:uio_pads|                              ; 0.0 (0.0)            ; 0.0 (0.0)                        ; 0.0 (0.0)                                         ; 0.0 (0.0)                        ; 0.0 (0.0)            ; 0 (0)               ; 0 (0)                     ; 0 (0)         ; 0                 ; 0     ; 0          ; 0    ; 0            ; |DE1_SoC_Demo|unsaved:u0|unsaved_hps_1:hps_1|unsaved_hps_1_hps_io:hps_io|unsaved_hps_1_hps_io_border:border|hps_sdram:hps_sdram_inst|hps_sdram_p0:p0|hps_sdram_p0_acv_hard_memphy:umemphy|hps_sdram_p0_acv_hard_io_pads:uio_pads                                                                                                                     ; hps_sdram_p0_acv_hard_io_pads                     ; unsaved      ;
;                            |hps_sdram_p0_acv_hard_addr_cmd_pads:uaddr_cmd_pads|               ; 0.0 (0.0)            ; 0.0 (0.0)                        ; 0.0 (0.0)                                         ; 0.0 (0.0)                        ; 0.0 (0.0)            ; 0 (0)               ; 0 (0)                     ; 0 (0)         ; 0                 ; 0     ; 0          ; 0    ; 0            ; |DE1_SoC_Demo|unsaved:u0|unsaved_hps_1:hps_1|unsaved_hps_1_hps_io:hps_io|unsaved_hps_1_hps_io_border:border|hps_sdram:hps_sdram_inst|hps_sdram_p0:p0|hps_sdram_p0_acv_hard_memphy:umemphy|hps_sdram_p0_acv_hard_io_pads:uio_pads|hps_sdram_p0_acv_hard_addr_cmd_pads:uaddr_cmd_pads                                                                  ; hps_sdram_p0_acv_hard_addr_cmd_pads               ; unsaved      ;
;                               |altddio_out:clock_gen[0].umem_ck_pad|                          ; 0.0 (0.0)            ; 0.0 (0.0)                        ; 0.0 (0.0)                                         ; 0.0 (0.0)                        ; 0.0 (0.0)            ; 0 (0)               ; 0 (0)                     ; 0 (0)         ; 0                 ; 0     ; 0          ; 0    ; 0            ; |DE1_SoC_Demo|unsaved:u0|unsaved_hps_1:hps_1|unsaved_hps_1_hps_io:hps_io|unsaved_hps_1_hps_io_border:border|hps_sdram:hps_sdram_inst|hps_sdram_p0:p0|hps_sdram_p0_acv_hard_memphy:umemphy|hps_sdram_p0_acv_hard_io_pads:uio_pads|hps_sdram_p0_acv_hard_addr_cmd_pads:uaddr_cmd_pads|altddio_out:clock_gen[0].umem_ck_pad                             ; altddio_out                                       ; work         ;
;                                  |ddio_out_uqe:auto_generated|                                ; 0.0 (0.0)            ; 0.0 (0.0)                        ; 0.0 (0.0)                                         ; 0.0 (0.0)                        ; 0.0 (0.0)            ; 0 (0)               ; 0 (0)                     ; 0 (0)         ; 0                 ; 0     ; 0          ; 0    ; 0            ; |DE1_SoC_Demo|unsaved:u0|unsaved_hps_1:hps_1|unsaved_hps_1_hps_io:hps_io|unsaved_hps_1_hps_io_border:border|hps_sdram:hps_sdram_inst|hps_sdram_p0:p0|hps_sdram_p0_acv_hard_memphy:umemphy|hps_sdram_p0_acv_hard_io_pads:uio_pads|hps_sdram_p0_acv_hard_addr_cmd_pads:uaddr_cmd_pads|altddio_out:clock_gen[0].umem_ck_pad|ddio_out_uqe:auto_generated ; ddio_out_uqe                                      ; work         ;
;                               |hps_sdram_p0_acv_ldc:address_gen[0].acv_ac_ldc|                ; 0.0 (0.0)            ; 0.0 (0.0)                        ; 0.0 (0.0)                                         ; 0.0 (0.0)                        ; 0.0 (0.0)            ; 0 (0)               ; 0 (0)                     ; 0 (0)         ; 0                 ; 0     ; 0          ; 0    ; 0            ; |DE1_SoC_Demo|unsaved:u0|unsaved_hps_1:hps_1|unsaved_hps_1_hps_io:hps_io|unsaved_hps_1_hps_io_border:border|hps_sdram:hps_sdram_inst|hps_sdram_p0:p0|hps_sdram_p0_acv_hard_memphy:umemphy|hps_sdram_p0_acv_hard_io_pads:uio_pads|hps_sdram_p0_acv_hard_addr_cmd_pads:uaddr_cmd_pads|hps_sdram_p0_acv_ldc:address_gen[0].acv_ac_ldc                   ; hps_sdram_p0_acv_ldc                              ; unsaved      ;
;                               |hps_sdram_p0_acv_ldc:address_gen[18].acv_ac_ldc|               ; 0.0 (0.0)            ; 0.0 (0.0)                        ; 0.0 (0.0)                                         ; 0.0 (0.0)                        ; 0.0 (0.0)            ; 0 (0)               ; 0 (0)                     ; 0 (0)         ; 0                 ; 0     ; 0          ; 0    ; 0            ; |DE1_SoC_Demo|unsaved:u0|unsaved_hps_1:hps_1|unsaved_hps_1_hps_io:hps_io|unsaved_hps_1_hps_io_border:border|hps_sdram:hps_sdram_inst|hps_sdram_p0:p0|hps_sdram_p0_acv_hard_memphy:umemphy|hps_sdram_p0_acv_hard_io_pads:uio_pads|hps_sdram_p0_acv_hard_addr_cmd_pads:uaddr_cmd_pads|hps_sdram_p0_acv_ldc:address_gen[18].acv_ac_ldc                  ; hps_sdram_p0_acv_ldc                              ; unsaved      ;
;                               |hps_sdram_p0_acv_ldc:address_gen[19].acv_ac_ldc|               ; 0.0 (0.0)            ; 0.0 (0.0)                        ; 0.0 (0.0)                                         ; 0.0 (0.0)                        ; 0.0 (0.0)            ; 0 (0)               ; 0 (0)                     ; 0 (0)         ; 0                 ; 0     ; 0          ; 0    ; 0            ; |DE1_SoC_Demo|unsaved:u0|unsaved_hps_1:hps_1|unsaved_hps_1_hps_io:hps_io|unsaved_hps_1_hps_io_border:border|hps_sdram:hps_sdram_inst|hps_sdram_p0:p0|hps_sdram_p0_acv_hard_memphy:umemphy|hps_sdram_p0_acv_hard_io_pads:uio_pads|hps_sdram_p0_acv_hard_addr_cmd_pads:uaddr_cmd_pads|hps_sdram_p0_acv_ldc:address_gen[19].acv_ac_ldc                  ; hps_sdram_p0_acv_ldc                              ; unsaved      ;
;                               |hps_sdram_p0_acv_ldc:address_gen[23].acv_ac_ldc|               ; 0.0 (0.0)            ; 0.0 (0.0)                        ; 0.0 (0.0)                                         ; 0.0 (0.0)                        ; 0.0 (0.0)            ; 0 (0)               ; 0 (0)                     ; 0 (0)         ; 0                 ; 0     ; 0          ; 0    ; 0            ; |DE1_SoC_Demo|unsaved:u0|unsaved_hps_1:hps_1|unsaved_hps_1_hps_io:hps_io|unsaved_hps_1_hps_io_border:border|hps_sdram:hps_sdram_inst|hps_sdram_p0:p0|hps_sdram_p0_acv_hard_memphy:umemphy|hps_sdram_p0_acv_hard_io_pads:uio_pads|hps_sdram_p0_acv_hard_addr_cmd_pads:uaddr_cmd_pads|hps_sdram_p0_acv_ldc:address_gen[23].acv_ac_ldc                  ; hps_sdram_p0_acv_ldc                              ; unsaved      ;
;                               |hps_sdram_p0_acv_ldc:address_gen[8].acv_ac_ldc|                ; 0.0 (0.0)            ; 0.0 (0.0)                        ; 0.0 (0.0)                                         ; 0.0 (0.0)                        ; 0.0 (0.0)            ; 0 (0)               ; 0 (0)                     ; 0 (0)         ; 0                 ; 0     ; 0          ; 0    ; 0            ; |DE1_SoC_Demo|unsaved:u0|unsaved_hps_1:hps_1|unsaved_hps_1_hps_io:hps_io|unsaved_hps_1_hps_io_border:border|hps_sdram:hps_sdram_inst|hps_sdram_p0:p0|hps_sdram_p0_acv_hard_memphy:umemphy|hps_sdram_p0_acv_hard_io_pads:uio_pads|hps_sdram_p0_acv_hard_addr_cmd_pads:uaddr_cmd_pads|hps_sdram_p0_acv_ldc:address_gen[8].acv_ac_ldc                   ; hps_sdram_p0_acv_ldc                              ; unsaved      ;
;                               |hps_sdram_p0_clock_pair_generator:clock_gen[0].uclk_generator| ; 0.0 (0.0)            ; 0.0 (0.0)                        ; 0.0 (0.0)                                         ; 0.0 (0.0)                        ; 0.0 (0.0)            ; 0 (0)               ; 0 (0)                     ; 0 (0)         ; 0                 ; 0     ; 0          ; 0    ; 0            ; |DE1_SoC_Demo|unsaved:u0|unsaved_hps_1:hps_1|unsaved_hps_1_hps_io:hps_io|unsaved_hps_1_hps_io_border:border|hps_sdram:hps_sdram_inst|hps_sdram_p0:p0|hps_sdram_p0_acv_hard_memphy:umemphy|hps_sdram_p0_acv_hard_io_pads:uio_pads|hps_sdram_p0_acv_hard_addr_cmd_pads:uaddr_cmd_pads|hps_sdram_p0_clock_pair_generator:clock_gen[0].uclk_generator    ; hps_sdram_p0_clock_pair_generator                 ; unsaved      ;
;                               |hps_sdram_p0_generic_ddio:uaddress_pad|                        ; 0.0 (0.0)            ; 0.0 (0.0)                        ; 0.0 (0.0)                                         ; 0.0 (0.0)                        ; 0.0 (0.0)            ; 0 (0)               ; 0 (0)                     ; 0 (0)         ; 0                 ; 0     ; 0          ; 0    ; 0            ; |DE1_SoC_Demo|unsaved:u0|unsaved_hps_1:hps_1|unsaved_hps_1_hps_io:hps_io|unsaved_hps_1_hps_io_border:border|hps_sdram:hps_sdram_inst|hps_sdram_p0:p0|hps_sdram_p0_acv_hard_memphy:umemphy|hps_sdram_p0_acv_hard_io_pads:uio_pads|hps_sdram_p0_acv_hard_addr_cmd_pads:uaddr_cmd_pads|hps_sdram_p0_generic_ddio:uaddress_pad                           ; hps_sdram_p0_generic_ddio                         ; unsaved      ;
;                               |hps_sdram_p0_generic_ddio:ubank_pad|                           ; 0.0 (0.0)            ; 0.0 (0.0)                        ; 0.0 (0.0)                                         ; 0.0 (0.0)                        ; 0.0 (0.0)            ; 0 (0)               ; 0 (0)                     ; 0 (0)         ; 0                 ; 0     ; 0          ; 0    ; 0            ; |DE1_SoC_Demo|unsaved:u0|unsaved_hps_1:hps_1|unsaved_hps_1_hps_io:hps_io|unsaved_hps_1_hps_io_border:border|hps_sdram:hps_sdram_inst|hps_sdram_p0:p0|hps_sdram_p0_acv_hard_memphy:umemphy|hps_sdram_p0_acv_hard_io_pads:uio_pads|hps_sdram_p0_acv_hard_addr_cmd_pads:uaddr_cmd_pads|hps_sdram_p0_generic_ddio:ubank_pad                              ; hps_sdram_p0_generic_ddio                         ; unsaved      ;
;                               |hps_sdram_p0_generic_ddio:ucmd_pad|                            ; 0.0 (0.0)            ; 0.0 (0.0)                        ; 0.0 (0.0)                                         ; 0.0 (0.0)                        ; 0.0 (0.0)            ; 0 (0)               ; 0 (0)                     ; 0 (0)         ; 0                 ; 0     ; 0          ; 0    ; 0            ; |DE1_SoC_Demo|unsaved:u0|unsaved_hps_1:hps_1|unsaved_hps_1_hps_io:hps_io|unsaved_hps_1_hps_io_border:border|hps_sdram:hps_sdram_inst|hps_sdram_p0:p0|hps_sdram_p0_acv_hard_memphy:umemphy|hps_sdram_p0_acv_hard_io_pads:uio_pads|hps_sdram_p0_acv_hard_addr_cmd_pads:uaddr_cmd_pads|hps_sdram_p0_generic_ddio:ucmd_pad                               ; hps_sdram_p0_generic_ddio                         ; unsaved      ;
;                               |hps_sdram_p0_generic_ddio:ureset_n_pad|                        ; 0.0 (0.0)            ; 0.0 (0.0)                        ; 0.0 (0.0)                                         ; 0.0 (0.0)                        ; 0.0 (0.0)            ; 0 (0)               ; 0 (0)                     ; 0 (0)         ; 0                 ; 0     ; 0          ; 0    ; 0            ; |DE1_SoC_Demo|unsaved:u0|unsaved_hps_1:hps_1|unsaved_hps_1_hps_io:hps_io|unsaved_hps_1_hps_io_border:border|hps_sdram:hps_sdram_inst|hps_sdram_p0:p0|hps_sdram_p0_acv_hard_memphy:umemphy|hps_sdram_p0_acv_hard_io_pads:uio_pads|hps_sdram_p0_acv_hard_addr_cmd_pads:uaddr_cmd_pads|hps_sdram_p0_generic_ddio:ureset_n_pad                           ; hps_sdram_p0_generic_ddio                         ; unsaved      ;
;                            |hps_sdram_p0_altdqdqs:dq_ddio[0].ubidir_dq_dqs|                   ; 0.0 (0.0)            ; 0.0 (0.0)                        ; 0.0 (0.0)                                         ; 0.0 (0.0)                        ; 0.0 (0.0)            ; 0 (0)               ; 0 (0)                     ; 0 (0)         ; 0                 ; 0     ; 0          ; 0    ; 0            ; |DE1_SoC_Demo|unsaved:u0|unsaved_hps_1:hps_1|unsaved_hps_1_hps_io:hps_io|unsaved_hps_1_hps_io_border:border|hps_sdram:hps_sdram_inst|hps_sdram_p0:p0|hps_sdram_p0_acv_hard_memphy:umemphy|hps_sdram_p0_acv_hard_io_pads:uio_pads|hps_sdram_p0_altdqdqs:dq_ddio[0].ubidir_dq_dqs                                                                      ; hps_sdram_p0_altdqdqs                             ; unsaved      ;
;                               |altdq_dqs2_acv_connect_to_hard_phy_cyclonev:altdq_dqs2_inst|   ; 0.0 (0.0)            ; 0.0 (0.0)                        ; 0.0 (0.0)                                         ; 0.0 (0.0)                        ; 0.0 (0.0)            ; 0 (0)               ; 0 (0)                     ; 0 (0)         ; 0                 ; 0     ; 0          ; 0    ; 0            ; |DE1_SoC_Demo|unsaved:u0|unsaved_hps_1:hps_1|unsaved_hps_1_hps_io:hps_io|unsaved_hps_1_hps_io_border:border|hps_sdram:hps_sdram_inst|hps_sdram_p0:p0|hps_sdram_p0_acv_hard_memphy:umemphy|hps_sdram_p0_acv_hard_io_pads:uio_pads|hps_sdram_p0_altdqdqs:dq_ddio[0].ubidir_dq_dqs|altdq_dqs2_acv_connect_to_hard_phy_cyclonev:altdq_dqs2_inst          ; altdq_dqs2_acv_connect_to_hard_phy_cyclonev       ; unsaved      ;
;                         |hps_sdram_p0_acv_ldc:memphy_ldc|                                     ; 0.0 (0.0)            ; 0.0 (0.0)                        ; 0.0 (0.0)                                         ; 0.0 (0.0)                        ; 0.0 (0.0)            ; 0 (0)               ; 0 (0)                     ; 0 (0)         ; 0                 ; 0     ; 0          ; 0    ; 0            ; |DE1_SoC_Demo|unsaved:u0|unsaved_hps_1:hps_1|unsaved_hps_1_hps_io:hps_io|unsaved_hps_1_hps_io_border:border|hps_sdram:hps_sdram_inst|hps_sdram_p0:p0|hps_sdram_p0_acv_hard_memphy:umemphy|hps_sdram_p0_acv_ldc:memphy_ldc                                                                                                                            ; hps_sdram_p0_acv_ldc                              ; unsaved      ;
;                   |hps_sdram_pll:pll|                                                         ; 0.0 (0.0)            ; 0.0 (0.0)                        ; 0.0 (0.0)                                         ; 0.0 (0.0)                        ; 0.0 (0.0)            ; 0 (0)               ; 0 (0)                     ; 0 (0)         ; 0                 ; 0     ; 0          ; 0    ; 0            ; |DE1_SoC_Demo|unsaved:u0|unsaved_hps_1:hps_1|unsaved_hps_1_hps_io:hps_io|unsaved_hps_1_hps_io_border:border|hps_sdram:hps_sdram_inst|hps_sdram_pll:pll                                                                                                                                                                                               ; hps_sdram_pll                                     ; unsaved      ;
;       |unsaved_mm_interconnect_0:mm_interconnect_0|                                           ; 19.5 (0.0)           ; 24.5 (0.0)                       ; 5.0 (0.0)                                         ; 0.0 (0.0)                        ; 0.0 (0.0)            ; 35 (0)              ; 38 (0)                    ; 0 (0)         ; 0                 ; 0     ; 0          ; 0    ; 0            ; |DE1_SoC_Demo|unsaved:u0|unsaved_mm_interconnect_0:mm_interconnect_0                                                                                                                                                                                                                                                                                 ; unsaved_mm_interconnect_0                         ; unsaved      ;
;          |altera_avalon_st_handshake_clock_crosser:crosser|                                   ; 0.8 (0.0)            ; 0.8 (0.0)                        ; 0.0 (0.0)                                         ; 0.0 (0.0)                        ; 0.0 (0.0)            ; 1 (0)               ; 2 (0)                     ; 0 (0)         ; 0                 ; 0     ; 0          ; 0    ; 0            ; |DE1_SoC_Demo|unsaved:u0|unsaved_mm_interconnect_0:mm_interconnect_0|altera_avalon_st_handshake_clock_crosser:crosser                                                                                                                                                                                                                                ; altera_avalon_st_handshake_clock_crosser          ; unsaved      ;
;             |altera_avalon_st_clock_crosser:clock_xer|                                        ; 0.8 (0.0)            ; 0.8 (0.0)                        ; 0.0 (0.0)                                         ; 0.0 (0.0)                        ; 0.0 (0.0)            ; 1 (0)               ; 2 (0)                     ; 0 (0)         ; 0                 ; 0     ; 0          ; 0    ; 0            ; |DE1_SoC_Demo|unsaved:u0|unsaved_mm_interconnect_0:mm_interconnect_0|altera_avalon_st_handshake_clock_crosser:crosser|altera_avalon_st_clock_crosser:clock_xer                                                                                                                                                                                       ; altera_avalon_st_clock_crosser                    ; unsaved      ;
;                |altera_std_synchronizer_nocut:out_to_in_synchronizer|                         ; 0.8 (0.8)            ; 0.8 (0.8)                        ; 0.0 (0.0)                                         ; 0.0 (0.0)                        ; 0.0 (0.0)            ; 1 (1)               ; 2 (2)                     ; 0 (0)         ; 0                 ; 0     ; 0          ; 0    ; 0            ; |DE1_SoC_Demo|unsaved:u0|unsaved_mm_interconnect_0:mm_interconnect_0|altera_avalon_st_handshake_clock_crosser:crosser|altera_avalon_st_clock_crosser:clock_xer|altera_std_synchronizer_nocut:out_to_in_synchronizer                                                                                                                                  ; altera_std_synchronizer_nocut                     ; unsaved      ;
;          |altera_avalon_st_handshake_clock_crosser:crosser_001|                               ; 0.4 (0.0)            ; 0.5 (0.0)                        ; 0.1 (0.0)                                         ; 0.0 (0.0)                        ; 0.0 (0.0)            ; 1 (0)               ; 2 (0)                     ; 0 (0)         ; 0                 ; 0     ; 0          ; 0    ; 0            ; |DE1_SoC_Demo|unsaved:u0|unsaved_mm_interconnect_0:mm_interconnect_0|altera_avalon_st_handshake_clock_crosser:crosser_001                                                                                                                                                                                                                            ; altera_avalon_st_handshake_clock_crosser          ; unsaved      ;
;             |altera_avalon_st_clock_crosser:clock_xer|                                        ; 0.4 (0.0)            ; 0.5 (0.0)                        ; 0.1 (0.0)                                         ; 0.0 (0.0)                        ; 0.0 (0.0)            ; 1 (0)               ; 2 (0)                     ; 0 (0)         ; 0                 ; 0     ; 0          ; 0    ; 0            ; |DE1_SoC_Demo|unsaved:u0|unsaved_mm_interconnect_0:mm_interconnect_0|altera_avalon_st_handshake_clock_crosser:crosser_001|altera_avalon_st_clock_crosser:clock_xer                                                                                                                                                                                   ; altera_avalon_st_clock_crosser                    ; unsaved      ;
;                |altera_std_synchronizer_nocut:out_to_in_synchronizer|                         ; 0.4 (0.4)            ; 0.5 (0.5)                        ; 0.1 (0.1)                                         ; 0.0 (0.0)                        ; 0.0 (0.0)            ; 1 (1)               ; 2 (2)                     ; 0 (0)         ; 0                 ; 0     ; 0          ; 0    ; 0            ; |DE1_SoC_Demo|unsaved:u0|unsaved_mm_interconnect_0:mm_interconnect_0|altera_avalon_st_handshake_clock_crosser:crosser_001|altera_avalon_st_clock_crosser:clock_xer|altera_std_synchronizer_nocut:out_to_in_synchronizer                                                                                                                              ; altera_std_synchronizer_nocut                     ; unsaved      ;
;          |altera_avalon_st_handshake_clock_crosser:crosser_002|                               ; 0.5 (0.0)            ; 0.5 (0.0)                        ; 0.0 (0.0)                                         ; 0.0 (0.0)                        ; 0.0 (0.0)            ; 1 (0)               ; 2 (0)                     ; 0 (0)         ; 0                 ; 0     ; 0          ; 0    ; 0            ; |DE1_SoC_Demo|unsaved:u0|unsaved_mm_interconnect_0:mm_interconnect_0|altera_avalon_st_handshake_clock_crosser:crosser_002                                                                                                                                                                                                                            ; altera_avalon_st_handshake_clock_crosser          ; unsaved      ;
;             |altera_avalon_st_clock_crosser:clock_xer|                                        ; 0.5 (0.0)            ; 0.5 (0.0)                        ; 0.0 (0.0)                                         ; 0.0 (0.0)                        ; 0.0 (0.0)            ; 1 (0)               ; 2 (0)                     ; 0 (0)         ; 0                 ; 0     ; 0          ; 0    ; 0            ; |DE1_SoC_Demo|unsaved:u0|unsaved_mm_interconnect_0:mm_interconnect_0|altera_avalon_st_handshake_clock_crosser:crosser_002|altera_avalon_st_clock_crosser:clock_xer                                                                                                                                                                                   ; altera_avalon_st_clock_crosser                    ; unsaved      ;
;                |altera_std_synchronizer_nocut:out_to_in_synchronizer|                         ; 0.5 (0.5)            ; 0.5 (0.5)                        ; 0.0 (0.0)                                         ; 0.0 (0.0)                        ; 0.0 (0.0)            ; 1 (1)               ; 2 (2)                     ; 0 (0)         ; 0                 ; 0     ; 0          ; 0    ; 0            ; |DE1_SoC_Demo|unsaved:u0|unsaved_mm_interconnect_0:mm_interconnect_0|altera_avalon_st_handshake_clock_crosser:crosser_002|altera_avalon_st_clock_crosser:clock_xer|altera_std_synchronizer_nocut:out_to_in_synchronizer                                                                                                                              ; altera_std_synchronizer_nocut                     ; unsaved      ;
;          |altera_avalon_st_handshake_clock_crosser:crosser_004|                               ; 0.8 (0.0)            ; 0.8 (0.0)                        ; 0.0 (0.0)                                         ; 0.0 (0.0)                        ; 0.0 (0.0)            ; 1 (0)               ; 2 (0)                     ; 0 (0)         ; 0                 ; 0     ; 0          ; 0    ; 0            ; |DE1_SoC_Demo|unsaved:u0|unsaved_mm_interconnect_0:mm_interconnect_0|altera_avalon_st_handshake_clock_crosser:crosser_004                                                                                                                                                                                                                            ; altera_avalon_st_handshake_clock_crosser          ; unsaved      ;
;             |altera_avalon_st_clock_crosser:clock_xer|                                        ; 0.8 (0.0)            ; 0.8 (0.0)                        ; 0.0 (0.0)                                         ; 0.0 (0.0)                        ; 0.0 (0.0)            ; 1 (0)               ; 2 (0)                     ; 0 (0)         ; 0                 ; 0     ; 0          ; 0    ; 0            ; |DE1_SoC_Demo|unsaved:u0|unsaved_mm_interconnect_0:mm_interconnect_0|altera_avalon_st_handshake_clock_crosser:crosser_004|altera_avalon_st_clock_crosser:clock_xer                                                                                                                                                                                   ; altera_avalon_st_clock_crosser                    ; unsaved      ;
;                |altera_std_synchronizer_nocut:out_to_in_synchronizer|                         ; 0.8 (0.8)            ; 0.8 (0.8)                        ; 0.0 (0.0)                                         ; 0.0 (0.0)                        ; 0.0 (0.0)            ; 1 (1)               ; 2 (2)                     ; 0 (0)         ; 0                 ; 0     ; 0          ; 0    ; 0            ; |DE1_SoC_Demo|unsaved:u0|unsaved_mm_interconnect_0:mm_interconnect_0|altera_avalon_st_handshake_clock_crosser:crosser_004|altera_avalon_st_clock_crosser:clock_xer|altera_std_synchronizer_nocut:out_to_in_synchronizer                                                                                                                              ; altera_std_synchronizer_nocut                     ; unsaved      ;
;          |altera_avalon_st_handshake_clock_crosser:crosser_005|                               ; 1.0 (0.0)            ; 1.3 (0.0)                        ; 0.3 (0.0)                                         ; 0.0 (0.0)                        ; 0.0 (0.0)            ; 1 (0)               ; 2 (0)                     ; 0 (0)         ; 0                 ; 0     ; 0          ; 0    ; 0            ; |DE1_SoC_Demo|unsaved:u0|unsaved_mm_interconnect_0:mm_interconnect_0|altera_avalon_st_handshake_clock_crosser:crosser_005                                                                                                                                                                                                                            ; altera_avalon_st_handshake_clock_crosser          ; unsaved      ;
;             |altera_avalon_st_clock_crosser:clock_xer|                                        ; 1.0 (0.0)            ; 1.3 (0.0)                        ; 0.3 (0.0)                                         ; 0.0 (0.0)                        ; 0.0 (0.0)            ; 1 (0)               ; 2 (0)                     ; 0 (0)         ; 0                 ; 0     ; 0          ; 0    ; 0            ; |DE1_SoC_Demo|unsaved:u0|unsaved_mm_interconnect_0:mm_interconnect_0|altera_avalon_st_handshake_clock_crosser:crosser_005|altera_avalon_st_clock_crosser:clock_xer                                                                                                                                                                                   ; altera_avalon_st_clock_crosser                    ; unsaved      ;
;                |altera_std_synchronizer_nocut:out_to_in_synchronizer|                         ; 1.0 (1.0)            ; 1.3 (1.3)                        ; 0.3 (0.3)                                         ; 0.0 (0.0)                        ; 0.0 (0.0)            ; 1 (1)               ; 2 (2)                     ; 0 (0)         ; 0                 ; 0     ; 0          ; 0    ; 0            ; |DE1_SoC_Demo|unsaved:u0|unsaved_mm_interconnect_0:mm_interconnect_0|altera_avalon_st_handshake_clock_crosser:crosser_005|altera_avalon_st_clock_crosser:clock_xer|altera_std_synchronizer_nocut:out_to_in_synchronizer                                                                                                                              ; altera_std_synchronizer_nocut                     ; unsaved      ;
;          |altera_avalon_st_handshake_clock_crosser:crosser_006|                               ; 0.5 (0.0)            ; 0.5 (0.0)                        ; 0.0 (0.0)                                         ; 0.0 (0.0)                        ; 0.0 (0.0)            ; 1 (0)               ; 2 (0)                     ; 0 (0)         ; 0                 ; 0     ; 0          ; 0    ; 0            ; |DE1_SoC_Demo|unsaved:u0|unsaved_mm_interconnect_0:mm_interconnect_0|altera_avalon_st_handshake_clock_crosser:crosser_006                                                                                                                                                                                                                            ; altera_avalon_st_handshake_clock_crosser          ; unsaved      ;
;             |altera_avalon_st_clock_crosser:clock_xer|                                        ; 0.5 (0.0)            ; 0.5 (0.0)                        ; 0.0 (0.0)                                         ; 0.0 (0.0)                        ; 0.0 (0.0)            ; 1 (0)               ; 2 (0)                     ; 0 (0)         ; 0                 ; 0     ; 0          ; 0    ; 0            ; |DE1_SoC_Demo|unsaved:u0|unsaved_mm_interconnect_0:mm_interconnect_0|altera_avalon_st_handshake_clock_crosser:crosser_006|altera_avalon_st_clock_crosser:clock_xer                                                                                                                                                                                   ; altera_avalon_st_clock_crosser                    ; unsaved      ;
;                |altera_std_synchronizer_nocut:out_to_in_synchronizer|                         ; 0.5 (0.5)            ; 0.5 (0.5)                        ; 0.0 (0.0)                                         ; 0.0 (0.0)                        ; 0.0 (0.0)            ; 1 (1)               ; 2 (2)                     ; 0 (0)         ; 0                 ; 0     ; 0          ; 0    ; 0            ; |DE1_SoC_Demo|unsaved:u0|unsaved_mm_interconnect_0:mm_interconnect_0|altera_avalon_st_handshake_clock_crosser:crosser_006|altera_avalon_st_clock_crosser:clock_xer|altera_std_synchronizer_nocut:out_to_in_synchronizer                                                                                                                              ; altera_std_synchronizer_nocut                     ; unsaved      ;
;          |altera_avalon_st_handshake_clock_crosser:crosser_007|                               ; 0.5 (0.0)            ; 0.8 (0.0)                        ; 0.3 (0.0)                                         ; 0.0 (0.0)                        ; 0.0 (0.0)            ; 1 (0)               ; 2 (0)                     ; 0 (0)         ; 0                 ; 0     ; 0          ; 0    ; 0            ; |DE1_SoC_Demo|unsaved:u0|unsaved_mm_interconnect_0:mm_interconnect_0|altera_avalon_st_handshake_clock_crosser:crosser_007                                                                                                                                                                                                                            ; altera_avalon_st_handshake_clock_crosser          ; unsaved      ;
;             |altera_avalon_st_clock_crosser:clock_xer|                                        ; 0.5 (0.0)            ; 0.8 (0.0)                        ; 0.3 (0.0)                                         ; 0.0 (0.0)                        ; 0.0 (0.0)            ; 1 (0)               ; 2 (0)                     ; 0 (0)         ; 0                 ; 0     ; 0          ; 0    ; 0            ; |DE1_SoC_Demo|unsaved:u0|unsaved_mm_interconnect_0:mm_interconnect_0|altera_avalon_st_handshake_clock_crosser:crosser_007|altera_avalon_st_clock_crosser:clock_xer                                                                                                                                                                                   ; altera_avalon_st_clock_crosser                    ; unsaved      ;
;                |altera_std_synchronizer_nocut:out_to_in_synchronizer|                         ; 0.5 (0.5)            ; 0.8 (0.8)                        ; 0.3 (0.3)                                         ; 0.0 (0.0)                        ; 0.0 (0.0)            ; 1 (1)               ; 2 (2)                     ; 0 (0)         ; 0                 ; 0     ; 0          ; 0    ; 0            ; |DE1_SoC_Demo|unsaved:u0|unsaved_mm_interconnect_0:mm_interconnect_0|altera_avalon_st_handshake_clock_crosser:crosser_007|altera_avalon_st_clock_crosser:clock_xer|altera_std_synchronizer_nocut:out_to_in_synchronizer                                                                                                                              ; altera_std_synchronizer_nocut                     ; unsaved      ;
;          |altera_avalon_st_handshake_clock_crosser:crosser_008|                               ; 0.8 (0.0)            ; 0.8 (0.0)                        ; 0.0 (0.0)                                         ; 0.0 (0.0)                        ; 0.0 (0.0)            ; 1 (0)               ; 2 (0)                     ; 0 (0)         ; 0                 ; 0     ; 0          ; 0    ; 0            ; |DE1_SoC_Demo|unsaved:u0|unsaved_mm_interconnect_0:mm_interconnect_0|altera_avalon_st_handshake_clock_crosser:crosser_008                                                                                                                                                                                                                            ; altera_avalon_st_handshake_clock_crosser          ; unsaved      ;
;             |altera_avalon_st_clock_crosser:clock_xer|                                        ; 0.8 (0.0)            ; 0.8 (0.0)                        ; 0.0 (0.0)                                         ; 0.0 (0.0)                        ; 0.0 (0.0)            ; 1 (0)               ; 2 (0)                     ; 0 (0)         ; 0                 ; 0     ; 0          ; 0    ; 0            ; |DE1_SoC_Demo|unsaved:u0|unsaved_mm_interconnect_0:mm_interconnect_0|altera_avalon_st_handshake_clock_crosser:crosser_008|altera_avalon_st_clock_crosser:clock_xer                                                                                                                                                                                   ; altera_avalon_st_clock_crosser                    ; unsaved      ;
;                |altera_std_synchronizer_nocut:out_to_in_synchronizer|                         ; 0.8 (0.8)            ; 0.8 (0.8)                        ; 0.0 (0.0)                                         ; 0.0 (0.0)                        ; 0.0 (0.0)            ; 1 (1)               ; 2 (2)                     ; 0 (0)         ; 0                 ; 0     ; 0          ; 0    ; 0            ; |DE1_SoC_Demo|unsaved:u0|unsaved_mm_interconnect_0:mm_interconnect_0|altera_avalon_st_handshake_clock_crosser:crosser_008|altera_avalon_st_clock_crosser:clock_xer|altera_std_synchronizer_nocut:out_to_in_synchronizer                                                                                                                              ; altera_std_synchronizer_nocut                     ; unsaved      ;
;          |altera_avalon_st_handshake_clock_crosser:crosser_009|                               ; 0.8 (0.0)            ; 0.8 (0.0)                        ; 0.0 (0.0)                                         ; 0.0 (0.0)                        ; 0.0 (0.0)            ; 1 (0)               ; 2 (0)                     ; 0 (0)         ; 0                 ; 0     ; 0          ; 0    ; 0            ; |DE1_SoC_Demo|unsaved:u0|unsaved_mm_interconnect_0:mm_interconnect_0|altera_avalon_st_handshake_clock_crosser:crosser_009                                                                                                                                                                                                                            ; altera_avalon_st_handshake_clock_crosser          ; unsaved      ;
;             |altera_avalon_st_clock_crosser:clock_xer|                                        ; 0.8 (0.0)            ; 0.8 (0.0)                        ; 0.0 (0.0)                                         ; 0.0 (0.0)                        ; 0.0 (0.0)            ; 1 (0)               ; 2 (0)                     ; 0 (0)         ; 0                 ; 0     ; 0          ; 0    ; 0            ; |DE1_SoC_Demo|unsaved:u0|unsaved_mm_interconnect_0:mm_interconnect_0|altera_avalon_st_handshake_clock_crosser:crosser_009|altera_avalon_st_clock_crosser:clock_xer                                                                                                                                                                                   ; altera_avalon_st_clock_crosser                    ; unsaved      ;
;                |altera_std_synchronizer_nocut:out_to_in_synchronizer|                         ; 0.8 (0.8)            ; 0.8 (0.8)                        ; 0.0 (0.0)                                         ; 0.0 (0.0)                        ; 0.0 (0.0)            ; 1 (1)               ; 2 (2)                     ; 0 (0)         ; 0                 ; 0     ; 0          ; 0    ; 0            ; |DE1_SoC_Demo|unsaved:u0|unsaved_mm_interconnect_0:mm_interconnect_0|altera_avalon_st_handshake_clock_crosser:crosser_009|altera_avalon_st_clock_crosser:clock_xer|altera_std_synchronizer_nocut:out_to_in_synchronizer                                                                                                                              ; altera_std_synchronizer_nocut                     ; unsaved      ;
;          |altera_avalon_st_handshake_clock_crosser:crosser_010|                               ; 0.2 (0.0)            ; 0.8 (0.0)                        ; 0.6 (0.0)                                         ; 0.0 (0.0)                        ; 0.0 (0.0)            ; 1 (0)               ; 2 (0)                     ; 0 (0)         ; 0                 ; 0     ; 0          ; 0    ; 0            ; |DE1_SoC_Demo|unsaved:u0|unsaved_mm_interconnect_0:mm_interconnect_0|altera_avalon_st_handshake_clock_crosser:crosser_010                                                                                                                                                                                                                            ; altera_avalon_st_handshake_clock_crosser          ; unsaved      ;
;             |altera_avalon_st_clock_crosser:clock_xer|                                        ; 0.2 (0.0)            ; 0.8 (0.0)                        ; 0.6 (0.0)                                         ; 0.0 (0.0)                        ; 0.0 (0.0)            ; 1 (0)               ; 2 (0)                     ; 0 (0)         ; 0                 ; 0     ; 0          ; 0    ; 0            ; |DE1_SoC_Demo|unsaved:u0|unsaved_mm_interconnect_0:mm_interconnect_0|altera_avalon_st_handshake_clock_crosser:crosser_010|altera_avalon_st_clock_crosser:clock_xer                                                                                                                                                                                   ; altera_avalon_st_clock_crosser                    ; unsaved      ;
;                |altera_std_synchronizer_nocut:in_to_out_synchronizer|                         ; 0.2 (0.2)            ; 0.8 (0.8)                        ; 0.6 (0.6)                                         ; 0.0 (0.0)                        ; 0.0 (0.0)            ; 1 (1)               ; 2 (2)                     ; 0 (0)         ; 0                 ; 0     ; 0          ; 0    ; 0            ; |DE1_SoC_Demo|unsaved:u0|unsaved_mm_interconnect_0:mm_interconnect_0|altera_avalon_st_handshake_clock_crosser:crosser_010|altera_avalon_st_clock_crosser:clock_xer|altera_std_synchronizer_nocut:in_to_out_synchronizer                                                                                                                              ; altera_std_synchronizer_nocut                     ; unsaved      ;
;          |altera_avalon_st_handshake_clock_crosser:crosser_011|                               ; 0.8 (0.0)            ; 1.0 (0.0)                        ; 0.3 (0.0)                                         ; 0.0 (0.0)                        ; 0.0 (0.0)            ; 1 (0)               ; 2 (0)                     ; 0 (0)         ; 0                 ; 0     ; 0          ; 0    ; 0            ; |DE1_SoC_Demo|unsaved:u0|unsaved_mm_interconnect_0:mm_interconnect_0|altera_avalon_st_handshake_clock_crosser:crosser_011                                                                                                                                                                                                                            ; altera_avalon_st_handshake_clock_crosser          ; unsaved      ;
;             |altera_avalon_st_clock_crosser:clock_xer|                                        ; 0.8 (0.0)            ; 1.0 (0.0)                        ; 0.3 (0.0)                                         ; 0.0 (0.0)                        ; 0.0 (0.0)            ; 1 (0)               ; 2 (0)                     ; 0 (0)         ; 0                 ; 0     ; 0          ; 0    ; 0            ; |DE1_SoC_Demo|unsaved:u0|unsaved_mm_interconnect_0:mm_interconnect_0|altera_avalon_st_handshake_clock_crosser:crosser_011|altera_avalon_st_clock_crosser:clock_xer                                                                                                                                                                                   ; altera_avalon_st_clock_crosser                    ; unsaved      ;
;                |altera_std_synchronizer_nocut:in_to_out_synchronizer|                         ; 0.8 (0.8)            ; 1.0 (1.0)                        ; 0.3 (0.3)                                         ; 0.0 (0.0)                        ; 0.0 (0.0)            ; 1 (1)               ; 2 (2)                     ; 0 (0)         ; 0                 ; 0     ; 0          ; 0    ; 0            ; |DE1_SoC_Demo|unsaved:u0|unsaved_mm_interconnect_0:mm_interconnect_0|altera_avalon_st_handshake_clock_crosser:crosser_011|altera_avalon_st_clock_crosser:clock_xer|altera_std_synchronizer_nocut:in_to_out_synchronizer                                                                                                                              ; altera_std_synchronizer_nocut                     ; unsaved      ;
;          |altera_avalon_st_handshake_clock_crosser:crosser_012|                               ; 0.3 (0.0)            ; 1.0 (0.0)                        ; 0.8 (0.0)                                         ; 0.0 (0.0)                        ; 0.0 (0.0)            ; 1 (0)               ; 2 (0)                     ; 0 (0)         ; 0                 ; 0     ; 0          ; 0    ; 0            ; |DE1_SoC_Demo|unsaved:u0|unsaved_mm_interconnect_0:mm_interconnect_0|altera_avalon_st_handshake_clock_crosser:crosser_012                                                                                                                                                                                                                            ; altera_avalon_st_handshake_clock_crosser          ; unsaved      ;
;             |altera_avalon_st_clock_crosser:clock_xer|                                        ; 0.3 (0.0)            ; 1.0 (0.0)                        ; 0.8 (0.0)                                         ; 0.0 (0.0)                        ; 0.0 (0.0)            ; 1 (0)               ; 2 (0)                     ; 0 (0)         ; 0                 ; 0     ; 0          ; 0    ; 0            ; |DE1_SoC_Demo|unsaved:u0|unsaved_mm_interconnect_0:mm_interconnect_0|altera_avalon_st_handshake_clock_crosser:crosser_012|altera_avalon_st_clock_crosser:clock_xer                                                                                                                                                                                   ; altera_avalon_st_clock_crosser                    ; unsaved      ;
;                |altera_std_synchronizer_nocut:in_to_out_synchronizer|                         ; 0.3 (0.3)            ; 1.0 (1.0)                        ; 0.8 (0.8)                                         ; 0.0 (0.0)                        ; 0.0 (0.0)            ; 1 (1)               ; 2 (2)                     ; 0 (0)         ; 0                 ; 0     ; 0          ; 0    ; 0            ; |DE1_SoC_Demo|unsaved:u0|unsaved_mm_interconnect_0:mm_interconnect_0|altera_avalon_st_handshake_clock_crosser:crosser_012|altera_avalon_st_clock_crosser:clock_xer|altera_std_synchronizer_nocut:in_to_out_synchronizer                                                                                                                              ; altera_std_synchronizer_nocut                     ; unsaved      ;
;          |altera_avalon_st_handshake_clock_crosser:crosser_013|                               ; 0.8 (0.0)            ; 0.8 (0.0)                        ; 0.0 (0.0)                                         ; 0.0 (0.0)                        ; 0.0 (0.0)            ; 1 (0)               ; 2 (0)                     ; 0 (0)         ; 0                 ; 0     ; 0          ; 0    ; 0            ; |DE1_SoC_Demo|unsaved:u0|unsaved_mm_interconnect_0:mm_interconnect_0|altera_avalon_st_handshake_clock_crosser:crosser_013                                                                                                                                                                                                                            ; altera_avalon_st_handshake_clock_crosser          ; unsaved      ;
;             |altera_avalon_st_clock_crosser:clock_xer|                                        ; 0.8 (0.0)            ; 0.8 (0.0)                        ; 0.0 (0.0)                                         ; 0.0 (0.0)                        ; 0.0 (0.0)            ; 1 (0)               ; 2 (0)                     ; 0 (0)         ; 0                 ; 0     ; 0          ; 0    ; 0            ; |DE1_SoC_Demo|unsaved:u0|unsaved_mm_interconnect_0:mm_interconnect_0|altera_avalon_st_handshake_clock_crosser:crosser_013|altera_avalon_st_clock_crosser:clock_xer                                                                                                                                                                                   ; altera_avalon_st_clock_crosser                    ; unsaved      ;
;                |altera_std_synchronizer_nocut:in_to_out_synchronizer|                         ; 0.8 (0.8)            ; 0.8 (0.8)                        ; 0.0 (0.0)                                         ; 0.0 (0.0)                        ; 0.0 (0.0)            ; 1 (1)               ; 2 (2)                     ; 0 (0)         ; 0                 ; 0     ; 0          ; 0    ; 0            ; |DE1_SoC_Demo|unsaved:u0|unsaved_mm_interconnect_0:mm_interconnect_0|altera_avalon_st_handshake_clock_crosser:crosser_013|altera_avalon_st_clock_crosser:clock_xer|altera_std_synchronizer_nocut:in_to_out_synchronizer                                                                                                                              ; altera_std_synchronizer_nocut                     ; unsaved      ;
;          |altera_avalon_st_handshake_clock_crosser:crosser_014|                               ; 0.3 (0.0)            ; 1.0 (0.0)                        ; 0.8 (0.0)                                         ; 0.0 (0.0)                        ; 0.0 (0.0)            ; 1 (0)               ; 2 (0)                     ; 0 (0)         ; 0                 ; 0     ; 0          ; 0    ; 0            ; |DE1_SoC_Demo|unsaved:u0|unsaved_mm_interconnect_0:mm_interconnect_0|altera_avalon_st_handshake_clock_crosser:crosser_014                                                                                                                                                                                                                            ; altera_avalon_st_handshake_clock_crosser          ; unsaved      ;
;             |altera_avalon_st_clock_crosser:clock_xer|                                        ; 0.3 (0.0)            ; 1.0 (0.0)                        ; 0.8 (0.0)                                         ; 0.0 (0.0)                        ; 0.0 (0.0)            ; 1 (0)               ; 2 (0)                     ; 0 (0)         ; 0                 ; 0     ; 0          ; 0    ; 0            ; |DE1_SoC_Demo|unsaved:u0|unsaved_mm_interconnect_0:mm_interconnect_0|altera_avalon_st_handshake_clock_crosser:crosser_014|altera_avalon_st_clock_crosser:clock_xer                                                                                                                                                                                   ; altera_avalon_st_clock_crosser                    ; unsaved      ;
;                |altera_std_synchronizer_nocut:in_to_out_synchronizer|                         ; 0.3 (0.3)            ; 1.0 (1.0)                        ; 0.8 (0.8)                                         ; 0.0 (0.0)                        ; 0.0 (0.0)            ; 1 (1)               ; 2 (2)                     ; 0 (0)         ; 0                 ; 0     ; 0          ; 0    ; 0            ; |DE1_SoC_Demo|unsaved:u0|unsaved_mm_interconnect_0:mm_interconnect_0|altera_avalon_st_handshake_clock_crosser:crosser_014|altera_avalon_st_clock_crosser:clock_xer|altera_std_synchronizer_nocut:in_to_out_synchronizer                                                                                                                              ; altera_std_synchronizer_nocut                     ; unsaved      ;
;          |altera_avalon_st_handshake_clock_crosser:crosser_015|                               ; 0.8 (0.0)            ; 0.8 (0.0)                        ; 0.0 (0.0)                                         ; 0.0 (0.0)                        ; 0.0 (0.0)            ; 1 (0)               ; 2 (0)                     ; 0 (0)         ; 0                 ; 0     ; 0          ; 0    ; 0            ; |DE1_SoC_Demo|unsaved:u0|unsaved_mm_interconnect_0:mm_interconnect_0|altera_avalon_st_handshake_clock_crosser:crosser_015                                                                                                                                                                                                                            ; altera_avalon_st_handshake_clock_crosser          ; unsaved      ;
;             |altera_avalon_st_clock_crosser:clock_xer|                                        ; 0.8 (0.0)            ; 0.8 (0.0)                        ; 0.0 (0.0)                                         ; 0.0 (0.0)                        ; 0.0 (0.0)            ; 1 (0)               ; 2 (0)                     ; 0 (0)         ; 0                 ; 0     ; 0          ; 0    ; 0            ; |DE1_SoC_Demo|unsaved:u0|unsaved_mm_interconnect_0:mm_interconnect_0|altera_avalon_st_handshake_clock_crosser:crosser_015|altera_avalon_st_clock_crosser:clock_xer                                                                                                                                                                                   ; altera_avalon_st_clock_crosser                    ; unsaved      ;
;                |altera_std_synchronizer_nocut:in_to_out_synchronizer|                         ; 0.8 (0.8)            ; 0.8 (0.8)                        ; 0.0 (0.0)                                         ; 0.0 (0.0)                        ; 0.0 (0.0)            ; 1 (1)               ; 2 (2)                     ; 0 (0)         ; 0                 ; 0     ; 0          ; 0    ; 0            ; |DE1_SoC_Demo|unsaved:u0|unsaved_mm_interconnect_0:mm_interconnect_0|altera_avalon_st_handshake_clock_crosser:crosser_015|altera_avalon_st_clock_crosser:clock_xer|altera_std_synchronizer_nocut:in_to_out_synchronizer                                                                                                                              ; altera_std_synchronizer_nocut                     ; unsaved      ;
;          |altera_avalon_st_handshake_clock_crosser:crosser_016|                               ; 0.3 (0.0)            ; 1.0 (0.0)                        ; 0.8 (0.0)                                         ; 0.0 (0.0)                        ; 0.0 (0.0)            ; 1 (0)               ; 2 (0)                     ; 0 (0)         ; 0                 ; 0     ; 0          ; 0    ; 0            ; |DE1_SoC_Demo|unsaved:u0|unsaved_mm_interconnect_0:mm_interconnect_0|altera_avalon_st_handshake_clock_crosser:crosser_016                                                                                                                                                                                                                            ; altera_avalon_st_handshake_clock_crosser          ; unsaved      ;
;             |altera_avalon_st_clock_crosser:clock_xer|                                        ; 0.3 (0.0)            ; 1.0 (0.0)                        ; 0.8 (0.0)                                         ; 0.0 (0.0)                        ; 0.0 (0.0)            ; 1 (0)               ; 2 (0)                     ; 0 (0)         ; 0                 ; 0     ; 0          ; 0    ; 0            ; |DE1_SoC_Demo|unsaved:u0|unsaved_mm_interconnect_0:mm_interconnect_0|altera_avalon_st_handshake_clock_crosser:crosser_016|altera_avalon_st_clock_crosser:clock_xer                                                                                                                                                                                   ; altera_avalon_st_clock_crosser                    ; unsaved      ;
;                |altera_std_synchronizer_nocut:in_to_out_synchronizer|                         ; 0.3 (0.3)            ; 1.0 (1.0)                        ; 0.8 (0.8)                                         ; 0.0 (0.0)                        ; 0.0 (0.0)            ; 1 (1)               ; 2 (2)                     ; 0 (0)         ; 0                 ; 0     ; 0          ; 0    ; 0            ; |DE1_SoC_Demo|unsaved:u0|unsaved_mm_interconnect_0:mm_interconnect_0|altera_avalon_st_handshake_clock_crosser:crosser_016|altera_avalon_st_clock_crosser:clock_xer|altera_std_synchronizer_nocut:in_to_out_synchronizer                                                                                                                              ; altera_std_synchronizer_nocut                     ; unsaved      ;
;          |altera_avalon_st_handshake_clock_crosser:crosser_017|                               ; 0.5 (0.0)            ; 0.8 (0.0)                        ; 0.3 (0.0)                                         ; 0.0 (0.0)                        ; 0.0 (0.0)            ; 1 (0)               ; 2 (0)                     ; 0 (0)         ; 0                 ; 0     ; 0          ; 0    ; 0            ; |DE1_SoC_Demo|unsaved:u0|unsaved_mm_interconnect_0:mm_interconnect_0|altera_avalon_st_handshake_clock_crosser:crosser_017                                                                                                                                                                                                                            ; altera_avalon_st_handshake_clock_crosser          ; unsaved      ;
;             |altera_avalon_st_clock_crosser:clock_xer|                                        ; 0.5 (0.0)            ; 0.8 (0.0)                        ; 0.3 (0.0)                                         ; 0.0 (0.0)                        ; 0.0 (0.0)            ; 1 (0)               ; 2 (0)                     ; 0 (0)         ; 0                 ; 0     ; 0          ; 0    ; 0            ; |DE1_SoC_Demo|unsaved:u0|unsaved_mm_interconnect_0:mm_interconnect_0|altera_avalon_st_handshake_clock_crosser:crosser_017|altera_avalon_st_clock_crosser:clock_xer                                                                                                                                                                                   ; altera_avalon_st_clock_crosser                    ; unsaved      ;
;                |altera_std_synchronizer_nocut:in_to_out_synchronizer|                         ; 0.5 (0.5)            ; 0.8 (0.8)                        ; 0.3 (0.3)                                         ; 0.0 (0.0)                        ; 0.0 (0.0)            ; 1 (1)               ; 2 (2)                     ; 0 (0)         ; 0                 ; 0     ; 0          ; 0    ; 0            ; |DE1_SoC_Demo|unsaved:u0|unsaved_mm_interconnect_0:mm_interconnect_0|altera_avalon_st_handshake_clock_crosser:crosser_017|altera_avalon_st_clock_crosser:clock_xer|altera_std_synchronizer_nocut:in_to_out_synchronizer                                                                                                                              ; altera_std_synchronizer_nocut                     ; unsaved      ;
;          |altera_avalon_st_handshake_clock_crosser:crosser_018|                               ; 0.7 (0.0)            ; 0.8 (0.0)                        ; 0.1 (0.0)                                         ; 0.0 (0.0)                        ; 0.0 (0.0)            ; 1 (0)               ; 2 (0)                     ; 0 (0)         ; 0                 ; 0     ; 0          ; 0    ; 0            ; |DE1_SoC_Demo|unsaved:u0|unsaved_mm_interconnect_0:mm_interconnect_0|altera_avalon_st_handshake_clock_crosser:crosser_018                                                                                                                                                                                                                            ; altera_avalon_st_handshake_clock_crosser          ; unsaved      ;
;             |altera_avalon_st_clock_crosser:clock_xer|                                        ; 0.7 (0.0)            ; 0.8 (0.0)                        ; 0.1 (0.0)                                         ; 0.0 (0.0)                        ; 0.0 (0.0)            ; 1 (0)               ; 2 (0)                     ; 0 (0)         ; 0                 ; 0     ; 0          ; 0    ; 0            ; |DE1_SoC_Demo|unsaved:u0|unsaved_mm_interconnect_0:mm_interconnect_0|altera_avalon_st_handshake_clock_crosser:crosser_018|altera_avalon_st_clock_crosser:clock_xer                                                                                                                                                                                   ; altera_avalon_st_clock_crosser                    ; unsaved      ;
;                |altera_std_synchronizer_nocut:in_to_out_synchronizer|                         ; 0.7 (0.7)            ; 0.8 (0.8)                        ; 0.1 (0.1)                                         ; 0.0 (0.0)                        ; 0.0 (0.0)            ; 1 (1)               ; 2 (2)                     ; 0 (0)         ; 0                 ; 0     ; 0          ; 0    ; 0            ; |DE1_SoC_Demo|unsaved:u0|unsaved_mm_interconnect_0:mm_interconnect_0|altera_avalon_st_handshake_clock_crosser:crosser_018|altera_avalon_st_clock_crosser:clock_xer|altera_std_synchronizer_nocut:in_to_out_synchronizer                                                                                                                              ; altera_std_synchronizer_nocut                     ; unsaved      ;
;          |altera_avalon_st_handshake_clock_crosser:crosser_019|                               ; 0.8 (0.0)            ; 0.8 (0.0)                        ; 0.0 (0.0)                                         ; 0.0 (0.0)                        ; 0.0 (0.0)            ; 1 (0)               ; 2 (0)                     ; 0 (0)         ; 0                 ; 0     ; 0          ; 0    ; 0            ; |DE1_SoC_Demo|unsaved:u0|unsaved_mm_interconnect_0:mm_interconnect_0|altera_avalon_st_handshake_clock_crosser:crosser_019                                                                                                                                                                                                                            ; altera_avalon_st_handshake_clock_crosser          ; unsaved      ;
;             |altera_avalon_st_clock_crosser:clock_xer|                                        ; 0.8 (0.0)            ; 0.8 (0.0)                        ; 0.0 (0.0)                                         ; 0.0 (0.0)                        ; 0.0 (0.0)            ; 1 (0)               ; 2 (0)                     ; 0 (0)         ; 0                 ; 0     ; 0          ; 0    ; 0            ; |DE1_SoC_Demo|unsaved:u0|unsaved_mm_interconnect_0:mm_interconnect_0|altera_avalon_st_handshake_clock_crosser:crosser_019|altera_avalon_st_clock_crosser:clock_xer                                                                                                                                                                                   ; altera_avalon_st_clock_crosser                    ; unsaved      ;
;                |altera_std_synchronizer_nocut:in_to_out_synchronizer|                         ; 0.8 (0.8)            ; 0.8 (0.8)                        ; 0.0 (0.0)                                         ; 0.0 (0.0)                        ; 0.0 (0.0)            ; 1 (1)               ; 2 (2)                     ; 0 (0)         ; 0                 ; 0     ; 0          ; 0    ; 0            ; |DE1_SoC_Demo|unsaved:u0|unsaved_mm_interconnect_0:mm_interconnect_0|altera_avalon_st_handshake_clock_crosser:crosser_019|altera_avalon_st_clock_crosser:clock_xer|altera_std_synchronizer_nocut:in_to_out_synchronizer                                                                                                                              ; altera_std_synchronizer_nocut                     ; unsaved      ;
;          |altera_merlin_axi_master_ni:hps_1_h2f_lw_axi_master_agent|                          ; 1.2 (1.2)            ; 1.7 (1.7)                        ; 0.5 (0.5)                                         ; 0.0 (0.0)                        ; 0.0 (0.0)            ; 3 (3)               ; 0 (0)                     ; 0 (0)         ; 0                 ; 0     ; 0          ; 0    ; 0            ; |DE1_SoC_Demo|unsaved:u0|unsaved_mm_interconnect_0:mm_interconnect_0|altera_merlin_axi_master_ni:hps_1_h2f_lw_axi_master_agent                                                                                                                                                                                                                       ; altera_merlin_axi_master_ni                       ; unsaved      ;
;          |unsaved_mm_interconnect_0_cmd_demux:cmd_demux|                                      ; 0.5 (0.5)            ; 0.8 (0.8)                        ; 0.3 (0.3)                                         ; 0.0 (0.0)                        ; 0.0 (0.0)            ; 2 (2)               ; 0 (0)                     ; 0 (0)         ; 0                 ; 0     ; 0          ; 0    ; 0            ; |DE1_SoC_Demo|unsaved:u0|unsaved_mm_interconnect_0:mm_interconnect_0|unsaved_mm_interconnect_0_cmd_demux:cmd_demux                                                                                                                                                                                                                                   ; unsaved_mm_interconnect_0_cmd_demux               ; unsaved      ;
;          |unsaved_mm_interconnect_0_cmd_demux:cmd_demux_001|                                  ; 1.0 (1.0)            ; 1.0 (1.0)                        ; 0.0 (0.0)                                         ; 0.0 (0.0)                        ; 0.0 (0.0)            ; 2 (2)               ; 0 (0)                     ; 0 (0)         ; 0                 ; 0     ; 0          ; 0    ; 0            ; |DE1_SoC_Demo|unsaved:u0|unsaved_mm_interconnect_0:mm_interconnect_0|unsaved_mm_interconnect_0_cmd_demux:cmd_demux_001                                                                                                                                                                                                                               ; unsaved_mm_interconnect_0_cmd_demux               ; unsaved      ;
;          |unsaved_mm_interconnect_0_router:router|                                            ; 3.0 (3.0)            ; 3.0 (3.0)                        ; 0.0 (0.0)                                         ; 0.0 (0.0)                        ; 0.0 (0.0)            ; 4 (4)               ; 0 (0)                     ; 0 (0)         ; 0                 ; 0     ; 0          ; 0    ; 0            ; |DE1_SoC_Demo|unsaved:u0|unsaved_mm_interconnect_0:mm_interconnect_0|unsaved_mm_interconnect_0_router:router                                                                                                                                                                                                                                         ; unsaved_mm_interconnect_0_router                  ; unsaved      ;
;          |unsaved_mm_interconnect_0_router:router_001|                                        ; 1.7 (1.7)            ; 2.0 (2.0)                        ; 0.3 (0.3)                                         ; 0.0 (0.0)                        ; 0.0 (0.0)            ; 3 (3)               ; 0 (0)                     ; 0 (0)         ; 0                 ; 0     ; 0          ; 0    ; 0            ; |DE1_SoC_Demo|unsaved:u0|unsaved_mm_interconnect_0:mm_interconnect_0|unsaved_mm_interconnect_0_router:router_001                                                                                                                                                                                                                                     ; unsaved_mm_interconnect_0_router                  ; unsaved      ;
;          |unsaved_mm_interconnect_0_rsp_mux:rsp_mux|                                          ; 0.4 (0.4)            ; 0.5 (0.5)                        ; 0.1 (0.1)                                         ; 0.0 (0.0)                        ; 0.0 (0.0)            ; 1 (1)               ; 0 (0)                     ; 0 (0)         ; 0                 ; 0     ; 0          ; 0    ; 0            ; |DE1_SoC_Demo|unsaved:u0|unsaved_mm_interconnect_0:mm_interconnect_0|unsaved_mm_interconnect_0_rsp_mux:rsp_mux                                                                                                                                                                                                                                       ; unsaved_mm_interconnect_0_rsp_mux                 ; unsaved      ;
;          |unsaved_mm_interconnect_0_rsp_mux:rsp_mux_001|                                      ; 0.5 (0.5)            ; 0.5 (0.5)                        ; 0.0 (0.0)                                         ; 0.0 (0.0)                        ; 0.0 (0.0)            ; 1 (1)               ; 0 (0)                     ; 0 (0)         ; 0                 ; 0     ; 0          ; 0    ; 0            ; |DE1_SoC_Demo|unsaved:u0|unsaved_mm_interconnect_0:mm_interconnect_0|unsaved_mm_interconnect_0_rsp_mux:rsp_mux_001                                                                                                                                                                                                                                   ; unsaved_mm_interconnect_0_rsp_mux                 ; unsaved      ;
+-----------------------------------------------------------------------------------------------+----------------------+----------------------------------+---------------------------------------------------+----------------------------------+----------------------+---------------------+---------------------------+---------------+-------------------+-------+------------+------+--------------+------------------------------------------------------------------------------------------------------------------------------------------------------------------------------------------------------------------------------------------------------------------------------------------------------------------------------------------------------+---------------------------------------------------+--------------+
Note: For table entries with two numbers listed, the numbers in parentheses indicate the number of resources of the given type used by the specific entity alone. The numbers listed outside of parentheses indicate the total resources of the given type used by the specific entity and all of its sub-entities in the hierarchy.


+-----------------------------------------------------------------------------------------------------------------------------------------+
; Delay Chain Summary                                                                                                                     ;
+---------------------+----------+------+------+------+------+-------+-------+--------+------------------------+--------------------------+
; Name                ; Pin Type ; D1   ; D3_0 ; D3_1 ; D4   ; D5    ; D5 OE ; D5 OCT ; T11 (Postamble Gating) ; T11 (Postamble Ungating) ;
+---------------------+----------+------+------+------+------+-------+-------+--------+------------------------+--------------------------+
; CLOCK_50            ; Input    ; --   ; --   ; --   ; --   ; --    ; --    ; --     ; --                     ; --                       ;
; LEDR[0]             ; Output   ; --   ; --   ; --   ; --   ; (0)   ; (31)  ; --     ; --                     ; --                       ;
; LEDR[1]             ; Output   ; --   ; --   ; --   ; --   ; (0)   ; (31)  ; --     ; --                     ; --                       ;
; LEDR[2]             ; Output   ; --   ; --   ; --   ; --   ; (0)   ; (31)  ; --     ; --                     ; --                       ;
; LEDR[3]             ; Output   ; --   ; --   ; --   ; --   ; (0)   ; (31)  ; --     ; --                     ; --                       ;
; LEDR[4]             ; Output   ; --   ; --   ; --   ; --   ; (0)   ; (31)  ; --     ; --                     ; --                       ;
; LEDR[5]             ; Output   ; --   ; --   ; --   ; --   ; (0)   ; (31)  ; --     ; --                     ; --                       ;
; LEDR[6]             ; Output   ; --   ; --   ; --   ; --   ; (0)   ; (31)  ; --     ; --                     ; --                       ;
; LEDR[7]             ; Output   ; --   ; --   ; --   ; --   ; (0)   ; (31)  ; --     ; --                     ; --                       ;
; LEDR[8]             ; Output   ; --   ; --   ; --   ; --   ; (0)   ; (31)  ; --     ; --                     ; --                       ;
; LEDR[9]             ; Output   ; --   ; --   ; --   ; --   ; (0)   ; (31)  ; --     ; --                     ; --                       ;
; HPS_DDR3_ADDR[0]    ; Output   ; --   ; --   ; --   ; --   ; (5)   ; --    ; --     ; --                     ; --                       ;
; HPS_DDR3_ADDR[1]    ; Output   ; --   ; --   ; --   ; --   ; (6)   ; --    ; --     ; --                     ; --                       ;
; HPS_DDR3_ADDR[2]    ; Output   ; --   ; --   ; --   ; --   ; (6)   ; --    ; --     ; --                     ; --                       ;
; HPS_DDR3_ADDR[3]    ; Output   ; --   ; --   ; --   ; --   ; (7)   ; --    ; --     ; --                     ; --                       ;
; HPS_DDR3_ADDR[4]    ; Output   ; --   ; --   ; --   ; --   ; (10)  ; --    ; --     ; --                     ; --                       ;
; HPS_DDR3_ADDR[5]    ; Output   ; --   ; --   ; --   ; --   ; (11)  ; --    ; --     ; --                     ; --                       ;
; HPS_DDR3_ADDR[6]    ; Output   ; --   ; --   ; --   ; --   ; (6)   ; --    ; --     ; --                     ; --                       ;
; HPS_DDR3_ADDR[7]    ; Output   ; --   ; --   ; --   ; --   ; (7)   ; --    ; --     ; --                     ; --                       ;
; HPS_DDR3_ADDR[8]    ; Output   ; --   ; --   ; --   ; --   ; (10)  ; --    ; --     ; --                     ; --                       ;
; HPS_DDR3_ADDR[9]    ; Output   ; --   ; --   ; --   ; --   ; (10)  ; --    ; --     ; --                     ; --                       ;
; HPS_DDR3_ADDR[10]   ; Output   ; --   ; --   ; --   ; --   ; (6)   ; --    ; --     ; --                     ; --                       ;
; HPS_DDR3_ADDR[11]   ; Output   ; --   ; --   ; --   ; --   ; (6)   ; --    ; --     ; --                     ; --                       ;
; HPS_DDR3_ADDR[12]   ; Output   ; --   ; --   ; --   ; --   ; (5)   ; --    ; --     ; --                     ; --                       ;
; HPS_DDR3_ADDR[13]   ; Output   ; --   ; --   ; --   ; --   ; (7)   ; --    ; --     ; --                     ; --                       ;
; HPS_DDR3_BA[0]      ; Output   ; --   ; --   ; --   ; --   ; (6)   ; --    ; --     ; --                     ; --                       ;
; HPS_DDR3_BA[1]      ; Output   ; --   ; --   ; --   ; --   ; (11)  ; --    ; --     ; --                     ; --                       ;
; HPS_DDR3_BA[2]      ; Output   ; --   ; --   ; --   ; --   ; (11)  ; --    ; --     ; --                     ; --                       ;
; HPS_DDR3_CAS_N      ; Output   ; --   ; --   ; --   ; --   ; (6)   ; --    ; --     ; --                     ; --                       ;
; HPS_DDR3_CKE        ; Output   ; --   ; --   ; --   ; --   ; (7)   ; --    ; --     ; --                     ; --                       ;
; HPS_DDR3_CK_N       ; Output   ; --   ; --   ; --   ; --   ; (2)   ; (0)   ; --     ; --                     ; --                       ;
; HPS_DDR3_CK_P       ; Output   ; --   ; --   ; --   ; --   ; (2)   ; (0)   ; --     ; --                     ; --                       ;
; HPS_DDR3_CS_N       ; Output   ; --   ; --   ; --   ; --   ; (11)  ; --    ; --     ; --                     ; --                       ;
; HPS_DDR3_DM         ; Output   ; --   ; --   ; --   ; --   ; (5)   ; (5)   ; (0)    ; --                     ; --                       ;
; HPS_DDR3_ODT        ; Output   ; --   ; --   ; --   ; --   ; (6)   ; --    ; --     ; --                     ; --                       ;
; HPS_DDR3_RAS_N      ; Output   ; --   ; --   ; --   ; --   ; (7)   ; --    ; --     ; --                     ; --                       ;
; HPS_DDR3_RESET_N    ; Output   ; --   ; --   ; --   ; --   ; (0)   ; --    ; --     ; --                     ; --                       ;
; HPS_DDR3_WE_N       ; Output   ; --   ; --   ; --   ; --   ; (6)   ; --    ; --     ; --                     ; --                       ;
; HPS_ENET_MDC        ; Output   ; --   ; --   ; --   ; --   ; (0)   ; (31)  ; --     ; --                     ; --                       ;
; HPS_ENET_TX_CLK     ; Output   ; --   ; --   ; --   ; --   ; (0)   ; (31)  ; --     ; --                     ; --                       ;
; HPS_ENET_TX_EN      ; Output   ; --   ; --   ; --   ; --   ; (0)   ; (31)  ; --     ; --                     ; --                       ;
; HPS_ENET_TX_DATA[0] ; Output   ; --   ; --   ; --   ; --   ; (0)   ; (31)  ; --     ; --                     ; --                       ;
; HPS_ENET_TX_DATA[1] ; Output   ; --   ; --   ; --   ; --   ; (0)   ; (31)  ; --     ; --                     ; --                       ;
; HPS_ENET_TX_DATA[2] ; Output   ; --   ; --   ; --   ; --   ; (0)   ; (31)  ; --     ; --                     ; --                       ;
; HPS_ENET_TX_DATA[3] ; Output   ; --   ; --   ; --   ; --   ; (0)   ; (31)  ; --     ; --                     ; --                       ;
; HPS_UART_TX         ; Output   ; --   ; --   ; --   ; --   ; (0)   ; (31)  ; --     ; --                     ; --                       ;
; HPS_DDR3_DQ[0]      ; Bidir    ; (2)  ; (0)  ; --   ; --   ; (8)   ; (8)   ; (0)    ; --                     ; --                       ;
; HPS_DDR3_DQ[1]      ; Bidir    ; (0)  ; (0)  ; --   ; --   ; (9)   ; (9)   ; (0)    ; --                     ; --                       ;
; HPS_DDR3_DQ[2]      ; Bidir    ; (0)  ; (0)  ; --   ; --   ; (5)   ; (5)   ; (0)    ; --                     ; --                       ;
; HPS_DDR3_DQ[3]      ; Bidir    ; (0)  ; (0)  ; --   ; --   ; (5)   ; (5)   ; (0)    ; --                     ; --                       ;
; HPS_DDR3_DQ[4]      ; Bidir    ; (2)  ; (0)  ; --   ; --   ; (8)   ; (8)   ; (0)    ; --                     ; --                       ;
; HPS_DDR3_DQ[5]      ; Bidir    ; (0)  ; (0)  ; --   ; --   ; (9)   ; (9)   ; (0)    ; --                     ; --                       ;
; HPS_DDR3_DQ[6]      ; Bidir    ; (0)  ; (0)  ; --   ; --   ; (5)   ; (5)   ; (0)    ; --                     ; --                       ;
; HPS_DDR3_DQ[7]      ; Bidir    ; (0)  ; (0)  ; --   ; --   ; (6)   ; (6)   ; (0)    ; --                     ; --                       ;
; HPS_DDR3_DQS_N      ; Bidir    ; --   ; --   ; --   ; (0)  ; (0)   ; (0)   ; (0)    ; (0)                    ; (0)                      ;
; HPS_DDR3_DQS_P      ; Bidir    ; --   ; --   ; --   ; (0)  ; (0)   ; (0)   ; (0)    ; (0)                    ; (0)                      ;
; HPS_ENET_MDIO       ; Bidir    ; --   ; (0)  ; --   ; --   ; (0)   ; (31)  ; --     ; --                     ; --                       ;
; HPS_SD_CLK          ; Bidir    ; --   ; --   ; --   ; --   ; (0)   ; (31)  ; --     ; --                     ; --                       ;
; HPS_SD_CMD          ; Bidir    ; --   ; (0)  ; --   ; --   ; (0)   ; (31)  ; --     ; --                     ; --                       ;
; HPS_SD_DATA[0]      ; Bidir    ; --   ; (0)  ; --   ; --   ; (0)   ; (31)  ; --     ; --                     ; --                       ;
; HPS_SD_DATA[1]      ; Bidir    ; --   ; (0)  ; --   ; --   ; (0)   ; (31)  ; --     ; --                     ; --                       ;
; HPS_SD_DATA[2]      ; Bidir    ; --   ; (0)  ; --   ; --   ; (0)   ; (31)  ; --     ; --                     ; --                       ;
; HPS_SD_DATA[3]      ; Bidir    ; --   ; (0)  ; --   ; --   ; (0)   ; (31)  ; --     ; --                     ; --                       ;
; HPS_ENET_RX_DATA[0] ; Input    ; --   ; (0)  ; --   ; --   ; --    ; --    ; --     ; --                     ; --                       ;
; HPS_ENET_RX_DATA[1] ; Input    ; --   ; (0)  ; --   ; --   ; --    ; --    ; --     ; --                     ; --                       ;
; HPS_ENET_RX_DATA[2] ; Input    ; --   ; (0)  ; --   ; --   ; --    ; --    ; --     ; --                     ; --                       ;
; HPS_ENET_RX_DATA[3] ; Input    ; --   ; (0)  ; --   ; --   ; --    ; --    ; --     ; --                     ; --                       ;
; HPS_ENET_RX_CLK     ; Input    ; --   ; (0)  ; --   ; --   ; --    ; --    ; --     ; --                     ; --                       ;
; HPS_ENET_RX_DV      ; Input    ; --   ; (0)  ; --   ; --   ; --    ; --    ; --     ; --                     ; --                       ;
; HPS_UART_RX         ; Input    ; --   ; (0)  ; --   ; --   ; --    ; --    ; --     ; --                     ; --                       ;
; HPS_DDR3_RZQ        ; Input    ; --   ; (0)  ; --   ; --   ; --    ; --    ; --     ; --                     ; --                       ;
+---------------------+----------+------+------+------+------+-------+-------+--------+------------------------+--------------------------+


+------------------------------------------------------------------------------------------------------------------------------------------------------------------------------------------------------------------------------------------------------------------------------------------------------------------------------------------------------------------------------------------+
; Pad To Core Delay Chain Fanout                                                                                                                                                                                                                                                                                                                                                           ;
+------------------------------------------------------------------------------------------------------------------------------------------------------------------------------------------------------------------------------------------------------------------------------------------------------------------------------------------------------------+-------------------+---------+
; Source Pin / Fanout                                                                                                                                                                                                                                                                                                                                        ; Pad To Core Index ; Setting ;
+------------------------------------------------------------------------------------------------------------------------------------------------------------------------------------------------------------------------------------------------------------------------------------------------------------------------------------------------------------+-------------------+---------+
; CLOCK_50                                                                                                                                                                                                                                                                                                                                                   ;                   ;         ;
; HPS_DDR3_DQ[0]                                                                                                                                                                                                                                                                                                                                             ;                   ;         ;
;      - unsaved:u0|unsaved_hps_1:hps_1|unsaved_hps_1_hps_io:hps_io|unsaved_hps_1_hps_io_border:border|hps_sdram:hps_sdram_inst|hps_sdram_p0:p0|hps_sdram_p0_acv_hard_memphy:umemphy|hps_sdram_p0_acv_hard_io_pads:uio_pads|hps_sdram_p0_altdqdqs:dq_ddio[0].ubidir_dq_dqs|altdq_dqs2_acv_connect_to_hard_phy_cyclonev:altdq_dqs2_inst|pad_gen[0].in_delay_1 ; 0                 ; 0       ;
; HPS_DDR3_DQ[1]                                                                                                                                                                                                                                                                                                                                             ;                   ;         ;
;      - unsaved:u0|unsaved_hps_1:hps_1|unsaved_hps_1_hps_io:hps_io|unsaved_hps_1_hps_io_border:border|hps_sdram:hps_sdram_inst|hps_sdram_p0:p0|hps_sdram_p0_acv_hard_memphy:umemphy|hps_sdram_p0_acv_hard_io_pads:uio_pads|hps_sdram_p0_altdqdqs:dq_ddio[0].ubidir_dq_dqs|altdq_dqs2_acv_connect_to_hard_phy_cyclonev:altdq_dqs2_inst|pad_gen[1].in_delay_1 ; 0                 ; 0       ;
; HPS_DDR3_DQ[2]                                                                                                                                                                                                                                                                                                                                             ;                   ;         ;
;      - unsaved:u0|unsaved_hps_1:hps_1|unsaved_hps_1_hps_io:hps_io|unsaved_hps_1_hps_io_border:border|hps_sdram:hps_sdram_inst|hps_sdram_p0:p0|hps_sdram_p0_acv_hard_memphy:umemphy|hps_sdram_p0_acv_hard_io_pads:uio_pads|hps_sdram_p0_altdqdqs:dq_ddio[0].ubidir_dq_dqs|altdq_dqs2_acv_connect_to_hard_phy_cyclonev:altdq_dqs2_inst|pad_gen[2].in_delay_1 ; 0                 ; 0       ;
; HPS_DDR3_DQ[3]                                                                                                                                                                                                                                                                                                                                             ;                   ;         ;
;      - unsaved:u0|unsaved_hps_1:hps_1|unsaved_hps_1_hps_io:hps_io|unsaved_hps_1_hps_io_border:border|hps_sdram:hps_sdram_inst|hps_sdram_p0:p0|hps_sdram_p0_acv_hard_memphy:umemphy|hps_sdram_p0_acv_hard_io_pads:uio_pads|hps_sdram_p0_altdqdqs:dq_ddio[0].ubidir_dq_dqs|altdq_dqs2_acv_connect_to_hard_phy_cyclonev:altdq_dqs2_inst|pad_gen[3].in_delay_1 ; 0                 ; 0       ;
; HPS_DDR3_DQ[4]                                                                                                                                                                                                                                                                                                                                             ;                   ;         ;
;      - unsaved:u0|unsaved_hps_1:hps_1|unsaved_hps_1_hps_io:hps_io|unsaved_hps_1_hps_io_border:border|hps_sdram:hps_sdram_inst|hps_sdram_p0:p0|hps_sdram_p0_acv_hard_memphy:umemphy|hps_sdram_p0_acv_hard_io_pads:uio_pads|hps_sdram_p0_altdqdqs:dq_ddio[0].ubidir_dq_dqs|altdq_dqs2_acv_connect_to_hard_phy_cyclonev:altdq_dqs2_inst|pad_gen[4].in_delay_1 ; 0                 ; 0       ;
; HPS_DDR3_DQ[5]                                                                                                                                                                                                                                                                                                                                             ;                   ;         ;
;      - unsaved:u0|unsaved_hps_1:hps_1|unsaved_hps_1_hps_io:hps_io|unsaved_hps_1_hps_io_border:border|hps_sdram:hps_sdram_inst|hps_sdram_p0:p0|hps_sdram_p0_acv_hard_memphy:umemphy|hps_sdram_p0_acv_hard_io_pads:uio_pads|hps_sdram_p0_altdqdqs:dq_ddio[0].ubidir_dq_dqs|altdq_dqs2_acv_connect_to_hard_phy_cyclonev:altdq_dqs2_inst|pad_gen[5].in_delay_1 ; 0                 ; 0       ;
; HPS_DDR3_DQ[6]                                                                                                                                                                                                                                                                                                                                             ;                   ;         ;
;      - unsaved:u0|unsaved_hps_1:hps_1|unsaved_hps_1_hps_io:hps_io|unsaved_hps_1_hps_io_border:border|hps_sdram:hps_sdram_inst|hps_sdram_p0:p0|hps_sdram_p0_acv_hard_memphy:umemphy|hps_sdram_p0_acv_hard_io_pads:uio_pads|hps_sdram_p0_altdqdqs:dq_ddio[0].ubidir_dq_dqs|altdq_dqs2_acv_connect_to_hard_phy_cyclonev:altdq_dqs2_inst|pad_gen[6].in_delay_1 ; 0                 ; 0       ;
; HPS_DDR3_DQ[7]                                                                                                                                                                                                                                                                                                                                             ;                   ;         ;
;      - unsaved:u0|unsaved_hps_1:hps_1|unsaved_hps_1_hps_io:hps_io|unsaved_hps_1_hps_io_border:border|hps_sdram:hps_sdram_inst|hps_sdram_p0:p0|hps_sdram_p0_acv_hard_memphy:umemphy|hps_sdram_p0_acv_hard_io_pads:uio_pads|hps_sdram_p0_altdqdqs:dq_ddio[0].ubidir_dq_dqs|altdq_dqs2_acv_connect_to_hard_phy_cyclonev:altdq_dqs2_inst|pad_gen[7].in_delay_1 ; 0                 ; 0       ;
; HPS_DDR3_DQS_N                                                                                                                                                                                                                                                                                                                                             ;                   ;         ;
; HPS_DDR3_DQS_P                                                                                                                                                                                                                                                                                                                                             ;                   ;         ;
; HPS_ENET_MDIO                                                                                                                                                                                                                                                                                                                                              ;                   ;         ;
; HPS_SD_CLK                                                                                                                                                                                                                                                                                                                                                 ;                   ;         ;
; HPS_SD_CMD                                                                                                                                                                                                                                                                                                                                                 ;                   ;         ;
; HPS_SD_DATA[0]                                                                                                                                                                                                                                                                                                                                             ;                   ;         ;
; HPS_SD_DATA[1]                                                                                                                                                                                                                                                                                                                                             ;                   ;         ;
; HPS_SD_DATA[2]                                                                                                                                                                                                                                                                                                                                             ;                   ;         ;
; HPS_SD_DATA[3]                                                                                                                                                                                                                                                                                                                                             ;                   ;         ;
; HPS_ENET_RX_DATA[0]                                                                                                                                                                                                                                                                                                                                        ;                   ;         ;
; HPS_ENET_RX_DATA[1]                                                                                                                                                                                                                                                                                                                                        ;                   ;         ;
; HPS_ENET_RX_DATA[2]                                                                                                                                                                                                                                                                                                                                        ;                   ;         ;
; HPS_ENET_RX_DATA[3]                                                                                                                                                                                                                                                                                                                                        ;                   ;         ;
; HPS_ENET_RX_CLK                                                                                                                                                                                                                                                                                                                                            ;                   ;         ;
; HPS_ENET_RX_DV                                                                                                                                                                                                                                                                                                                                             ;                   ;         ;
; HPS_UART_RX                                                                                                                                                                                                                                                                                                                                                ;                   ;         ;
; HPS_DDR3_RZQ                                                                                                                                                                                                                                                                                                                                               ;                   ;         ;
+------------------------------------------------------------------------------------------------------------------------------------------------------------------------------------------------------------------------------------------------------------------------------------------------------------------------------------------------------------+-------------------+---------+


+------------------------------------------------------------------------------------------------------------------------------------------------------------------------------------------------------------------------------------------------------------------------------------------------------------------------------------------------------------------------------------------------------------------------------------------------------------------------------------------------------------+
; Control Signals                                                                                                                                                                                                                                                                                                                                                                                                                                                                                            ;
+-----------------------------------------------------------------------------------------------------------------------------------------------------------------------------------------------------------------------------------------------------------------------------------------------------------------------------------------------------------------+---------------------------------+---------+---------------+--------+----------------------+------------------+---------------------------+
; Name                                                                                                                                                                                                                                                                                                                                                            ; Location                        ; Fan-Out ; Usage         ; Global ; Global Resource Used ; Global Line Name ; Enable Signal Source Name ;
+-----------------------------------------------------------------------------------------------------------------------------------------------------------------------------------------------------------------------------------------------------------------------------------------------------------------------------------------------------------------+---------------------------------+---------+---------------+--------+----------------------+------------------+---------------------------+
; unsaved:u0|unsaved_hps_1:hps_1|unsaved_hps_1_hps_io:hps_io|unsaved_hps_1_hps_io_border:border|hps_sdram:hps_sdram_inst|hps_sdram_p0:p0|hps_sdram_p0_acv_hard_memphy:umemphy|hps_sdram_p0_acv_hard_io_pads:uio_pads|hps_sdram_p0_acv_hard_addr_cmd_pads:uaddr_cmd_pads|hps_sdram_p0_acv_ldc:address_gen[0].acv_ac_ldc|adc_clk_cps                                ; CLKPHASESELECT_X89_Y71_N7       ; 11      ; Clock         ; no     ; --                   ; --               ; --                        ;
; unsaved:u0|unsaved_hps_1:hps_1|unsaved_hps_1_hps_io:hps_io|unsaved_hps_1_hps_io_border:border|hps_sdram:hps_sdram_inst|hps_sdram_p0:p0|hps_sdram_p0_acv_hard_memphy:umemphy|hps_sdram_p0_acv_hard_io_pads:uio_pads|hps_sdram_p0_acv_hard_addr_cmd_pads:uaddr_cmd_pads|hps_sdram_p0_acv_ldc:address_gen[18].acv_ac_ldc|adc_clk_cps                               ; CLKPHASESELECT_X89_Y56_N7       ; 1       ; Clock         ; no     ; --                   ; --               ; --                        ;
; unsaved:u0|unsaved_hps_1:hps_1|unsaved_hps_1_hps_io:hps_io|unsaved_hps_1_hps_io_border:border|hps_sdram:hps_sdram_inst|hps_sdram_p0:p0|hps_sdram_p0_acv_hard_memphy:umemphy|hps_sdram_p0_acv_hard_io_pads:uio_pads|hps_sdram_p0_acv_hard_addr_cmd_pads:uaddr_cmd_pads|hps_sdram_p0_acv_ldc:address_gen[19].acv_ac_ldc|adc_clk_cps                               ; CLKPHASESELECT_X89_Y63_N7       ; 1       ; Clock         ; no     ; --                   ; --               ; --                        ;
; unsaved:u0|unsaved_hps_1:hps_1|unsaved_hps_1_hps_io:hps_io|unsaved_hps_1_hps_io_border:border|hps_sdram:hps_sdram_inst|hps_sdram_p0:p0|hps_sdram_p0_acv_hard_memphy:umemphy|hps_sdram_p0_acv_hard_io_pads:uio_pads|hps_sdram_p0_acv_hard_addr_cmd_pads:uaddr_cmd_pads|hps_sdram_p0_acv_ldc:address_gen[23].acv_ac_ldc|adc_clk_cps                               ; CLKPHASESELECT_X89_Y49_N7       ; 1       ; Clock         ; no     ; --                   ; --               ; --                        ;
; unsaved:u0|unsaved_hps_1:hps_1|unsaved_hps_1_hps_io:hps_io|unsaved_hps_1_hps_io_border:border|hps_sdram:hps_sdram_inst|hps_sdram_p0:p0|hps_sdram_p0_acv_hard_memphy:umemphy|hps_sdram_p0_acv_hard_io_pads:uio_pads|hps_sdram_p0_acv_hard_addr_cmd_pads:uaddr_cmd_pads|hps_sdram_p0_acv_ldc:address_gen[8].acv_ac_ldc|adc_clk_cps                                ; CLKPHASESELECT_X89_Y77_N7       ; 10      ; Clock         ; no     ; --                   ; --               ; --                        ;
; unsaved:u0|unsaved_hps_1:hps_1|unsaved_hps_1_hps_io:hps_io|unsaved_hps_1_hps_io_border:border|hps_sdram:hps_sdram_inst|hps_sdram_p0:p0|hps_sdram_p0_acv_hard_memphy:umemphy|hps_sdram_p0_acv_hard_io_pads:uio_pads|hps_sdram_p0_acv_hard_addr_cmd_pads:uaddr_cmd_pads|hps_sdram_p0_clock_pair_generator:clock_gen[0].uclk_generator|wire_pseudo_diffa_oebout[0] ; PSEUDODIFFOUT_X89_Y73_N6        ; 1       ; Output enable ; no     ; --                   ; --               ; --                        ;
; unsaved:u0|unsaved_hps_1:hps_1|unsaved_hps_1_hps_io:hps_io|unsaved_hps_1_hps_io_border:border|hps_sdram:hps_sdram_inst|hps_sdram_p0:p0|hps_sdram_p0_acv_hard_memphy:umemphy|hps_sdram_p0_acv_hard_io_pads:uio_pads|hps_sdram_p0_acv_hard_addr_cmd_pads:uaddr_cmd_pads|hps_sdram_p0_clock_pair_generator:clock_gen[0].uclk_generator|wire_pseudo_diffa_oeout[0]  ; PSEUDODIFFOUT_X89_Y73_N6        ; 1       ; Output enable ; no     ; --                   ; --               ; --                        ;
; unsaved:u0|unsaved_hps_1:hps_1|unsaved_hps_1_hps_io:hps_io|unsaved_hps_1_hps_io_border:border|hps_sdram:hps_sdram_inst|hps_sdram_p0:p0|hps_sdram_p0_acv_hard_memphy:umemphy|hps_sdram_p0_acv_hard_io_pads:uio_pads|hps_sdram_p0_acv_hard_addr_cmd_pads:uaddr_cmd_pads|mem_ck_source[0]                                                                          ; CLKPHASESELECT_X89_Y71_N4       ; 1       ; Clock         ; no     ; --                   ; --               ; --                        ;
; unsaved:u0|unsaved_hps_1:hps_1|unsaved_hps_1_hps_io:hps_io|unsaved_hps_1_hps_io_border:border|hps_sdram:hps_sdram_inst|hps_sdram_p0:p0|hps_sdram_p0_acv_hard_memphy:umemphy|hps_sdram_p0_acv_hard_io_pads:uio_pads|hps_sdram_p0_altdqdqs:dq_ddio[0].ubidir_dq_dqs|altdq_dqs2_acv_connect_to_hard_phy_cyclonev:altdq_dqs2_inst|diff_oe                           ; PSEUDODIFFOUT_X89_Y65_N6        ; 1       ; Output enable ; no     ; --                   ; --               ; --                        ;
; unsaved:u0|unsaved_hps_1:hps_1|unsaved_hps_1_hps_io:hps_io|unsaved_hps_1_hps_io_border:border|hps_sdram:hps_sdram_inst|hps_sdram_p0:p0|hps_sdram_p0_acv_hard_memphy:umemphy|hps_sdram_p0_acv_hard_io_pads:uio_pads|hps_sdram_p0_altdqdqs:dq_ddio[0].ubidir_dq_dqs|altdq_dqs2_acv_connect_to_hard_phy_cyclonev:altdq_dqs2_inst|diff_oe_bar                       ; PSEUDODIFFOUT_X89_Y65_N6        ; 1       ; Output enable ; no     ; --                   ; --               ; --                        ;
; unsaved:u0|unsaved_hps_1:hps_1|unsaved_hps_1_hps_io:hps_io|unsaved_hps_1_hps_io_border:border|hps_sdram:hps_sdram_inst|hps_sdram_p0:p0|hps_sdram_p0_acv_hard_memphy:umemphy|hps_sdram_p0_acv_hard_io_pads:uio_pads|hps_sdram_p0_altdqdqs:dq_ddio[0].ubidir_dq_dqs|altdq_dqs2_acv_connect_to_hard_phy_cyclonev:altdq_dqs2_inst|dq_shifted_clock                  ; CLKPHASESELECT_X89_Y63_N8       ; 17      ; Clock         ; no     ; --                   ; --               ; --                        ;
; unsaved:u0|unsaved_hps_1:hps_1|unsaved_hps_1_hps_io:hps_io|unsaved_hps_1_hps_io_border:border|hps_sdram:hps_sdram_inst|hps_sdram_p0:p0|hps_sdram_p0_acv_hard_memphy:umemphy|hps_sdram_p0_acv_hard_io_pads:uio_pads|hps_sdram_p0_altdqdqs:dq_ddio[0].ubidir_dq_dqs|altdq_dqs2_acv_connect_to_hard_phy_cyclonev:altdq_dqs2_inst|dqs_shifted_clock                 ; CLKPHASESELECT_X89_Y63_N4       ; 13      ; Clock         ; no     ; --                   ; --               ; --                        ;
; unsaved:u0|unsaved_hps_1:hps_1|unsaved_hps_1_hps_io:hps_io|unsaved_hps_1_hps_io_border:border|hps_sdram:hps_sdram_inst|hps_sdram_p0:p0|hps_sdram_p0_acv_hard_memphy:umemphy|hps_sdram_p0_acv_hard_io_pads:uio_pads|hps_sdram_p0_altdqdqs:dq_ddio[0].ubidir_dq_dqs|altdq_dqs2_acv_connect_to_hard_phy_cyclonev:altdq_dqs2_inst|dqsbusout                         ; DELAYCHAIN_X89_Y63_N22          ; 17      ; Clock         ; no     ; --                   ; --               ; --                        ;
; unsaved:u0|unsaved_hps_1:hps_1|unsaved_hps_1_hps_io:hps_io|unsaved_hps_1_hps_io_border:border|hps_sdram:hps_sdram_inst|hps_sdram_p0:p0|hps_sdram_p0_acv_hard_memphy:umemphy|hps_sdram_p0_acv_hard_io_pads:uio_pads|hps_sdram_p0_altdqdqs:dq_ddio[0].ubidir_dq_dqs|altdq_dqs2_acv_connect_to_hard_phy_cyclonev:altdq_dqs2_inst|fr_os_oct                         ; DDIOOUT_X89_Y63_N10             ; 1       ; Output enable ; no     ; --                   ; --               ; --                        ;
; unsaved:u0|unsaved_hps_1:hps_1|unsaved_hps_1_hps_io:hps_io|unsaved_hps_1_hps_io_border:border|hps_sdram:hps_sdram_inst|hps_sdram_p0:p0|hps_sdram_p0_acv_hard_memphy:umemphy|hps_sdram_p0_acv_hard_io_pads:uio_pads|hps_sdram_p0_altdqdqs:dq_ddio[0].ubidir_dq_dqs|altdq_dqs2_acv_connect_to_hard_phy_cyclonev:altdq_dqs2_inst|hr_seq_clock                      ; CLKPHASESELECT_X89_Y63_N9       ; 42      ; Clock         ; no     ; --                   ; --               ; --                        ;
; unsaved:u0|unsaved_hps_1:hps_1|unsaved_hps_1_hps_io:hps_io|unsaved_hps_1_hps_io_border:border|hps_sdram:hps_sdram_inst|hps_sdram_p0:p0|hps_sdram_p0_acv_hard_memphy:umemphy|hps_sdram_p0_acv_hard_io_pads:uio_pads|hps_sdram_p0_altdqdqs:dq_ddio[0].ubidir_dq_dqs|altdq_dqs2_acv_connect_to_hard_phy_cyclonev:altdq_dqs2_inst|pad_gen[0].delayed_oe_1           ; DELAYCHAIN_X89_Y66_N27          ; 1       ; Output enable ; no     ; --                   ; --               ; --                        ;
; unsaved:u0|unsaved_hps_1:hps_1|unsaved_hps_1_hps_io:hps_io|unsaved_hps_1_hps_io_border:border|hps_sdram:hps_sdram_inst|hps_sdram_p0:p0|hps_sdram_p0_acv_hard_memphy:umemphy|hps_sdram_p0_acv_hard_io_pads:uio_pads|hps_sdram_p0_altdqdqs:dq_ddio[0].ubidir_dq_dqs|altdq_dqs2_acv_connect_to_hard_phy_cyclonev:altdq_dqs2_inst|pad_gen[1].delayed_oe_1           ; DELAYCHAIN_X89_Y66_N10          ; 1       ; Output enable ; no     ; --                   ; --               ; --                        ;
; unsaved:u0|unsaved_hps_1:hps_1|unsaved_hps_1_hps_io:hps_io|unsaved_hps_1_hps_io_border:border|hps_sdram:hps_sdram_inst|hps_sdram_p0:p0|hps_sdram_p0_acv_hard_memphy:umemphy|hps_sdram_p0_acv_hard_io_pads:uio_pads|hps_sdram_p0_altdqdqs:dq_ddio[0].ubidir_dq_dqs|altdq_dqs2_acv_connect_to_hard_phy_cyclonev:altdq_dqs2_inst|pad_gen[2].delayed_oe_1           ; DELAYCHAIN_X89_Y66_N44          ; 1       ; Output enable ; no     ; --                   ; --               ; --                        ;
; unsaved:u0|unsaved_hps_1:hps_1|unsaved_hps_1_hps_io:hps_io|unsaved_hps_1_hps_io_border:border|hps_sdram:hps_sdram_inst|hps_sdram_p0:p0|hps_sdram_p0_acv_hard_memphy:umemphy|hps_sdram_p0_acv_hard_io_pads:uio_pads|hps_sdram_p0_altdqdqs:dq_ddio[0].ubidir_dq_dqs|altdq_dqs2_acv_connect_to_hard_phy_cyclonev:altdq_dqs2_inst|pad_gen[3].delayed_oe_1           ; DELAYCHAIN_X89_Y65_N61          ; 1       ; Output enable ; no     ; --                   ; --               ; --                        ;
; unsaved:u0|unsaved_hps_1:hps_1|unsaved_hps_1_hps_io:hps_io|unsaved_hps_1_hps_io_border:border|hps_sdram:hps_sdram_inst|hps_sdram_p0:p0|hps_sdram_p0_acv_hard_memphy:umemphy|hps_sdram_p0_acv_hard_io_pads:uio_pads|hps_sdram_p0_altdqdqs:dq_ddio[0].ubidir_dq_dqs|altdq_dqs2_acv_connect_to_hard_phy_cyclonev:altdq_dqs2_inst|pad_gen[4].delayed_oe_1           ; DELAYCHAIN_X89_Y64_N27          ; 1       ; Output enable ; no     ; --                   ; --               ; --                        ;
; unsaved:u0|unsaved_hps_1:hps_1|unsaved_hps_1_hps_io:hps_io|unsaved_hps_1_hps_io_border:border|hps_sdram:hps_sdram_inst|hps_sdram_p0:p0|hps_sdram_p0_acv_hard_memphy:umemphy|hps_sdram_p0_acv_hard_io_pads:uio_pads|hps_sdram_p0_altdqdqs:dq_ddio[0].ubidir_dq_dqs|altdq_dqs2_acv_connect_to_hard_phy_cyclonev:altdq_dqs2_inst|pad_gen[5].delayed_oe_1           ; DELAYCHAIN_X89_Y64_N10          ; 1       ; Output enable ; no     ; --                   ; --               ; --                        ;
; unsaved:u0|unsaved_hps_1:hps_1|unsaved_hps_1_hps_io:hps_io|unsaved_hps_1_hps_io_border:border|hps_sdram:hps_sdram_inst|hps_sdram_p0:p0|hps_sdram_p0_acv_hard_memphy:umemphy|hps_sdram_p0_acv_hard_io_pads:uio_pads|hps_sdram_p0_altdqdqs:dq_ddio[0].ubidir_dq_dqs|altdq_dqs2_acv_connect_to_hard_phy_cyclonev:altdq_dqs2_inst|pad_gen[6].delayed_oe_1           ; DELAYCHAIN_X89_Y64_N44          ; 1       ; Output enable ; no     ; --                   ; --               ; --                        ;
; unsaved:u0|unsaved_hps_1:hps_1|unsaved_hps_1_hps_io:hps_io|unsaved_hps_1_hps_io_border:border|hps_sdram:hps_sdram_inst|hps_sdram_p0:p0|hps_sdram_p0_acv_hard_memphy:umemphy|hps_sdram_p0_acv_hard_io_pads:uio_pads|hps_sdram_p0_altdqdqs:dq_ddio[0].ubidir_dq_dqs|altdq_dqs2_acv_connect_to_hard_phy_cyclonev:altdq_dqs2_inst|pad_gen[7].delayed_oe_1           ; DELAYCHAIN_X89_Y63_N101         ; 1       ; Output enable ; no     ; --                   ; --               ; --                        ;
; unsaved:u0|unsaved_hps_1:hps_1|unsaved_hps_1_hps_io:hps_io|unsaved_hps_1_hps_io_border:border|hps_sdram:hps_sdram_inst|hps_sdram_pll:pll|afi_clk                                                                                                                                                                                                                ; HPSSDRAMPLL_X84_Y41_N111        ; 62      ; Clock         ; no     ; --                   ; --               ; --                        ;
; unsaved:u0|unsaved_hps_1:hps_1|unsaved_hps_1_hps_io:hps_io|unsaved_hps_1_hps_io_border:border|hps_sdram:hps_sdram_inst|hps_sdram_pll:pll|pll_write_clk                                                                                                                                                                                                          ; HPSSDRAMPLL_X84_Y41_N111        ; 2       ; Clock         ; no     ; --                   ; --               ; --                        ;
; unsaved:u0|unsaved_hps_1:hps_1|unsaved_hps_1_hps_io:hps_io|unsaved_hps_1_hps_io_border:border|intermediate[11]                                                                                                                                                                                                                                                  ; HPSPERIPHERALSDMMC_X87_Y39_N111 ; 1       ; Output enable ; no     ; --                   ; --               ; --                        ;
; unsaved:u0|unsaved_hps_1:hps_1|unsaved_hps_1_hps_io:hps_io|unsaved_hps_1_hps_io_border:border|intermediate[1]                                                                                                                                                                                                                                                   ; HPSPERIPHERALEMAC_X77_Y39_N111  ; 1       ; Output enable ; no     ; --                   ; --               ; --                        ;
; unsaved:u0|unsaved_hps_1:hps_1|unsaved_hps_1_hps_io:hps_io|unsaved_hps_1_hps_io_border:border|intermediate[3]                                                                                                                                                                                                                                                   ; HPSPERIPHERALSDMMC_X87_Y39_N111 ; 1       ; Output enable ; no     ; --                   ; --               ; --                        ;
; unsaved:u0|unsaved_hps_1:hps_1|unsaved_hps_1_hps_io:hps_io|unsaved_hps_1_hps_io_border:border|intermediate[5]                                                                                                                                                                                                                                                   ; HPSPERIPHERALSDMMC_X87_Y39_N111 ; 1       ; Output enable ; no     ; --                   ; --               ; --                        ;
; unsaved:u0|unsaved_hps_1:hps_1|unsaved_hps_1_hps_io:hps_io|unsaved_hps_1_hps_io_border:border|intermediate[7]                                                                                                                                                                                                                                                   ; HPSPERIPHERALSDMMC_X87_Y39_N111 ; 1       ; Output enable ; no     ; --                   ; --               ; --                        ;
; unsaved:u0|unsaved_hps_1:hps_1|unsaved_hps_1_hps_io:hps_io|unsaved_hps_1_hps_io_border:border|intermediate[9]                                                                                                                                                                                                                                                   ; HPSPERIPHERALSDMMC_X87_Y39_N111 ; 1       ; Output enable ; no     ; --                   ; --               ; --                        ;
+-----------------------------------------------------------------------------------------------------------------------------------------------------------------------------------------------------------------------------------------------------------------------------------------------------------------------------------------------------------------+---------------------------------+---------+---------------+--------+----------------------+------------------+---------------------------+


+----------------------------------------------------------------------+
; Routing Usage Summary                                                ;
+---------------------------------------------+------------------------+
; Routing Resource Type                       ; Usage                  ;
+---------------------------------------------+------------------------+
; Block interconnects                         ; 52 / 289,320 ( < 1 % ) ;
; C12 interconnects                           ; 0 / 13,420 ( 0 % )     ;
; C2 interconnects                            ; 9 / 119,108 ( < 1 % )  ;
; C4 interconnects                            ; 2 / 56,300 ( < 1 % )   ;
; DQS bus muxes                               ; 1 / 25 ( 4 % )         ;
; DQS-18 I/O buses                            ; 0 / 25 ( 0 % )         ;
; DQS-9 I/O buses                             ; 1 / 25 ( 4 % )         ;
; Direct links                                ; 6 / 289,320 ( < 1 % )  ;
; Global clocks                               ; 0 / 16 ( 0 % )         ;
; HPS SDRAM PLL inputs                        ; 0 / 1 ( 0 % )          ;
; HPS SDRAM PLL outputs                       ; 0 / 1 ( 0 % )          ;
; HPS_INTERFACE_BOOT_FROM_FPGA_INPUTs         ; 0 / 9 ( 0 % )          ;
; HPS_INTERFACE_CLOCKS_RESETS_INPUTs          ; 0 / 7 ( 0 % )          ;
; HPS_INTERFACE_CLOCKS_RESETS_OUTPUTs         ; 0 / 6 ( 0 % )          ;
; HPS_INTERFACE_CROSS_TRIGGER_INPUTs          ; 0 / 18 ( 0 % )         ;
; HPS_INTERFACE_CROSS_TRIGGER_OUTPUTs         ; 0 / 24 ( 0 % )         ;
; HPS_INTERFACE_DBG_APB_INPUTs                ; 0 / 37 ( 0 % )         ;
; HPS_INTERFACE_DBG_APB_OUTPUTs               ; 0 / 55 ( 0 % )         ;
; HPS_INTERFACE_DMA_INPUTs                    ; 0 / 16 ( 0 % )         ;
; HPS_INTERFACE_DMA_OUTPUTs                   ; 0 / 8 ( 0 % )          ;
; HPS_INTERFACE_FPGA2HPS_INPUTs               ; 0 / 287 ( 0 % )        ;
; HPS_INTERFACE_FPGA2HPS_OUTPUTs              ; 0 / 154 ( 0 % )        ;
; HPS_INTERFACE_FPGA2SDRAM_INPUTs             ; 0 / 852 ( 0 % )        ;
; HPS_INTERFACE_FPGA2SDRAM_OUTPUTs            ; 0 / 408 ( 0 % )        ;
; HPS_INTERFACE_HPS2FPGA_INPUTs               ; 0 / 165 ( 0 % )        ;
; HPS_INTERFACE_HPS2FPGA_LIGHT_WEIGHT_INPUTs  ; 5 / 67 ( 7 % )         ;
; HPS_INTERFACE_HPS2FPGA_LIGHT_WEIGHT_OUTPUTs ; 37 / 156 ( 24 % )      ;
; HPS_INTERFACE_HPS2FPGA_OUTPUTs              ; 0 / 282 ( 0 % )        ;
; HPS_INTERFACE_INTERRUPTS_INPUTs             ; 0 / 64 ( 0 % )         ;
; HPS_INTERFACE_INTERRUPTS_OUTPUTs            ; 0 / 42 ( 0 % )         ;
; HPS_INTERFACE_JTAG_OUTPUTs                  ; 0 / 5 ( 0 % )          ;
; HPS_INTERFACE_LOAN_IO_INPUTs                ; 0 / 142 ( 0 % )        ;
; HPS_INTERFACE_LOAN_IO_OUTPUTs               ; 0 / 85 ( 0 % )         ;
; HPS_INTERFACE_MPU_EVENT_STANDBY_INPUTs      ; 0 / 1 ( 0 % )          ;
; HPS_INTERFACE_MPU_EVENT_STANDBY_OUTPUTs     ; 0 / 5 ( 0 % )          ;
; HPS_INTERFACE_MPU_GENERAL_PURPOSE_INPUTs    ; 0 / 32 ( 0 % )         ;
; HPS_INTERFACE_MPU_GENERAL_PURPOSE_OUTPUTs   ; 0 / 32 ( 0 % )         ;
; HPS_INTERFACE_PERIPHERAL_CAN_INPUTs         ; 0 / 2 ( 0 % )          ;
; HPS_INTERFACE_PERIPHERAL_CAN_OUTPUTs        ; 0 / 2 ( 0 % )          ;
; HPS_INTERFACE_PERIPHERAL_EMAC_INPUTs        ; 0 / 32 ( 0 % )         ;
; HPS_INTERFACE_PERIPHERAL_EMAC_OUTPUTs       ; 0 / 34 ( 0 % )         ;
; HPS_INTERFACE_PERIPHERAL_I2C_INPUTs         ; 0 / 8 ( 0 % )          ;
; HPS_INTERFACE_PERIPHERAL_I2C_OUTPUTs        ; 0 / 8 ( 0 % )          ;
; HPS_INTERFACE_PERIPHERAL_NAND_INPUTs        ; 0 / 12 ( 0 % )         ;
; HPS_INTERFACE_PERIPHERAL_NAND_OUTPUTs       ; 0 / 18 ( 0 % )         ;
; HPS_INTERFACE_PERIPHERAL_QSPI_INPUTs        ; 0 / 4 ( 0 % )          ;
; HPS_INTERFACE_PERIPHERAL_QSPI_OUTPUTs       ; 0 / 13 ( 0 % )         ;
; HPS_INTERFACE_PERIPHERAL_SDMMC_INPUTs       ; 0 / 13 ( 0 % )         ;
; HPS_INTERFACE_PERIPHERAL_SDMMC_OUTPUTs      ; 0 / 22 ( 0 % )         ;
; HPS_INTERFACE_PERIPHERAL_SPI_MASTER_INPUTs  ; 0 / 4 ( 0 % )          ;
; HPS_INTERFACE_PERIPHERAL_SPI_MASTER_OUTPUTs ; 0 / 14 ( 0 % )         ;
; HPS_INTERFACE_PERIPHERAL_SPI_SLAVE_INPUTs   ; 0 / 6 ( 0 % )          ;
; HPS_INTERFACE_PERIPHERAL_SPI_SLAVE_OUTPUTs  ; 0 / 4 ( 0 % )          ;
; HPS_INTERFACE_PERIPHERAL_UART_INPUTs        ; 0 / 10 ( 0 % )         ;
; HPS_INTERFACE_PERIPHERAL_UART_OUTPUTs       ; 0 / 10 ( 0 % )         ;
; HPS_INTERFACE_PERIPHERAL_USB_INPUTs         ; 0 / 22 ( 0 % )         ;
; HPS_INTERFACE_PERIPHERAL_USB_OUTPUTs        ; 0 / 34 ( 0 % )         ;
; HPS_INTERFACE_STM_EVENT_INPUTs              ; 0 / 28 ( 0 % )         ;
; HPS_INTERFACE_TEST_INPUTs                   ; 0 / 610 ( 0 % )        ;
; HPS_INTERFACE_TEST_OUTPUTs                  ; 0 / 513 ( 0 % )        ;
; HPS_INTERFACE_TPIU_TRACE_INPUTs             ; 0 / 2 ( 0 % )          ;
; HPS_INTERFACE_TPIU_TRACE_OUTPUTs            ; 0 / 33 ( 0 % )         ;
; Horizontal periphery clocks                 ; 0 / 72 ( 0 % )         ;
; Local interconnects                         ; 36 / 84,580 ( < 1 % )  ;
; Quadrant clocks                             ; 0 / 66 ( 0 % )         ;
; R14 interconnects                           ; 2 / 12,676 ( < 1 % )   ;
; R14/C12 interconnect drivers                ; 0 / 20,720 ( 0 % )     ;
; R3 interconnects                            ; 14 / 130,992 ( < 1 % ) ;
; R6 interconnects                            ; 26 / 266,960 ( < 1 % ) ;
; Spine clocks                                ; 0 / 360 ( 0 % )        ;
; Wire stub REs                               ; 0 / 15,858 ( 0 % )     ;
+---------------------------------------------+------------------------+


+------------------------------------------+
; I/O Rules Summary                        ;
+----------------------------------+-------+
; I/O Rules Statistic              ; Total ;
+----------------------------------+-------+
; Total I/O Rules                  ; 28    ;
; Number of I/O Rules Passed       ; 14    ;
; Number of I/O Rules Failed       ; 0     ;
; Number of I/O Rules Unchecked    ; 0     ;
; Number of I/O Rules Inapplicable ; 14    ;
+----------------------------------+-------+


+--------------------------------------------------------------------------------------------------------------------------------------------------------------------------------------------------------------------------------------------------------------------------------------+
; I/O Rules Details                                                                                                                                                                                                                                                                    ;
+--------------+-----------+-----------------------------------+------------------------------------------------------------------------------------+----------+--------------------------------------------------------------------------+------------------------+-------------------+
; Status       ; ID        ; Category                          ; Rule Description                                                                   ; Severity ; Information                                                              ; Area                   ; Extra Information ;
+--------------+-----------+-----------------------------------+------------------------------------------------------------------------------------+----------+--------------------------------------------------------------------------+------------------------+-------------------+
; Pass         ; IO_000001 ; Capacity Checks                   ; Number of pins in an I/O bank should not exceed the number of locations available. ; Critical ; 0 such failures found.                                                   ; I/O                    ;                   ;
; Inapplicable ; IO_000002 ; Capacity Checks                   ; Number of clocks in an I/O bank should not exceed the number of clocks available.  ; Critical ; No Global Signal assignments found.                                      ; I/O                    ;                   ;
; Pass         ; IO_000003 ; Capacity Checks                   ; Number of pins in a Vrefgroup should not exceed the number of locations available. ; Critical ; 0 such failures found.                                                   ; I/O                    ;                   ;
; Inapplicable ; IO_000004 ; Voltage Compatibility Checks      ; The I/O bank should support the requested VCCIO.                                   ; Critical ; No IOBANK_VCCIO assignments found.                                       ; I/O                    ;                   ;
; Pass         ; IO_000005 ; Voltage Compatibility Checks      ; The I/O bank should not have competing VREF values.                                ; Critical ; 0 such failures found.                                                   ; I/O                    ;                   ;
; Pass         ; IO_000006 ; Voltage Compatibility Checks      ; The I/O bank should not have competing VCCIO values.                               ; Critical ; 0 such failures found.                                                   ; I/O                    ;                   ;
; Pass         ; IO_000007 ; Valid Location Checks             ; Checks for unavailable locations.                                                  ; Critical ; 0 such failures found.                                                   ; I/O                    ;                   ;
; Inapplicable ; IO_000008 ; Valid Location Checks             ; Checks for reserved locations.                                                     ; Critical ; No reserved LogicLock region found.                                      ; I/O                    ;                   ;
; Pass         ; IO_000009 ; I/O Properties Checks for One I/O ; The location should support the requested I/O standard.                            ; Critical ; 0 such failures found.                                                   ; I/O                    ;                   ;
; Pass         ; IO_000010 ; I/O Properties Checks for One I/O ; The location should support the requested I/O direction.                           ; Critical ; 0 such failures found.                                                   ; I/O                    ;                   ;
; Pass         ; IO_000011 ; I/O Properties Checks for One I/O ; The location should support the requested Current Strength.                        ; Critical ; 0 such failures found.                                                   ; I/O                    ;                   ;
; Pass         ; IO_000012 ; I/O Properties Checks for One I/O ; The location should support the requested On Chip Termination value.               ; Critical ; 0 such failures found.                                                   ; I/O                    ;                   ;
; Inapplicable ; IO_000013 ; I/O Properties Checks for One I/O ; The location should support the requested Bus Hold value.                          ; Critical ; No Enable Bus-Hold Circuitry assignments found.                          ; I/O                    ;                   ;
; Inapplicable ; IO_000014 ; I/O Properties Checks for One I/O ; The location should support the requested Weak Pull Up value.                      ; Critical ; No Weak Pull-Up Resistor assignments found.                              ; I/O                    ;                   ;
; Inapplicable ; IO_000015 ; I/O Properties Checks for One I/O ; The location should support the requested PCI Clamp Diode.                         ; Critical ; No Clamping Diode assignments found.                                     ; I/O                    ;                   ;
; Pass         ; IO_000018 ; I/O Properties Checks for One I/O ; The I/O standard should support the requested Current Strength.                    ; Critical ; 0 such failures found.                                                   ; I/O                    ;                   ;
; Pass         ; IO_000019 ; I/O Properties Checks for One I/O ; The I/O standard should support the requested On Chip Termination value.           ; Critical ; 0 such failures found.                                                   ; I/O                    ;                   ;
; Inapplicable ; IO_000020 ; I/O Properties Checks for One I/O ; The I/O standard should support the requested PCI Clamp Diode.                     ; Critical ; No Clamping Diode assignments found.                                     ; I/O                    ;                   ;
; Inapplicable ; IO_000021 ; I/O Properties Checks for One I/O ; The I/O standard should support the requested Weak Pull Up value.                  ; Critical ; No Weak Pull-Up Resistor assignments found.                              ; I/O                    ;                   ;
; Inapplicable ; IO_000022 ; I/O Properties Checks for One I/O ; The I/O standard should support the requested Bus Hold value.                      ; Critical ; No Enable Bus-Hold Circuitry assignments found.                          ; I/O                    ;                   ;
; Inapplicable ; IO_000023 ; I/O Properties Checks for One I/O ; The I/O standard should support the Open Drain value.                              ; Critical ; No open drain assignments found.                                         ; I/O                    ;                   ;
; Pass         ; IO_000024 ; I/O Properties Checks for One I/O ; The I/O direction should support the On Chip Termination value.                    ; Critical ; 0 such failures found.                                                   ; I/O                    ;                   ;
; Pass         ; IO_000026 ; I/O Properties Checks for One I/O ; On Chip Termination and Current Strength should not be used at the same time.      ; Critical ; 0 such failures found.                                                   ; I/O                    ;                   ;
; Inapplicable ; IO_000027 ; I/O Properties Checks for One I/O ; Weak Pull Up and Bus Hold should not be used at the same time.                     ; Critical ; No Enable Bus-Hold Circuitry or Weak Pull-Up Resistor assignments found. ; I/O                    ;                   ;
; Inapplicable ; IO_000045 ; I/O Properties Checks for One I/O ; The I/O standard should support the requested Slew Rate value.                     ; Critical ; No Slew Rate assignments found.                                          ; I/O                    ;                   ;
; Inapplicable ; IO_000046 ; I/O Properties Checks for One I/O ; The location should support the requested Slew Rate value.                         ; Critical ; No Slew Rate assignments found.                                          ; I/O                    ;                   ;
; Inapplicable ; IO_000047 ; I/O Properties Checks for One I/O ; On Chip Termination and Slew Rate should not be used at the same time.             ; Critical ; No Slew Rate assignments found.                                          ; I/O                    ;                   ;
; Pass         ; IO_000034 ; SI Related Distance Checks        ; Single-ended outputs should be 0 LAB row(s) away from a differential I/O.          ; High     ; 0 such failures found.                                                   ; I/O                    ;                   ;
; ----         ; ----      ; Disclaimer                        ; LVDS rules are checked but not reported.                                           ; None     ; ----                                                                     ; Differential Signaling ;                   ;
; ----         ; ----      ; Disclaimer                        ; Memory interface related rules are checked but not reported.                       ; None     ; ----                                                                     ; Memory Interfaces      ;                   ;
; ----         ; ----      ; Disclaimer                        ; OCT rules are checked but not reported.                                            ; None     ; ----                                                                     ; On Chip Termination    ;                   ;
+--------------+-----------+-----------------------------------+------------------------------------------------------------------------------------+----------+--------------------------------------------------------------------------+------------------------+-------------------+


+------------------------------------------------------------------------------------------------------------------------------------------------------------------------------------------------------------------------------------------------------------------------------------------------------------------------------------------------------------------------------------------------------------------------------------------------+
; I/O Rules Matrix                                                                                                                                                                                                                                                                                                                                                                                                                               ;
+---------------------+--------------+--------------+--------------+--------------+--------------+-----------+--------------+--------------+-----------+-----------+--------------+--------------+--------------+--------------+--------------+--------------+--------------+--------------+--------------+--------------+--------------+--------------+--------------+--------------+--------------+--------------+--------------+--------------+
; Pin/Rules           ; IO_000001    ; IO_000002    ; IO_000003    ; IO_000004    ; IO_000005    ; IO_000006 ; IO_000007    ; IO_000008    ; IO_000009 ; IO_000010 ; IO_000011    ; IO_000012    ; IO_000013    ; IO_000014    ; IO_000015    ; IO_000018    ; IO_000019    ; IO_000020    ; IO_000021    ; IO_000022    ; IO_000023    ; IO_000024    ; IO_000026    ; IO_000027    ; IO_000045    ; IO_000046    ; IO_000047    ; IO_000034    ;
+---------------------+--------------+--------------+--------------+--------------+--------------+-----------+--------------+--------------+-----------+-----------+--------------+--------------+--------------+--------------+--------------+--------------+--------------+--------------+--------------+--------------+--------------+--------------+--------------+--------------+--------------+--------------+--------------+--------------+
; Total Pass          ; 21           ; 0            ; 21           ; 0            ; 8            ; 71        ; 21           ; 0            ; 71        ; 71        ; 24           ; 38           ; 0            ; 0            ; 0            ; 24           ; 38           ; 0            ; 0            ; 0            ; 0            ; 38           ; 62           ; 0            ; 0            ; 0            ; 0            ; 29           ;
; Total Unchecked     ; 0            ; 0            ; 0            ; 0            ; 0            ; 0         ; 0            ; 0            ; 0         ; 0         ; 0            ; 0            ; 0            ; 0            ; 0            ; 0            ; 0            ; 0            ; 0            ; 0            ; 0            ; 0            ; 0            ; 0            ; 0            ; 0            ; 0            ; 0            ;
; Total Inapplicable  ; 50           ; 71           ; 50           ; 71           ; 63           ; 0         ; 50           ; 71           ; 0         ; 0         ; 47           ; 33           ; 71           ; 71           ; 71           ; 47           ; 33           ; 71           ; 71           ; 71           ; 71           ; 33           ; 9            ; 71           ; 71           ; 71           ; 71           ; 42           ;
; Total Fail          ; 0            ; 0            ; 0            ; 0            ; 0            ; 0         ; 0            ; 0            ; 0         ; 0         ; 0            ; 0            ; 0            ; 0            ; 0            ; 0            ; 0            ; 0            ; 0            ; 0            ; 0            ; 0            ; 0            ; 0            ; 0            ; 0            ; 0            ; 0            ;
; CLOCK_50            ; Inapplicable ; Inapplicable ; Inapplicable ; Inapplicable ; Inapplicable ; Pass      ; Inapplicable ; Inapplicable ; Pass      ; Pass      ; Inapplicable ; Inapplicable ; Inapplicable ; Inapplicable ; Inapplicable ; Inapplicable ; Inapplicable ; Inapplicable ; Inapplicable ; Inapplicable ; Inapplicable ; Inapplicable ; Inapplicable ; Inapplicable ; Inapplicable ; Inapplicable ; Inapplicable ; Inapplicable ;
; LEDR[0]             ; Inapplicable ; Inapplicable ; Inapplicable ; Inapplicable ; Inapplicable ; Pass      ; Inapplicable ; Inapplicable ; Pass      ; Pass      ; Inapplicable ; Pass         ; Inapplicable ; Inapplicable ; Inapplicable ; Inapplicable ; Pass         ; Inapplicable ; Inapplicable ; Inapplicable ; Inapplicable ; Pass         ; Pass         ; Inapplicable ; Inapplicable ; Inapplicable ; Inapplicable ; Pass         ;
; LEDR[1]             ; Inapplicable ; Inapplicable ; Inapplicable ; Inapplicable ; Inapplicable ; Pass      ; Inapplicable ; Inapplicable ; Pass      ; Pass      ; Inapplicable ; Pass         ; Inapplicable ; Inapplicable ; Inapplicable ; Inapplicable ; Pass         ; Inapplicable ; Inapplicable ; Inapplicable ; Inapplicable ; Pass         ; Pass         ; Inapplicable ; Inapplicable ; Inapplicable ; Inapplicable ; Pass         ;
; LEDR[2]             ; Inapplicable ; Inapplicable ; Inapplicable ; Inapplicable ; Inapplicable ; Pass      ; Inapplicable ; Inapplicable ; Pass      ; Pass      ; Inapplicable ; Pass         ; Inapplicable ; Inapplicable ; Inapplicable ; Inapplicable ; Pass         ; Inapplicable ; Inapplicable ; Inapplicable ; Inapplicable ; Pass         ; Pass         ; Inapplicable ; Inapplicable ; Inapplicable ; Inapplicable ; Pass         ;
; LEDR[3]             ; Inapplicable ; Inapplicable ; Inapplicable ; Inapplicable ; Inapplicable ; Pass      ; Inapplicable ; Inapplicable ; Pass      ; Pass      ; Inapplicable ; Pass         ; Inapplicable ; Inapplicable ; Inapplicable ; Inapplicable ; Pass         ; Inapplicable ; Inapplicable ; Inapplicable ; Inapplicable ; Pass         ; Pass         ; Inapplicable ; Inapplicable ; Inapplicable ; Inapplicable ; Pass         ;
; LEDR[4]             ; Inapplicable ; Inapplicable ; Inapplicable ; Inapplicable ; Inapplicable ; Pass      ; Inapplicable ; Inapplicable ; Pass      ; Pass      ; Inapplicable ; Pass         ; Inapplicable ; Inapplicable ; Inapplicable ; Inapplicable ; Pass         ; Inapplicable ; Inapplicable ; Inapplicable ; Inapplicable ; Pass         ; Pass         ; Inapplicable ; Inapplicable ; Inapplicable ; Inapplicable ; Pass         ;
; LEDR[5]             ; Inapplicable ; Inapplicable ; Inapplicable ; Inapplicable ; Inapplicable ; Pass      ; Inapplicable ; Inapplicable ; Pass      ; Pass      ; Inapplicable ; Pass         ; Inapplicable ; Inapplicable ; Inapplicable ; Inapplicable ; Pass         ; Inapplicable ; Inapplicable ; Inapplicable ; Inapplicable ; Pass         ; Pass         ; Inapplicable ; Inapplicable ; Inapplicable ; Inapplicable ; Pass         ;
; LEDR[6]             ; Inapplicable ; Inapplicable ; Inapplicable ; Inapplicable ; Inapplicable ; Pass      ; Inapplicable ; Inapplicable ; Pass      ; Pass      ; Inapplicable ; Pass         ; Inapplicable ; Inapplicable ; Inapplicable ; Inapplicable ; Pass         ; Inapplicable ; Inapplicable ; Inapplicable ; Inapplicable ; Pass         ; Pass         ; Inapplicable ; Inapplicable ; Inapplicable ; Inapplicable ; Pass         ;
; LEDR[7]             ; Inapplicable ; Inapplicable ; Inapplicable ; Inapplicable ; Inapplicable ; Pass      ; Inapplicable ; Inapplicable ; Pass      ; Pass      ; Inapplicable ; Pass         ; Inapplicable ; Inapplicable ; Inapplicable ; Inapplicable ; Pass         ; Inapplicable ; Inapplicable ; Inapplicable ; Inapplicable ; Pass         ; Pass         ; Inapplicable ; Inapplicable ; Inapplicable ; Inapplicable ; Pass         ;
; LEDR[8]             ; Inapplicable ; Inapplicable ; Inapplicable ; Inapplicable ; Inapplicable ; Pass      ; Inapplicable ; Inapplicable ; Pass      ; Pass      ; Inapplicable ; Pass         ; Inapplicable ; Inapplicable ; Inapplicable ; Inapplicable ; Pass         ; Inapplicable ; Inapplicable ; Inapplicable ; Inapplicable ; Pass         ; Pass         ; Inapplicable ; Inapplicable ; Inapplicable ; Inapplicable ; Pass         ;
; LEDR[9]             ; Inapplicable ; Inapplicable ; Inapplicable ; Inapplicable ; Inapplicable ; Pass      ; Inapplicable ; Inapplicable ; Pass      ; Pass      ; Inapplicable ; Pass         ; Inapplicable ; Inapplicable ; Inapplicable ; Inapplicable ; Pass         ; Inapplicable ; Inapplicable ; Inapplicable ; Inapplicable ; Pass         ; Pass         ; Inapplicable ; Inapplicable ; Inapplicable ; Inapplicable ; Pass         ;
; HPS_DDR3_ADDR[0]    ; Inapplicable ; Inapplicable ; Inapplicable ; Inapplicable ; Inapplicable ; Pass      ; Inapplicable ; Inapplicable ; Pass      ; Pass      ; Pass         ; Inapplicable ; Inapplicable ; Inapplicable ; Inapplicable ; Pass         ; Inapplicable ; Inapplicable ; Inapplicable ; Inapplicable ; Inapplicable ; Inapplicable ; Pass         ; Inapplicable ; Inapplicable ; Inapplicable ; Inapplicable ; Inapplicable ;
; HPS_DDR3_ADDR[1]    ; Inapplicable ; Inapplicable ; Inapplicable ; Inapplicable ; Inapplicable ; Pass      ; Inapplicable ; Inapplicable ; Pass      ; Pass      ; Pass         ; Inapplicable ; Inapplicable ; Inapplicable ; Inapplicable ; Pass         ; Inapplicable ; Inapplicable ; Inapplicable ; Inapplicable ; Inapplicable ; Inapplicable ; Pass         ; Inapplicable ; Inapplicable ; Inapplicable ; Inapplicable ; Inapplicable ;
; HPS_DDR3_ADDR[2]    ; Inapplicable ; Inapplicable ; Inapplicable ; Inapplicable ; Inapplicable ; Pass      ; Inapplicable ; Inapplicable ; Pass      ; Pass      ; Pass         ; Inapplicable ; Inapplicable ; Inapplicable ; Inapplicable ; Pass         ; Inapplicable ; Inapplicable ; Inapplicable ; Inapplicable ; Inapplicable ; Inapplicable ; Pass         ; Inapplicable ; Inapplicable ; Inapplicable ; Inapplicable ; Inapplicable ;
; HPS_DDR3_ADDR[3]    ; Inapplicable ; Inapplicable ; Inapplicable ; Inapplicable ; Inapplicable ; Pass      ; Inapplicable ; Inapplicable ; Pass      ; Pass      ; Pass         ; Inapplicable ; Inapplicable ; Inapplicable ; Inapplicable ; Pass         ; Inapplicable ; Inapplicable ; Inapplicable ; Inapplicable ; Inapplicable ; Inapplicable ; Pass         ; Inapplicable ; Inapplicable ; Inapplicable ; Inapplicable ; Inapplicable ;
; HPS_DDR3_ADDR[4]    ; Inapplicable ; Inapplicable ; Inapplicable ; Inapplicable ; Inapplicable ; Pass      ; Inapplicable ; Inapplicable ; Pass      ; Pass      ; Pass         ; Inapplicable ; Inapplicable ; Inapplicable ; Inapplicable ; Pass         ; Inapplicable ; Inapplicable ; Inapplicable ; Inapplicable ; Inapplicable ; Inapplicable ; Pass         ; Inapplicable ; Inapplicable ; Inapplicable ; Inapplicable ; Inapplicable ;
; HPS_DDR3_ADDR[5]    ; Inapplicable ; Inapplicable ; Inapplicable ; Inapplicable ; Inapplicable ; Pass      ; Inapplicable ; Inapplicable ; Pass      ; Pass      ; Pass         ; Inapplicable ; Inapplicable ; Inapplicable ; Inapplicable ; Pass         ; Inapplicable ; Inapplicable ; Inapplicable ; Inapplicable ; Inapplicable ; Inapplicable ; Pass         ; Inapplicable ; Inapplicable ; Inapplicable ; Inapplicable ; Inapplicable ;
; HPS_DDR3_ADDR[6]    ; Inapplicable ; Inapplicable ; Inapplicable ; Inapplicable ; Inapplicable ; Pass      ; Inapplicable ; Inapplicable ; Pass      ; Pass      ; Pass         ; Inapplicable ; Inapplicable ; Inapplicable ; Inapplicable ; Pass         ; Inapplicable ; Inapplicable ; Inapplicable ; Inapplicable ; Inapplicable ; Inapplicable ; Pass         ; Inapplicable ; Inapplicable ; Inapplicable ; Inapplicable ; Inapplicable ;
; HPS_DDR3_ADDR[7]    ; Inapplicable ; Inapplicable ; Inapplicable ; Inapplicable ; Inapplicable ; Pass      ; Inapplicable ; Inapplicable ; Pass      ; Pass      ; Pass         ; Inapplicable ; Inapplicable ; Inapplicable ; Inapplicable ; Pass         ; Inapplicable ; Inapplicable ; Inapplicable ; Inapplicable ; Inapplicable ; Inapplicable ; Pass         ; Inapplicable ; Inapplicable ; Inapplicable ; Inapplicable ; Inapplicable ;
; HPS_DDR3_ADDR[8]    ; Inapplicable ; Inapplicable ; Inapplicable ; Inapplicable ; Inapplicable ; Pass      ; Inapplicable ; Inapplicable ; Pass      ; Pass      ; Pass         ; Inapplicable ; Inapplicable ; Inapplicable ; Inapplicable ; Pass         ; Inapplicable ; Inapplicable ; Inapplicable ; Inapplicable ; Inapplicable ; Inapplicable ; Pass         ; Inapplicable ; Inapplicable ; Inapplicable ; Inapplicable ; Inapplicable ;
; HPS_DDR3_ADDR[9]    ; Inapplicable ; Inapplicable ; Inapplicable ; Inapplicable ; Inapplicable ; Pass      ; Inapplicable ; Inapplicable ; Pass      ; Pass      ; Pass         ; Inapplicable ; Inapplicable ; Inapplicable ; Inapplicable ; Pass         ; Inapplicable ; Inapplicable ; Inapplicable ; Inapplicable ; Inapplicable ; Inapplicable ; Pass         ; Inapplicable ; Inapplicable ; Inapplicable ; Inapplicable ; Inapplicable ;
; HPS_DDR3_ADDR[10]   ; Inapplicable ; Inapplicable ; Inapplicable ; Inapplicable ; Inapplicable ; Pass      ; Inapplicable ; Inapplicable ; Pass      ; Pass      ; Pass         ; Inapplicable ; Inapplicable ; Inapplicable ; Inapplicable ; Pass         ; Inapplicable ; Inapplicable ; Inapplicable ; Inapplicable ; Inapplicable ; Inapplicable ; Pass         ; Inapplicable ; Inapplicable ; Inapplicable ; Inapplicable ; Inapplicable ;
; HPS_DDR3_ADDR[11]   ; Inapplicable ; Inapplicable ; Inapplicable ; Inapplicable ; Inapplicable ; Pass      ; Inapplicable ; Inapplicable ; Pass      ; Pass      ; Pass         ; Inapplicable ; Inapplicable ; Inapplicable ; Inapplicable ; Pass         ; Inapplicable ; Inapplicable ; Inapplicable ; Inapplicable ; Inapplicable ; Inapplicable ; Pass         ; Inapplicable ; Inapplicable ; Inapplicable ; Inapplicable ; Inapplicable ;
; HPS_DDR3_ADDR[12]   ; Inapplicable ; Inapplicable ; Inapplicable ; Inapplicable ; Inapplicable ; Pass      ; Inapplicable ; Inapplicable ; Pass      ; Pass      ; Pass         ; Inapplicable ; Inapplicable ; Inapplicable ; Inapplicable ; Pass         ; Inapplicable ; Inapplicable ; Inapplicable ; Inapplicable ; Inapplicable ; Inapplicable ; Pass         ; Inapplicable ; Inapplicable ; Inapplicable ; Inapplicable ; Inapplicable ;
; HPS_DDR3_ADDR[13]   ; Inapplicable ; Inapplicable ; Inapplicable ; Inapplicable ; Inapplicable ; Pass      ; Inapplicable ; Inapplicable ; Pass      ; Pass      ; Pass         ; Inapplicable ; Inapplicable ; Inapplicable ; Inapplicable ; Pass         ; Inapplicable ; Inapplicable ; Inapplicable ; Inapplicable ; Inapplicable ; Inapplicable ; Pass         ; Inapplicable ; Inapplicable ; Inapplicable ; Inapplicable ; Inapplicable ;
; HPS_DDR3_BA[0]      ; Inapplicable ; Inapplicable ; Inapplicable ; Inapplicable ; Inapplicable ; Pass      ; Inapplicable ; Inapplicable ; Pass      ; Pass      ; Pass         ; Inapplicable ; Inapplicable ; Inapplicable ; Inapplicable ; Pass         ; Inapplicable ; Inapplicable ; Inapplicable ; Inapplicable ; Inapplicable ; Inapplicable ; Pass         ; Inapplicable ; Inapplicable ; Inapplicable ; Inapplicable ; Inapplicable ;
; HPS_DDR3_BA[1]      ; Inapplicable ; Inapplicable ; Inapplicable ; Inapplicable ; Inapplicable ; Pass      ; Inapplicable ; Inapplicable ; Pass      ; Pass      ; Pass         ; Inapplicable ; Inapplicable ; Inapplicable ; Inapplicable ; Pass         ; Inapplicable ; Inapplicable ; Inapplicable ; Inapplicable ; Inapplicable ; Inapplicable ; Pass         ; Inapplicable ; Inapplicable ; Inapplicable ; Inapplicable ; Inapplicable ;
; HPS_DDR3_BA[2]      ; Inapplicable ; Inapplicable ; Inapplicable ; Inapplicable ; Inapplicable ; Pass      ; Inapplicable ; Inapplicable ; Pass      ; Pass      ; Pass         ; Inapplicable ; Inapplicable ; Inapplicable ; Inapplicable ; Pass         ; Inapplicable ; Inapplicable ; Inapplicable ; Inapplicable ; Inapplicable ; Inapplicable ; Pass         ; Inapplicable ; Inapplicable ; Inapplicable ; Inapplicable ; Inapplicable ;
; HPS_DDR3_CAS_N      ; Inapplicable ; Inapplicable ; Inapplicable ; Inapplicable ; Inapplicable ; Pass      ; Inapplicable ; Inapplicable ; Pass      ; Pass      ; Pass         ; Inapplicable ; Inapplicable ; Inapplicable ; Inapplicable ; Pass         ; Inapplicable ; Inapplicable ; Inapplicable ; Inapplicable ; Inapplicable ; Inapplicable ; Pass         ; Inapplicable ; Inapplicable ; Inapplicable ; Inapplicable ; Inapplicable ;
; HPS_DDR3_CKE        ; Inapplicable ; Inapplicable ; Inapplicable ; Inapplicable ; Inapplicable ; Pass      ; Inapplicable ; Inapplicable ; Pass      ; Pass      ; Pass         ; Inapplicable ; Inapplicable ; Inapplicable ; Inapplicable ; Pass         ; Inapplicable ; Inapplicable ; Inapplicable ; Inapplicable ; Inapplicable ; Inapplicable ; Pass         ; Inapplicable ; Inapplicable ; Inapplicable ; Inapplicable ; Inapplicable ;
; HPS_DDR3_CK_N       ; Inapplicable ; Inapplicable ; Inapplicable ; Inapplicable ; Inapplicable ; Pass      ; Inapplicable ; Inapplicable ; Pass      ; Pass      ; Inapplicable ; Pass         ; Inapplicable ; Inapplicable ; Inapplicable ; Inapplicable ; Pass         ; Inapplicable ; Inapplicable ; Inapplicable ; Inapplicable ; Pass         ; Pass         ; Inapplicable ; Inapplicable ; Inapplicable ; Inapplicable ; Pass         ;
; HPS_DDR3_CK_P       ; Inapplicable ; Inapplicable ; Inapplicable ; Inapplicable ; Inapplicable ; Pass      ; Inapplicable ; Inapplicable ; Pass      ; Pass      ; Inapplicable ; Pass         ; Inapplicable ; Inapplicable ; Inapplicable ; Inapplicable ; Pass         ; Inapplicable ; Inapplicable ; Inapplicable ; Inapplicable ; Pass         ; Pass         ; Inapplicable ; Inapplicable ; Inapplicable ; Inapplicable ; Pass         ;
; HPS_DDR3_CS_N       ; Inapplicable ; Inapplicable ; Inapplicable ; Inapplicable ; Inapplicable ; Pass      ; Inapplicable ; Inapplicable ; Pass      ; Pass      ; Pass         ; Inapplicable ; Inapplicable ; Inapplicable ; Inapplicable ; Pass         ; Inapplicable ; Inapplicable ; Inapplicable ; Inapplicable ; Inapplicable ; Inapplicable ; Pass         ; Inapplicable ; Inapplicable ; Inapplicable ; Inapplicable ; Inapplicable ;
; HPS_DDR3_DM         ; Inapplicable ; Inapplicable ; Inapplicable ; Inapplicable ; Inapplicable ; Pass      ; Inapplicable ; Inapplicable ; Pass      ; Pass      ; Inapplicable ; Pass         ; Inapplicable ; Inapplicable ; Inapplicable ; Inapplicable ; Pass         ; Inapplicable ; Inapplicable ; Inapplicable ; Inapplicable ; Pass         ; Pass         ; Inapplicable ; Inapplicable ; Inapplicable ; Inapplicable ; Inapplicable ;
; HPS_DDR3_ODT        ; Inapplicable ; Inapplicable ; Inapplicable ; Inapplicable ; Inapplicable ; Pass      ; Inapplicable ; Inapplicable ; Pass      ; Pass      ; Pass         ; Inapplicable ; Inapplicable ; Inapplicable ; Inapplicable ; Pass         ; Inapplicable ; Inapplicable ; Inapplicable ; Inapplicable ; Inapplicable ; Inapplicable ; Pass         ; Inapplicable ; Inapplicable ; Inapplicable ; Inapplicable ; Inapplicable ;
; HPS_DDR3_RAS_N      ; Inapplicable ; Inapplicable ; Inapplicable ; Inapplicable ; Inapplicable ; Pass      ; Inapplicable ; Inapplicable ; Pass      ; Pass      ; Pass         ; Inapplicable ; Inapplicable ; Inapplicable ; Inapplicable ; Pass         ; Inapplicable ; Inapplicable ; Inapplicable ; Inapplicable ; Inapplicable ; Inapplicable ; Pass         ; Inapplicable ; Inapplicable ; Inapplicable ; Inapplicable ; Inapplicable ;
; HPS_DDR3_RESET_N    ; Inapplicable ; Inapplicable ; Inapplicable ; Inapplicable ; Inapplicable ; Pass      ; Inapplicable ; Inapplicable ; Pass      ; Pass      ; Pass         ; Inapplicable ; Inapplicable ; Inapplicable ; Inapplicable ; Pass         ; Inapplicable ; Inapplicable ; Inapplicable ; Inapplicable ; Inapplicable ; Inapplicable ; Pass         ; Inapplicable ; Inapplicable ; Inapplicable ; Inapplicable ; Inapplicable ;
; HPS_DDR3_WE_N       ; Inapplicable ; Inapplicable ; Inapplicable ; Inapplicable ; Inapplicable ; Pass      ; Inapplicable ; Inapplicable ; Pass      ; Pass      ; Pass         ; Inapplicable ; Inapplicable ; Inapplicable ; Inapplicable ; Pass         ; Inapplicable ; Inapplicable ; Inapplicable ; Inapplicable ; Inapplicable ; Inapplicable ; Pass         ; Inapplicable ; Inapplicable ; Inapplicable ; Inapplicable ; Inapplicable ;
; HPS_ENET_MDC        ; Pass         ; Inapplicable ; Pass         ; Inapplicable ; Inapplicable ; Pass      ; Pass         ; Inapplicable ; Pass      ; Pass      ; Inapplicable ; Pass         ; Inapplicable ; Inapplicable ; Inapplicable ; Inapplicable ; Pass         ; Inapplicable ; Inapplicable ; Inapplicable ; Inapplicable ; Pass         ; Pass         ; Inapplicable ; Inapplicable ; Inapplicable ; Inapplicable ; Pass         ;
; HPS_ENET_TX_CLK     ; Inapplicable ; Inapplicable ; Inapplicable ; Inapplicable ; Inapplicable ; Pass      ; Inapplicable ; Inapplicable ; Pass      ; Pass      ; Inapplicable ; Pass         ; Inapplicable ; Inapplicable ; Inapplicable ; Inapplicable ; Pass         ; Inapplicable ; Inapplicable ; Inapplicable ; Inapplicable ; Pass         ; Pass         ; Inapplicable ; Inapplicable ; Inapplicable ; Inapplicable ; Pass         ;
; HPS_ENET_TX_EN      ; Pass         ; Inapplicable ; Pass         ; Inapplicable ; Inapplicable ; Pass      ; Pass         ; Inapplicable ; Pass      ; Pass      ; Inapplicable ; Pass         ; Inapplicable ; Inapplicable ; Inapplicable ; Inapplicable ; Pass         ; Inapplicable ; Inapplicable ; Inapplicable ; Inapplicable ; Pass         ; Pass         ; Inapplicable ; Inapplicable ; Inapplicable ; Inapplicable ; Pass         ;
; HPS_ENET_TX_DATA[0] ; Pass         ; Inapplicable ; Pass         ; Inapplicable ; Inapplicable ; Pass      ; Pass         ; Inapplicable ; Pass      ; Pass      ; Inapplicable ; Pass         ; Inapplicable ; Inapplicable ; Inapplicable ; Inapplicable ; Pass         ; Inapplicable ; Inapplicable ; Inapplicable ; Inapplicable ; Pass         ; Pass         ; Inapplicable ; Inapplicable ; Inapplicable ; Inapplicable ; Pass         ;
; HPS_ENET_TX_DATA[1] ; Pass         ; Inapplicable ; Pass         ; Inapplicable ; Inapplicable ; Pass      ; Pass         ; Inapplicable ; Pass      ; Pass      ; Inapplicable ; Pass         ; Inapplicable ; Inapplicable ; Inapplicable ; Inapplicable ; Pass         ; Inapplicable ; Inapplicable ; Inapplicable ; Inapplicable ; Pass         ; Pass         ; Inapplicable ; Inapplicable ; Inapplicable ; Inapplicable ; Pass         ;
; HPS_ENET_TX_DATA[2] ; Pass         ; Inapplicable ; Pass         ; Inapplicable ; Inapplicable ; Pass      ; Pass         ; Inapplicable ; Pass      ; Pass      ; Inapplicable ; Pass         ; Inapplicable ; Inapplicable ; Inapplicable ; Inapplicable ; Pass         ; Inapplicable ; Inapplicable ; Inapplicable ; Inapplicable ; Pass         ; Pass         ; Inapplicable ; Inapplicable ; Inapplicable ; Inapplicable ; Pass         ;
; HPS_ENET_TX_DATA[3] ; Pass         ; Inapplicable ; Pass         ; Inapplicable ; Inapplicable ; Pass      ; Pass         ; Inapplicable ; Pass      ; Pass      ; Inapplicable ; Pass         ; Inapplicable ; Inapplicable ; Inapplicable ; Inapplicable ; Pass         ; Inapplicable ; Inapplicable ; Inapplicable ; Inapplicable ; Pass         ; Pass         ; Inapplicable ; Inapplicable ; Inapplicable ; Inapplicable ; Pass         ;
; HPS_UART_TX         ; Pass         ; Inapplicable ; Pass         ; Inapplicable ; Inapplicable ; Pass      ; Pass         ; Inapplicable ; Pass      ; Pass      ; Inapplicable ; Pass         ; Inapplicable ; Inapplicable ; Inapplicable ; Inapplicable ; Pass         ; Inapplicable ; Inapplicable ; Inapplicable ; Inapplicable ; Pass         ; Pass         ; Inapplicable ; Inapplicable ; Inapplicable ; Inapplicable ; Pass         ;
; HPS_DDR3_DQ[0]      ; Inapplicable ; Inapplicable ; Inapplicable ; Inapplicable ; Pass         ; Pass      ; Inapplicable ; Inapplicable ; Pass      ; Pass      ; Inapplicable ; Pass         ; Inapplicable ; Inapplicable ; Inapplicable ; Inapplicable ; Pass         ; Inapplicable ; Inapplicable ; Inapplicable ; Inapplicable ; Pass         ; Pass         ; Inapplicable ; Inapplicable ; Inapplicable ; Inapplicable ; Inapplicable ;
; HPS_DDR3_DQ[1]      ; Inapplicable ; Inapplicable ; Inapplicable ; Inapplicable ; Pass         ; Pass      ; Inapplicable ; Inapplicable ; Pass      ; Pass      ; Inapplicable ; Pass         ; Inapplicable ; Inapplicable ; Inapplicable ; Inapplicable ; Pass         ; Inapplicable ; Inapplicable ; Inapplicable ; Inapplicable ; Pass         ; Pass         ; Inapplicable ; Inapplicable ; Inapplicable ; Inapplicable ; Inapplicable ;
; HPS_DDR3_DQ[2]      ; Inapplicable ; Inapplicable ; Inapplicable ; Inapplicable ; Pass         ; Pass      ; Inapplicable ; Inapplicable ; Pass      ; Pass      ; Inapplicable ; Pass         ; Inapplicable ; Inapplicable ; Inapplicable ; Inapplicable ; Pass         ; Inapplicable ; Inapplicable ; Inapplicable ; Inapplicable ; Pass         ; Pass         ; Inapplicable ; Inapplicable ; Inapplicable ; Inapplicable ; Inapplicable ;
; HPS_DDR3_DQ[3]      ; Inapplicable ; Inapplicable ; Inapplicable ; Inapplicable ; Pass         ; Pass      ; Inapplicable ; Inapplicable ; Pass      ; Pass      ; Inapplicable ; Pass         ; Inapplicable ; Inapplicable ; Inapplicable ; Inapplicable ; Pass         ; Inapplicable ; Inapplicable ; Inapplicable ; Inapplicable ; Pass         ; Pass         ; Inapplicable ; Inapplicable ; Inapplicable ; Inapplicable ; Inapplicable ;
; HPS_DDR3_DQ[4]      ; Inapplicable ; Inapplicable ; Inapplicable ; Inapplicable ; Pass         ; Pass      ; Inapplicable ; Inapplicable ; Pass      ; Pass      ; Inapplicable ; Pass         ; Inapplicable ; Inapplicable ; Inapplicable ; Inapplicable ; Pass         ; Inapplicable ; Inapplicable ; Inapplicable ; Inapplicable ; Pass         ; Pass         ; Inapplicable ; Inapplicable ; Inapplicable ; Inapplicable ; Inapplicable ;
; HPS_DDR3_DQ[5]      ; Inapplicable ; Inapplicable ; Inapplicable ; Inapplicable ; Pass         ; Pass      ; Inapplicable ; Inapplicable ; Pass      ; Pass      ; Inapplicable ; Pass         ; Inapplicable ; Inapplicable ; Inapplicable ; Inapplicable ; Pass         ; Inapplicable ; Inapplicable ; Inapplicable ; Inapplicable ; Pass         ; Pass         ; Inapplicable ; Inapplicable ; Inapplicable ; Inapplicable ; Inapplicable ;
; HPS_DDR3_DQ[6]      ; Inapplicable ; Inapplicable ; Inapplicable ; Inapplicable ; Pass         ; Pass      ; Inapplicable ; Inapplicable ; Pass      ; Pass      ; Inapplicable ; Pass         ; Inapplicable ; Inapplicable ; Inapplicable ; Inapplicable ; Pass         ; Inapplicable ; Inapplicable ; Inapplicable ; Inapplicable ; Pass         ; Pass         ; Inapplicable ; Inapplicable ; Inapplicable ; Inapplicable ; Inapplicable ;
; HPS_DDR3_DQ[7]      ; Inapplicable ; Inapplicable ; Inapplicable ; Inapplicable ; Pass         ; Pass      ; Inapplicable ; Inapplicable ; Pass      ; Pass      ; Inapplicable ; Pass         ; Inapplicable ; Inapplicable ; Inapplicable ; Inapplicable ; Pass         ; Inapplicable ; Inapplicable ; Inapplicable ; Inapplicable ; Pass         ; Pass         ; Inapplicable ; Inapplicable ; Inapplicable ; Inapplicable ; Inapplicable ;
; HPS_DDR3_DQS_N      ; Inapplicable ; Inapplicable ; Inapplicable ; Inapplicable ; Inapplicable ; Pass      ; Inapplicable ; Inapplicable ; Pass      ; Pass      ; Inapplicable ; Pass         ; Inapplicable ; Inapplicable ; Inapplicable ; Inapplicable ; Pass         ; Inapplicable ; Inapplicable ; Inapplicable ; Inapplicable ; Pass         ; Pass         ; Inapplicable ; Inapplicable ; Inapplicable ; Inapplicable ; Pass         ;
; HPS_DDR3_DQS_P      ; Inapplicable ; Inapplicable ; Inapplicable ; Inapplicable ; Inapplicable ; Pass      ; Inapplicable ; Inapplicable ; Pass      ; Pass      ; Inapplicable ; Pass         ; Inapplicable ; Inapplicable ; Inapplicable ; Inapplicable ; Pass         ; Inapplicable ; Inapplicable ; Inapplicable ; Inapplicable ; Pass         ; Pass         ; Inapplicable ; Inapplicable ; Inapplicable ; Inapplicable ; Pass         ;
; HPS_ENET_MDIO       ; Pass         ; Inapplicable ; Pass         ; Inapplicable ; Inapplicable ; Pass      ; Pass         ; Inapplicable ; Pass      ; Pass      ; Inapplicable ; Pass         ; Inapplicable ; Inapplicable ; Inapplicable ; Inapplicable ; Pass         ; Inapplicable ; Inapplicable ; Inapplicable ; Inapplicable ; Pass         ; Pass         ; Inapplicable ; Inapplicable ; Inapplicable ; Inapplicable ; Pass         ;
; HPS_SD_CLK          ; Pass         ; Inapplicable ; Pass         ; Inapplicable ; Inapplicable ; Pass      ; Pass         ; Inapplicable ; Pass      ; Pass      ; Inapplicable ; Pass         ; Inapplicable ; Inapplicable ; Inapplicable ; Inapplicable ; Pass         ; Inapplicable ; Inapplicable ; Inapplicable ; Inapplicable ; Pass         ; Pass         ; Inapplicable ; Inapplicable ; Inapplicable ; Inapplicable ; Pass         ;
; HPS_SD_CMD          ; Pass         ; Inapplicable ; Pass         ; Inapplicable ; Inapplicable ; Pass      ; Pass         ; Inapplicable ; Pass      ; Pass      ; Inapplicable ; Pass         ; Inapplicable ; Inapplicable ; Inapplicable ; Inapplicable ; Pass         ; Inapplicable ; Inapplicable ; Inapplicable ; Inapplicable ; Pass         ; Pass         ; Inapplicable ; Inapplicable ; Inapplicable ; Inapplicable ; Pass         ;
; HPS_SD_DATA[0]      ; Pass         ; Inapplicable ; Pass         ; Inapplicable ; Inapplicable ; Pass      ; Pass         ; Inapplicable ; Pass      ; Pass      ; Inapplicable ; Pass         ; Inapplicable ; Inapplicable ; Inapplicable ; Inapplicable ; Pass         ; Inapplicable ; Inapplicable ; Inapplicable ; Inapplicable ; Pass         ; Pass         ; Inapplicable ; Inapplicable ; Inapplicable ; Inapplicable ; Pass         ;
; HPS_SD_DATA[1]      ; Pass         ; Inapplicable ; Pass         ; Inapplicable ; Inapplicable ; Pass      ; Pass         ; Inapplicable ; Pass      ; Pass      ; Inapplicable ; Pass         ; Inapplicable ; Inapplicable ; Inapplicable ; Inapplicable ; Pass         ; Inapplicable ; Inapplicable ; Inapplicable ; Inapplicable ; Pass         ; Pass         ; Inapplicable ; Inapplicable ; Inapplicable ; Inapplicable ; Pass         ;
; HPS_SD_DATA[2]      ; Pass         ; Inapplicable ; Pass         ; Inapplicable ; Inapplicable ; Pass      ; Pass         ; Inapplicable ; Pass      ; Pass      ; Inapplicable ; Pass         ; Inapplicable ; Inapplicable ; Inapplicable ; Inapplicable ; Pass         ; Inapplicable ; Inapplicable ; Inapplicable ; Inapplicable ; Pass         ; Pass         ; Inapplicable ; Inapplicable ; Inapplicable ; Inapplicable ; Pass         ;
; HPS_SD_DATA[3]      ; Pass         ; Inapplicable ; Pass         ; Inapplicable ; Inapplicable ; Pass      ; Pass         ; Inapplicable ; Pass      ; Pass      ; Inapplicable ; Pass         ; Inapplicable ; Inapplicable ; Inapplicable ; Inapplicable ; Pass         ; Inapplicable ; Inapplicable ; Inapplicable ; Inapplicable ; Pass         ; Pass         ; Inapplicable ; Inapplicable ; Inapplicable ; Inapplicable ; Pass         ;
; HPS_ENET_RX_DATA[0] ; Pass         ; Inapplicable ; Pass         ; Inapplicable ; Inapplicable ; Pass      ; Pass         ; Inapplicable ; Pass      ; Pass      ; Inapplicable ; Inapplicable ; Inapplicable ; Inapplicable ; Inapplicable ; Inapplicable ; Inapplicable ; Inapplicable ; Inapplicable ; Inapplicable ; Inapplicable ; Inapplicable ; Inapplicable ; Inapplicable ; Inapplicable ; Inapplicable ; Inapplicable ; Inapplicable ;
; HPS_ENET_RX_DATA[1] ; Pass         ; Inapplicable ; Pass         ; Inapplicable ; Inapplicable ; Pass      ; Pass         ; Inapplicable ; Pass      ; Pass      ; Inapplicable ; Inapplicable ; Inapplicable ; Inapplicable ; Inapplicable ; Inapplicable ; Inapplicable ; Inapplicable ; Inapplicable ; Inapplicable ; Inapplicable ; Inapplicable ; Inapplicable ; Inapplicable ; Inapplicable ; Inapplicable ; Inapplicable ; Inapplicable ;
; HPS_ENET_RX_DATA[2] ; Pass         ; Inapplicable ; Pass         ; Inapplicable ; Inapplicable ; Pass      ; Pass         ; Inapplicable ; Pass      ; Pass      ; Inapplicable ; Inapplicable ; Inapplicable ; Inapplicable ; Inapplicable ; Inapplicable ; Inapplicable ; Inapplicable ; Inapplicable ; Inapplicable ; Inapplicable ; Inapplicable ; Inapplicable ; Inapplicable ; Inapplicable ; Inapplicable ; Inapplicable ; Inapplicable ;
; HPS_ENET_RX_DATA[3] ; Pass         ; Inapplicable ; Pass         ; Inapplicable ; Inapplicable ; Pass      ; Pass         ; Inapplicable ; Pass      ; Pass      ; Inapplicable ; Inapplicable ; Inapplicable ; Inapplicable ; Inapplicable ; Inapplicable ; Inapplicable ; Inapplicable ; Inapplicable ; Inapplicable ; Inapplicable ; Inapplicable ; Inapplicable ; Inapplicable ; Inapplicable ; Inapplicable ; Inapplicable ; Inapplicable ;
; HPS_ENET_RX_CLK     ; Pass         ; Inapplicable ; Pass         ; Inapplicable ; Inapplicable ; Pass      ; Pass         ; Inapplicable ; Pass      ; Pass      ; Inapplicable ; Inapplicable ; Inapplicable ; Inapplicable ; Inapplicable ; Inapplicable ; Inapplicable ; Inapplicable ; Inapplicable ; Inapplicable ; Inapplicable ; Inapplicable ; Inapplicable ; Inapplicable ; Inapplicable ; Inapplicable ; Inapplicable ; Inapplicable ;
; HPS_ENET_RX_DV      ; Pass         ; Inapplicable ; Pass         ; Inapplicable ; Inapplicable ; Pass      ; Pass         ; Inapplicable ; Pass      ; Pass      ; Inapplicable ; Inapplicable ; Inapplicable ; Inapplicable ; Inapplicable ; Inapplicable ; Inapplicable ; Inapplicable ; Inapplicable ; Inapplicable ; Inapplicable ; Inapplicable ; Inapplicable ; Inapplicable ; Inapplicable ; Inapplicable ; Inapplicable ; Inapplicable ;
; HPS_UART_RX         ; Pass         ; Inapplicable ; Pass         ; Inapplicable ; Inapplicable ; Pass      ; Pass         ; Inapplicable ; Pass      ; Pass      ; Inapplicable ; Inapplicable ; Inapplicable ; Inapplicable ; Inapplicable ; Inapplicable ; Inapplicable ; Inapplicable ; Inapplicable ; Inapplicable ; Inapplicable ; Inapplicable ; Inapplicable ; Inapplicable ; Inapplicable ; Inapplicable ; Inapplicable ; Inapplicable ;
; HPS_DDR3_RZQ        ; Inapplicable ; Inapplicable ; Inapplicable ; Inapplicable ; Inapplicable ; Pass      ; Inapplicable ; Inapplicable ; Pass      ; Pass      ; Inapplicable ; Inapplicable ; Inapplicable ; Inapplicable ; Inapplicable ; Inapplicable ; Inapplicable ; Inapplicable ; Inapplicable ; Inapplicable ; Inapplicable ; Inapplicable ; Inapplicable ; Inapplicable ; Inapplicable ; Inapplicable ; Inapplicable ; Inapplicable ;
+---------------------+--------------+--------------+--------------+--------------+--------------+-----------+--------------+--------------+-----------+-----------+--------------+--------------+--------------+--------------+--------------+--------------+--------------+--------------+--------------+--------------+--------------+--------------+--------------+--------------+--------------+--------------+--------------+--------------+


+------------------------------------------------------------------------------------------------+
; Fitter Device Options                                                                          ;
+------------------------------------------------------------------+-----------------------------+
; Option                                                           ; Setting                     ;
+------------------------------------------------------------------+-----------------------------+
; Enable user-supplied start-up clock (CLKUSR)                     ; Off                         ;
; Enable device-wide reset (DEV_CLRn)                              ; Off                         ;
; Enable device-wide output enable (DEV_OE)                        ; Off                         ;
; Enable INIT_DONE output                                          ; Off                         ;
; Configuration scheme                                             ; Passive Serial              ;
; Enable Error Detection CRC_ERROR pin                             ; Off                         ;
; Enable CvP_CONFDONE pin                                          ; Off                         ;
; Enable open drain on CRC_ERROR pin                               ; On                          ;
; Enable open drain on CvP_CONFDONE pin                            ; On                          ;
; Enable open drain on INIT_DONE pin                               ; On                          ;
; Enable open drain on Partial Reconfiguration pins                ; Off                         ;
; Enable open drain on nCEO pin                                    ; On                          ;
; Enable Partial Reconfiguration pins                              ; Off                         ;
; Enable input tri-state on active configuration pins in user mode ; Off                         ;
; Enable internal scrubbing                                        ; Off                         ;
; Active Serial clock source                                       ; 100 MHz Internal Oscillator ;
; Device initialization clock source                               ; Internal Oscillator         ;
; Configuration via Protocol                                       ; Off                         ;
; Configuration Voltage Level                                      ; Auto                        ;
; Force Configuration Voltage Level                                ; Off                         ;
; Enable nCEO output                                               ; Off                         ;
; Data[15..8]                                                      ; Unreserved                  ;
; Data[7..5]                                                       ; Unreserved                  ;
; Base pin-out file on sameframe device                            ; Off                         ;
+------------------------------------------------------------------+-----------------------------+


+------------------------------------+
; Operating Settings and Conditions  ;
+---------------------------+--------+
; Setting                   ; Value  ;
+---------------------------+--------+
; Nominal Core Voltage      ; 1.10 V ;
; Low Junction Temperature  ; 0 °C   ;
; High Junction Temperature ; 85 °C  ;
+---------------------------+--------+


+-----------------+
; Fitter Messages ;
+-----------------+
Warning (18236): Number of processors has not been specified which may cause overloading on shared machines.  Set the global assignment NUM_PARALLEL_PROCESSORS in your QSF to an appropriate value for best performance.
Info (20030): Parallel compilation is enabled and will use 16 of the 16 processors detected
Info (119006): Selected device 5CSEMA5F31C6 for design "DE1_SoC_Demo"
Info (21077): Low junction temperature is 0 degrees C
Info (21077): High junction temperature is 85 degrees C
Info (171003): Fitter is performing an Auto Fit compilation, which may decrease Fitter effort to reduce compilation time
Warning (292013): Feature LogicLock is only available with a valid subscription license. You can purchase a software subscription to gain full access to this feature.
Warning (15714): Some pins have incomplete I/O assignments. Refer to the I/O Assignment Warnings report for details
Critical Warning (169085): No exact pin location assignment(s) for 50 pins of 71 total pins. For the list of pins please refer to the I/O Assignment Warnings table in the fitter report.
Critical Warning (174073): No exact pin location assignment(s) for 1 RUP, RDN, or RZQ pins of 1 total RUP, RDN or RZQ pins
    Info (174074): RUP, RDN, or RZQ pin HPS_DDR3_RZQ not assigned to an exact location on the device File: E:/DE1_SoC_Project/DE1_SoC_Demo.v Line: 25
Info (184020): Starting Fitter periphery placement operations
Info (184021): Fitter periphery placement operations ending: elapsed time is 00:00:00
Info (332104): Reading SDC File: 'unsaved/synthesis/submodules/altera_reset_controller.sdc'
Info (332104): Reading SDC File: 'unsaved/synthesis/submodules/altera_avalon_st_handshake_clock_crosser.sdc'
Warning (332174): Ignored filter at altera_avalon_st_handshake_clock_crosser.sdc(32): *altera_avalon_st_clock_crosser:*|in_data_buffer* could not be matched with a register File: E:/DE1_SoC_Project/unsaved/synthesis/submodules/altera_avalon_st_handshake_clock_crosser.sdc Line: 32
Warning (332174): Ignored filter at altera_avalon_st_handshake_clock_crosser.sdc(32): *altera_avalon_st_clock_crosser:*|out_data_buffer* could not be matched with a register File: E:/DE1_SoC_Project/unsaved/synthesis/submodules/altera_avalon_st_handshake_clock_crosser.sdc Line: 32
Warning (332049): Ignored set_max_delay at altera_avalon_st_handshake_clock_crosser.sdc(32): Argument <from> is an empty collection File: E:/DE1_SoC_Project/unsaved/synthesis/submodules/altera_avalon_st_handshake_clock_crosser.sdc Line: 32
    Info (332050): set_max_delay -from [get_registers *${crosser_entity}*|in_data_buffer* ] -to [get_registers *${crosser_entity}*|out_data_buffer* ] 100 File: E:/DE1_SoC_Project/unsaved/synthesis/submodules/altera_avalon_st_handshake_clock_crosser.sdc Line: 32
Warning (332049): Ignored set_max_delay at altera_avalon_st_handshake_clock_crosser.sdc(32): Argument <to> is an empty collection File: E:/DE1_SoC_Project/unsaved/synthesis/submodules/altera_avalon_st_handshake_clock_crosser.sdc Line: 32
Warning (332049): Ignored set_min_delay at altera_avalon_st_handshake_clock_crosser.sdc(33): Argument <from> is an empty collection File: E:/DE1_SoC_Project/unsaved/synthesis/submodules/altera_avalon_st_handshake_clock_crosser.sdc Line: 33
    Info (332050): set_min_delay -from [get_registers *${crosser_entity}*|in_data_buffer* ] -to [get_registers *${crosser_entity}*|out_data_buffer* ] -100 File: E:/DE1_SoC_Project/unsaved/synthesis/submodules/altera_avalon_st_handshake_clock_crosser.sdc Line: 33
Warning (332049): Ignored set_min_delay at altera_avalon_st_handshake_clock_crosser.sdc(33): Argument <to> is an empty collection File: E:/DE1_SoC_Project/unsaved/synthesis/submodules/altera_avalon_st_handshake_clock_crosser.sdc Line: 33
Warning (332049): Ignored set_net_delay at altera_avalon_st_handshake_clock_crosser.sdc(43): argument -from with value [get_registers {*altera_avalon_st_clock_crosser:*|in_data_buffer*}] contains zero elements File: E:/DE1_SoC_Project/unsaved/synthesis/submodules/altera_avalon_st_handshake_clock_crosser.sdc Line: 43
    Info (332050): set_net_delay -from [get_registers *${crosser_entity}*|in_data_buffer* ] -to [get_registers *${crosser_entity}*|out_data_buffer* ] -max 2 File: E:/DE1_SoC_Project/unsaved/synthesis/submodules/altera_avalon_st_handshake_clock_crosser.sdc Line: 43
Info (332104): Reading SDC File: 'unsaved/synthesis/submodules/hps_sdram_p0.sdc'
Info (332151): Clock uncertainty is not calculated until you update the timing netlist.
Warning (332174): Ignored filter at hps_sdram_p0_pin_map.tcl(60): * could not be matched with a clock File: E:/DE1_SoC_Project/unsaved/synthesis/submodules/hps_sdram_p0_pin_map.tcl Line: 60
Warning (114001): Time value "2.49975 ns" truncated to "2.499 ns"
Warning (114001): Time value "2.49975 ns" truncated to "2.499 ns"
Warning (114001): Time value "4.16625 ns" truncated to "4.166 ns"
Warning (114001): Time value "4.16625 ns" truncated to "4.166 ns"
Warning (114001): Time value "1.6665 ns" truncated to "1.666 ns"
Warning (114001): Time value "1.6665 ns" truncated to "1.666 ns"
Warning (332174): Ignored filter at hps_sdram_p0.sdc(551): *:u0|*:hps_1|*:hps_io|*:border|*:hps_sdram_inst|*s0|* could not be matched with a clock or keeper or register or port or pin or cell or partition File: E:/DE1_SoC_Project/unsaved/synthesis/submodules/hps_sdram_p0.sdc Line: 551
Warning (332049): Ignored set_false_path at hps_sdram_p0.sdc(551): Argument <from> is not an object ID File: E:/DE1_SoC_Project/unsaved/synthesis/submodules/hps_sdram_p0.sdc Line: 551
    Info (332050): set_false_path -from ${prefix}|*s0|* -to [get_clocks $local_pll_write_clk] File: E:/DE1_SoC_Project/unsaved/synthesis/submodules/hps_sdram_p0.sdc Line: 551
Warning (332174): Ignored filter at hps_sdram_p0.sdc(552): *:u0|*:hps_1|*:hps_io|*:border|*:hps_sdram_inst|*s0|*hphy_bridge_s0_translator|av_readdata_pre[*] could not be matched with a clock or keeper or register or port or pin or cell or partition File: E:/DE1_SoC_Project/unsaved/synthesis/submodules/hps_sdram_p0.sdc Line: 552
Warning (332049): Ignored set_false_path at hps_sdram_p0.sdc(552): Argument <to> is not an object ID File: E:/DE1_SoC_Project/unsaved/synthesis/submodules/hps_sdram_p0.sdc Line: 552
    Info (332050): set_false_path -from [get_clocks $local_pll_write_clk] -to ${prefix}|*s0|*hphy_bridge_s0_translator|av_readdata_pre[*] File: E:/DE1_SoC_Project/unsaved/synthesis/submodules/hps_sdram_p0.sdc Line: 552
Info (332104): Reading SDC File: 'unsaved/synthesis/submodules/unsaved_hps_1_hps_io_border.sdc'
Warning (332174): Ignored filter at unsaved_hps_1_hps_io_border.sdc(1): hps_io_hps_io_emac1_inst_TX_CLK could not be matched with a port File: E:/DE1_SoC_Project/unsaved/synthesis/submodules/unsaved_hps_1_hps_io_border.sdc Line: 1
Warning (332049): Ignored set_false_path at unsaved_hps_1_hps_io_border.sdc(1): Argument <to> is an empty collection File: E:/DE1_SoC_Project/unsaved/synthesis/submodules/unsaved_hps_1_hps_io_border.sdc Line: 1
    Info (332050): set_false_path -from * -to [get_ports hps_io_hps_io_emac1_inst_TX_CLK] File: E:/DE1_SoC_Project/unsaved/synthesis/submodules/unsaved_hps_1_hps_io_border.sdc Line: 1
Warning (332174): Ignored filter at unsaved_hps_1_hps_io_border.sdc(2): hps_io_hps_io_emac1_inst_TXD0 could not be matched with a port File: E:/DE1_SoC_Project/unsaved/synthesis/submodules/unsaved_hps_1_hps_io_border.sdc Line: 2
Warning (332049): Ignored set_false_path at unsaved_hps_1_hps_io_border.sdc(2): Argument <to> is an empty collection File: E:/DE1_SoC_Project/unsaved/synthesis/submodules/unsaved_hps_1_hps_io_border.sdc Line: 2
    Info (332050): set_false_path -from * -to [get_ports hps_io_hps_io_emac1_inst_TXD0] File: E:/DE1_SoC_Project/unsaved/synthesis/submodules/unsaved_hps_1_hps_io_border.sdc Line: 2
Warning (332174): Ignored filter at unsaved_hps_1_hps_io_border.sdc(3): hps_io_hps_io_emac1_inst_TXD1 could not be matched with a port File: E:/DE1_SoC_Project/unsaved/synthesis/submodules/unsaved_hps_1_hps_io_border.sdc Line: 3
Warning (332049): Ignored set_false_path at unsaved_hps_1_hps_io_border.sdc(3): Argument <to> is an empty collection File: E:/DE1_SoC_Project/unsaved/synthesis/submodules/unsaved_hps_1_hps_io_border.sdc Line: 3
    Info (332050): set_false_path -from * -to [get_ports hps_io_hps_io_emac1_inst_TXD1] File: E:/DE1_SoC_Project/unsaved/synthesis/submodules/unsaved_hps_1_hps_io_border.sdc Line: 3
Warning (332174): Ignored filter at unsaved_hps_1_hps_io_border.sdc(4): hps_io_hps_io_emac1_inst_TXD2 could not be matched with a port File: E:/DE1_SoC_Project/unsaved/synthesis/submodules/unsaved_hps_1_hps_io_border.sdc Line: 4
Warning (332049): Ignored set_false_path at unsaved_hps_1_hps_io_border.sdc(4): Argument <to> is an empty collection File: E:/DE1_SoC_Project/unsaved/synthesis/submodules/unsaved_hps_1_hps_io_border.sdc Line: 4
    Info (332050): set_false_path -from * -to [get_ports hps_io_hps_io_emac1_inst_TXD2] File: E:/DE1_SoC_Project/unsaved/synthesis/submodules/unsaved_hps_1_hps_io_border.sdc Line: 4
Warning (332174): Ignored filter at unsaved_hps_1_hps_io_border.sdc(5): hps_io_hps_io_emac1_inst_TXD3 could not be matched with a port File: E:/DE1_SoC_Project/unsaved/synthesis/submodules/unsaved_hps_1_hps_io_border.sdc Line: 5
Warning (332049): Ignored set_false_path at unsaved_hps_1_hps_io_border.sdc(5): Argument <to> is an empty collection File: E:/DE1_SoC_Project/unsaved/synthesis/submodules/unsaved_hps_1_hps_io_border.sdc Line: 5
    Info (332050): set_false_path -from * -to [get_ports hps_io_hps_io_emac1_inst_TXD3] File: E:/DE1_SoC_Project/unsaved/synthesis/submodules/unsaved_hps_1_hps_io_border.sdc Line: 5
Warning (332174): Ignored filter at unsaved_hps_1_hps_io_border.sdc(6): hps_io_hps_io_emac1_inst_RXD0 could not be matched with a port File: E:/DE1_SoC_Project/unsaved/synthesis/submodules/unsaved_hps_1_hps_io_border.sdc Line: 6
Warning (332049): Ignored set_false_path at unsaved_hps_1_hps_io_border.sdc(6): Argument <from> is an empty collection File: E:/DE1_SoC_Project/unsaved/synthesis/submodules/unsaved_hps_1_hps_io_border.sdc Line: 6
    Info (332050): set_false_path -from [get_ports hps_io_hps_io_emac1_inst_RXD0] -to * File: E:/DE1_SoC_Project/unsaved/synthesis/submodules/unsaved_hps_1_hps_io_border.sdc Line: 6
Warning (332174): Ignored filter at unsaved_hps_1_hps_io_border.sdc(7): hps_io_hps_io_emac1_inst_MDIO could not be matched with a port File: E:/DE1_SoC_Project/unsaved/synthesis/submodules/unsaved_hps_1_hps_io_border.sdc Line: 7
Warning (332049): Ignored set_false_path at unsaved_hps_1_hps_io_border.sdc(7): Argument <from> is an empty collection File: E:/DE1_SoC_Project/unsaved/synthesis/submodules/unsaved_hps_1_hps_io_border.sdc Line: 7
    Info (332050): set_false_path -from [get_ports hps_io_hps_io_emac1_inst_MDIO] -to * File: E:/DE1_SoC_Project/unsaved/synthesis/submodules/unsaved_hps_1_hps_io_border.sdc Line: 7
Warning (332049): Ignored set_false_path at unsaved_hps_1_hps_io_border.sdc(8): Argument <to> is an empty collection File: E:/DE1_SoC_Project/unsaved/synthesis/submodules/unsaved_hps_1_hps_io_border.sdc Line: 8
    Info (332050): set_false_path -from * -to [get_ports hps_io_hps_io_emac1_inst_MDIO] File: E:/DE1_SoC_Project/unsaved/synthesis/submodules/unsaved_hps_1_hps_io_border.sdc Line: 8
Warning (332174): Ignored filter at unsaved_hps_1_hps_io_border.sdc(9): hps_io_hps_io_emac1_inst_MDC could not be matched with a port File: E:/DE1_SoC_Project/unsaved/synthesis/submodules/unsaved_hps_1_hps_io_border.sdc Line: 9
Warning (332049): Ignored set_false_path at unsaved_hps_1_hps_io_border.sdc(9): Argument <to> is an empty collection File: E:/DE1_SoC_Project/unsaved/synthesis/submodules/unsaved_hps_1_hps_io_border.sdc Line: 9
    Info (332050): set_false_path -from * -to [get_ports hps_io_hps_io_emac1_inst_MDC] File: E:/DE1_SoC_Project/unsaved/synthesis/submodules/unsaved_hps_1_hps_io_border.sdc Line: 9
Warning (332174): Ignored filter at unsaved_hps_1_hps_io_border.sdc(10): hps_io_hps_io_emac1_inst_RX_CTL could not be matched with a port File: E:/DE1_SoC_Project/unsaved/synthesis/submodules/unsaved_hps_1_hps_io_border.sdc Line: 10
Warning (332049): Ignored set_false_path at unsaved_hps_1_hps_io_border.sdc(10): Argument <from> is an empty collection File: E:/DE1_SoC_Project/unsaved/synthesis/submodules/unsaved_hps_1_hps_io_border.sdc Line: 10
    Info (332050): set_false_path -from [get_ports hps_io_hps_io_emac1_inst_RX_CTL] -to * File: E:/DE1_SoC_Project/unsaved/synthesis/submodules/unsaved_hps_1_hps_io_border.sdc Line: 10
Warning (332174): Ignored filter at unsaved_hps_1_hps_io_border.sdc(11): hps_io_hps_io_emac1_inst_TX_CTL could not be matched with a port File: E:/DE1_SoC_Project/unsaved/synthesis/submodules/unsaved_hps_1_hps_io_border.sdc Line: 11
Warning (332049): Ignored set_false_path at unsaved_hps_1_hps_io_border.sdc(11): Argument <to> is an empty collection File: E:/DE1_SoC_Project/unsaved/synthesis/submodules/unsaved_hps_1_hps_io_border.sdc Line: 11
    Info (332050): set_false_path -from * -to [get_ports hps_io_hps_io_emac1_inst_TX_CTL] File: E:/DE1_SoC_Project/unsaved/synthesis/submodules/unsaved_hps_1_hps_io_border.sdc Line: 11
Warning (332174): Ignored filter at unsaved_hps_1_hps_io_border.sdc(12): hps_io_hps_io_emac1_inst_RX_CLK could not be matched with a port File: E:/DE1_SoC_Project/unsaved/synthesis/submodules/unsaved_hps_1_hps_io_border.sdc Line: 12
Warning (332049): Ignored set_false_path at unsaved_hps_1_hps_io_border.sdc(12): Argument <from> is an empty collection File: E:/DE1_SoC_Project/unsaved/synthesis/submodules/unsaved_hps_1_hps_io_border.sdc Line: 12
    Info (332050): set_false_path -from [get_ports hps_io_hps_io_emac1_inst_RX_CLK] -to * File: E:/DE1_SoC_Project/unsaved/synthesis/submodules/unsaved_hps_1_hps_io_border.sdc Line: 12
Warning (332174): Ignored filter at unsaved_hps_1_hps_io_border.sdc(13): hps_io_hps_io_emac1_inst_RXD1 could not be matched with a port File: E:/DE1_SoC_Project/unsaved/synthesis/submodules/unsaved_hps_1_hps_io_border.sdc Line: 13
Warning (332049): Ignored set_false_path at unsaved_hps_1_hps_io_border.sdc(13): Argument <from> is an empty collection File: E:/DE1_SoC_Project/unsaved/synthesis/submodules/unsaved_hps_1_hps_io_border.sdc Line: 13
    Info (332050): set_false_path -from [get_ports hps_io_hps_io_emac1_inst_RXD1] -to * File: E:/DE1_SoC_Project/unsaved/synthesis/submodules/unsaved_hps_1_hps_io_border.sdc Line: 13
Warning (332174): Ignored filter at unsaved_hps_1_hps_io_border.sdc(14): hps_io_hps_io_emac1_inst_RXD2 could not be matched with a port File: E:/DE1_SoC_Project/unsaved/synthesis/submodules/unsaved_hps_1_hps_io_border.sdc Line: 14
Warning (332049): Ignored set_false_path at unsaved_hps_1_hps_io_border.sdc(14): Argument <from> is an empty collection File: E:/DE1_SoC_Project/unsaved/synthesis/submodules/unsaved_hps_1_hps_io_border.sdc Line: 14
    Info (332050): set_false_path -from [get_ports hps_io_hps_io_emac1_inst_RXD2] -to * File: E:/DE1_SoC_Project/unsaved/synthesis/submodules/unsaved_hps_1_hps_io_border.sdc Line: 14
Warning (332174): Ignored filter at unsaved_hps_1_hps_io_border.sdc(15): hps_io_hps_io_emac1_inst_RXD3 could not be matched with a port File: E:/DE1_SoC_Project/unsaved/synthesis/submodules/unsaved_hps_1_hps_io_border.sdc Line: 15
Warning (332049): Ignored set_false_path at unsaved_hps_1_hps_io_border.sdc(15): Argument <from> is an empty collection File: E:/DE1_SoC_Project/unsaved/synthesis/submodules/unsaved_hps_1_hps_io_border.sdc Line: 15
    Info (332050): set_false_path -from [get_ports hps_io_hps_io_emac1_inst_RXD3] -to * File: E:/DE1_SoC_Project/unsaved/synthesis/submodules/unsaved_hps_1_hps_io_border.sdc Line: 15
Warning (332174): Ignored filter at unsaved_hps_1_hps_io_border.sdc(16): hps_io_hps_io_sdio_inst_CMD could not be matched with a port File: E:/DE1_SoC_Project/unsaved/synthesis/submodules/unsaved_hps_1_hps_io_border.sdc Line: 16
Warning (332049): Ignored set_false_path at unsaved_hps_1_hps_io_border.sdc(16): Argument <from> is an empty collection File: E:/DE1_SoC_Project/unsaved/synthesis/submodules/unsaved_hps_1_hps_io_border.sdc Line: 16
    Info (332050): set_false_path -from [get_ports hps_io_hps_io_sdio_inst_CMD] -to * File: E:/DE1_SoC_Project/unsaved/synthesis/submodules/unsaved_hps_1_hps_io_border.sdc Line: 16
Warning (332049): Ignored set_false_path at unsaved_hps_1_hps_io_border.sdc(17): Argument <to> is an empty collection File: E:/DE1_SoC_Project/unsaved/synthesis/submodules/unsaved_hps_1_hps_io_border.sdc Line: 17
    Info (332050): set_false_path -from * -to [get_ports hps_io_hps_io_sdio_inst_CMD] File: E:/DE1_SoC_Project/unsaved/synthesis/submodules/unsaved_hps_1_hps_io_border.sdc Line: 17
Warning (332174): Ignored filter at unsaved_hps_1_hps_io_border.sdc(18): hps_io_hps_io_sdio_inst_D0 could not be matched with a port File: E:/DE1_SoC_Project/unsaved/synthesis/submodules/unsaved_hps_1_hps_io_border.sdc Line: 18
Warning (332049): Ignored set_false_path at unsaved_hps_1_hps_io_border.sdc(18): Argument <from> is an empty collection File: E:/DE1_SoC_Project/unsaved/synthesis/submodules/unsaved_hps_1_hps_io_border.sdc Line: 18
    Info (332050): set_false_path -from [get_ports hps_io_hps_io_sdio_inst_D0] -to * File: E:/DE1_SoC_Project/unsaved/synthesis/submodules/unsaved_hps_1_hps_io_border.sdc Line: 18
Warning (332049): Ignored set_false_path at unsaved_hps_1_hps_io_border.sdc(19): Argument <to> is an empty collection File: E:/DE1_SoC_Project/unsaved/synthesis/submodules/unsaved_hps_1_hps_io_border.sdc Line: 19
    Info (332050): set_false_path -from * -to [get_ports hps_io_hps_io_sdio_inst_D0] File: E:/DE1_SoC_Project/unsaved/synthesis/submodules/unsaved_hps_1_hps_io_border.sdc Line: 19
Warning (332174): Ignored filter at unsaved_hps_1_hps_io_border.sdc(20): hps_io_hps_io_sdio_inst_D1 could not be matched with a port File: E:/DE1_SoC_Project/unsaved/synthesis/submodules/unsaved_hps_1_hps_io_border.sdc Line: 20
Warning (332049): Ignored set_false_path at unsaved_hps_1_hps_io_border.sdc(20): Argument <from> is an empty collection File: E:/DE1_SoC_Project/unsaved/synthesis/submodules/unsaved_hps_1_hps_io_border.sdc Line: 20
    Info (332050): set_false_path -from [get_ports hps_io_hps_io_sdio_inst_D1] -to * File: E:/DE1_SoC_Project/unsaved/synthesis/submodules/unsaved_hps_1_hps_io_border.sdc Line: 20
Warning (332049): Ignored set_false_path at unsaved_hps_1_hps_io_border.sdc(21): Argument <to> is an empty collection File: E:/DE1_SoC_Project/unsaved/synthesis/submodules/unsaved_hps_1_hps_io_border.sdc Line: 21
    Info (332050): set_false_path -from * -to [get_ports hps_io_hps_io_sdio_inst_D1] File: E:/DE1_SoC_Project/unsaved/synthesis/submodules/unsaved_hps_1_hps_io_border.sdc Line: 21
Warning (332174): Ignored filter at unsaved_hps_1_hps_io_border.sdc(22): hps_io_hps_io_sdio_inst_CLK could not be matched with a port File: E:/DE1_SoC_Project/unsaved/synthesis/submodules/unsaved_hps_1_hps_io_border.sdc Line: 22
Warning (332049): Ignored set_false_path at unsaved_hps_1_hps_io_border.sdc(22): Argument <to> is an empty collection File: E:/DE1_SoC_Project/unsaved/synthesis/submodules/unsaved_hps_1_hps_io_border.sdc Line: 22
    Info (332050): set_false_path -from * -to [get_ports hps_io_hps_io_sdio_inst_CLK] File: E:/DE1_SoC_Project/unsaved/synthesis/submodules/unsaved_hps_1_hps_io_border.sdc Line: 22
Warning (332174): Ignored filter at unsaved_hps_1_hps_io_border.sdc(23): hps_io_hps_io_sdio_inst_D2 could not be matched with a port File: E:/DE1_SoC_Project/unsaved/synthesis/submodules/unsaved_hps_1_hps_io_border.sdc Line: 23
Warning (332049): Ignored set_false_path at unsaved_hps_1_hps_io_border.sdc(23): Argument <from> is an empty collection File: E:/DE1_SoC_Project/unsaved/synthesis/submodules/unsaved_hps_1_hps_io_border.sdc Line: 23
    Info (332050): set_false_path -from [get_ports hps_io_hps_io_sdio_inst_D2] -to * File: E:/DE1_SoC_Project/unsaved/synthesis/submodules/unsaved_hps_1_hps_io_border.sdc Line: 23
Warning (332049): Ignored set_false_path at unsaved_hps_1_hps_io_border.sdc(24): Argument <to> is an empty collection File: E:/DE1_SoC_Project/unsaved/synthesis/submodules/unsaved_hps_1_hps_io_border.sdc Line: 24
    Info (332050): set_false_path -from * -to [get_ports hps_io_hps_io_sdio_inst_D2] File: E:/DE1_SoC_Project/unsaved/synthesis/submodules/unsaved_hps_1_hps_io_border.sdc Line: 24
Warning (332174): Ignored filter at unsaved_hps_1_hps_io_border.sdc(25): hps_io_hps_io_sdio_inst_D3 could not be matched with a port File: E:/DE1_SoC_Project/unsaved/synthesis/submodules/unsaved_hps_1_hps_io_border.sdc Line: 25
Warning (332049): Ignored set_false_path at unsaved_hps_1_hps_io_border.sdc(25): Argument <from> is an empty collection File: E:/DE1_SoC_Project/unsaved/synthesis/submodules/unsaved_hps_1_hps_io_border.sdc Line: 25
    Info (332050): set_false_path -from [get_ports hps_io_hps_io_sdio_inst_D3] -to * File: E:/DE1_SoC_Project/unsaved/synthesis/submodules/unsaved_hps_1_hps_io_border.sdc Line: 25
Warning (332049): Ignored set_false_path at unsaved_hps_1_hps_io_border.sdc(26): Argument <to> is an empty collection File: E:/DE1_SoC_Project/unsaved/synthesis/submodules/unsaved_hps_1_hps_io_border.sdc Line: 26
    Info (332050): set_false_path -from * -to [get_ports hps_io_hps_io_sdio_inst_D3] File: E:/DE1_SoC_Project/unsaved/synthesis/submodules/unsaved_hps_1_hps_io_border.sdc Line: 26
Warning (332174): Ignored filter at unsaved_hps_1_hps_io_border.sdc(27): hps_io_hps_io_uart0_inst_RX could not be matched with a port File: E:/DE1_SoC_Project/unsaved/synthesis/submodules/unsaved_hps_1_hps_io_border.sdc Line: 27
Warning (332049): Ignored set_false_path at unsaved_hps_1_hps_io_border.sdc(27): Argument <from> is an empty collection File: E:/DE1_SoC_Project/unsaved/synthesis/submodules/unsaved_hps_1_hps_io_border.sdc Line: 27
    Info (332050): set_false_path -from [get_ports hps_io_hps_io_uart0_inst_RX] -to * File: E:/DE1_SoC_Project/unsaved/synthesis/submodules/unsaved_hps_1_hps_io_border.sdc Line: 27
Warning (332174): Ignored filter at unsaved_hps_1_hps_io_border.sdc(28): hps_io_hps_io_uart0_inst_TX could not be matched with a port File: E:/DE1_SoC_Project/unsaved/synthesis/submodules/unsaved_hps_1_hps_io_border.sdc Line: 28
Warning (332049): Ignored set_false_path at unsaved_hps_1_hps_io_border.sdc(28): Argument <to> is an empty collection File: E:/DE1_SoC_Project/unsaved/synthesis/submodules/unsaved_hps_1_hps_io_border.sdc Line: 28
    Info (332050): set_false_path -from * -to [get_ports hps_io_hps_io_uart0_inst_TX] File: E:/DE1_SoC_Project/unsaved/synthesis/submodules/unsaved_hps_1_hps_io_border.sdc Line: 28
Info (332104): Reading SDC File: 'unsaved/synthesis/submodules/unsaved_hps_1_fpga_interfaces.sdc'
Warning (332174): Ignored filter at unsaved_hps_1_fpga_interfaces.sdc(3): *fpga_interfaces|f2sdram~FF_3768 could not be matched with a register File: E:/DE1_SoC_Project/unsaved/synthesis/submodules/unsaved_hps_1_fpga_interfaces.sdc Line: 3
Warning (332049): Ignored set_false_path at unsaved_hps_1_fpga_interfaces.sdc(3): Argument <from> is an empty collection File: E:/DE1_SoC_Project/unsaved/synthesis/submodules/unsaved_hps_1_fpga_interfaces.sdc Line: 3
    Info (332050): set_false_path -from [get_registers {*fpga_interfaces|f2sdram~FF_3768}] File: E:/DE1_SoC_Project/unsaved/synthesis/submodules/unsaved_hps_1_fpga_interfaces.sdc Line: 3
Warning (332174): Ignored filter at unsaved_hps_1_fpga_interfaces.sdc(4): *fpga_interfaces|f2sdram~FF_3769 could not be matched with a register File: E:/DE1_SoC_Project/unsaved/synthesis/submodules/unsaved_hps_1_fpga_interfaces.sdc Line: 4
Warning (332049): Ignored set_false_path at unsaved_hps_1_fpga_interfaces.sdc(4): Argument <from> is an empty collection File: E:/DE1_SoC_Project/unsaved/synthesis/submodules/unsaved_hps_1_fpga_interfaces.sdc Line: 4
    Info (332050): set_false_path -from [get_registers {*fpga_interfaces|f2sdram~FF_3769}] File: E:/DE1_SoC_Project/unsaved/synthesis/submodules/unsaved_hps_1_fpga_interfaces.sdc Line: 4
Warning (332174): Ignored filter at unsaved_hps_1_fpga_interfaces.sdc(5): *fpga_interfaces|f2sdram~FF_3770 could not be matched with a register File: E:/DE1_SoC_Project/unsaved/synthesis/submodules/unsaved_hps_1_fpga_interfaces.sdc Line: 5
Warning (332049): Ignored set_false_path at unsaved_hps_1_fpga_interfaces.sdc(5): Argument <from> is an empty collection File: E:/DE1_SoC_Project/unsaved/synthesis/submodules/unsaved_hps_1_fpga_interfaces.sdc Line: 5
    Info (332050): set_false_path -from [get_registers {*fpga_interfaces|f2sdram~FF_3770}] File: E:/DE1_SoC_Project/unsaved/synthesis/submodules/unsaved_hps_1_fpga_interfaces.sdc Line: 5
Warning (332174): Ignored filter at unsaved_hps_1_fpga_interfaces.sdc(6): *fpga_interfaces|f2sdram~FF_3771 could not be matched with a register File: E:/DE1_SoC_Project/unsaved/synthesis/submodules/unsaved_hps_1_fpga_interfaces.sdc Line: 6
Warning (332049): Ignored set_false_path at unsaved_hps_1_fpga_interfaces.sdc(6): Argument <from> is an empty collection File: E:/DE1_SoC_Project/unsaved/synthesis/submodules/unsaved_hps_1_fpga_interfaces.sdc Line: 6
    Info (332050): set_false_path -from [get_registers {*fpga_interfaces|f2sdram~FF_3771}] File: E:/DE1_SoC_Project/unsaved/synthesis/submodules/unsaved_hps_1_fpga_interfaces.sdc Line: 6
Warning (332174): Ignored filter at unsaved_hps_1_fpga_interfaces.sdc(7): *fpga_interfaces|f2sdram~FF_3773 could not be matched with a register File: E:/DE1_SoC_Project/unsaved/synthesis/submodules/unsaved_hps_1_fpga_interfaces.sdc Line: 7
Warning (332049): Ignored set_false_path at unsaved_hps_1_fpga_interfaces.sdc(7): Argument <from> is an empty collection File: E:/DE1_SoC_Project/unsaved/synthesis/submodules/unsaved_hps_1_fpga_interfaces.sdc Line: 7
    Info (332050): set_false_path -from [get_registers {*fpga_interfaces|f2sdram~FF_3773}] File: E:/DE1_SoC_Project/unsaved/synthesis/submodules/unsaved_hps_1_fpga_interfaces.sdc Line: 7
Warning (332174): Ignored filter at unsaved_hps_1_fpga_interfaces.sdc(8): *fpga_interfaces|f2sdram~FF_3774 could not be matched with a register File: E:/DE1_SoC_Project/unsaved/synthesis/submodules/unsaved_hps_1_fpga_interfaces.sdc Line: 8
Warning (332049): Ignored set_false_path at unsaved_hps_1_fpga_interfaces.sdc(8): Argument <from> is an empty collection File: E:/DE1_SoC_Project/unsaved/synthesis/submodules/unsaved_hps_1_fpga_interfaces.sdc Line: 8
    Info (332050): set_false_path -from [get_registers {*fpga_interfaces|f2sdram~FF_3774}] File: E:/DE1_SoC_Project/unsaved/synthesis/submodules/unsaved_hps_1_fpga_interfaces.sdc Line: 8
Warning (332174): Ignored filter at unsaved_hps_1_fpga_interfaces.sdc(9): *fpga_interfaces|f2sdram~FF_3775 could not be matched with a register File: E:/DE1_SoC_Project/unsaved/synthesis/submodules/unsaved_hps_1_fpga_interfaces.sdc Line: 9
Warning (332049): Ignored set_false_path at unsaved_hps_1_fpga_interfaces.sdc(9): Argument <from> is an empty collection File: E:/DE1_SoC_Project/unsaved/synthesis/submodules/unsaved_hps_1_fpga_interfaces.sdc Line: 9
    Info (332050): set_false_path -from [get_registers {*fpga_interfaces|f2sdram~FF_3775}] File: E:/DE1_SoC_Project/unsaved/synthesis/submodules/unsaved_hps_1_fpga_interfaces.sdc Line: 9
Warning (332174): Ignored filter at unsaved_hps_1_fpga_interfaces.sdc(10): *fpga_interfaces|f2sdram~FF_3776 could not be matched with a register File: E:/DE1_SoC_Project/unsaved/synthesis/submodules/unsaved_hps_1_fpga_interfaces.sdc Line: 10
Warning (332049): Ignored set_false_path at unsaved_hps_1_fpga_interfaces.sdc(10): Argument <from> is an empty collection File: E:/DE1_SoC_Project/unsaved/synthesis/submodules/unsaved_hps_1_fpga_interfaces.sdc Line: 10
    Info (332050): set_false_path -from [get_registers {*fpga_interfaces|f2sdram~FF_3776}] File: E:/DE1_SoC_Project/unsaved/synthesis/submodules/unsaved_hps_1_fpga_interfaces.sdc Line: 10
Warning (332174): Ignored filter at unsaved_hps_1_fpga_interfaces.sdc(11): *fpga_interfaces|f2sdram~FF_3778 could not be matched with a register File: E:/DE1_SoC_Project/unsaved/synthesis/submodules/unsaved_hps_1_fpga_interfaces.sdc Line: 11
Warning (332049): Ignored set_false_path at unsaved_hps_1_fpga_interfaces.sdc(11): Argument <from> is an empty collection File: E:/DE1_SoC_Project/unsaved/synthesis/submodules/unsaved_hps_1_fpga_interfaces.sdc Line: 11
    Info (332050): set_false_path -from [get_registers {*fpga_interfaces|f2sdram~FF_3778}] File: E:/DE1_SoC_Project/unsaved/synthesis/submodules/unsaved_hps_1_fpga_interfaces.sdc Line: 11
Warning (332174): Ignored filter at unsaved_hps_1_fpga_interfaces.sdc(12): *fpga_interfaces|f2sdram~FF_3779 could not be matched with a register File: E:/DE1_SoC_Project/unsaved/synthesis/submodules/unsaved_hps_1_fpga_interfaces.sdc Line: 12
Warning (332049): Ignored set_false_path at unsaved_hps_1_fpga_interfaces.sdc(12): Argument <from> is an empty collection File: E:/DE1_SoC_Project/unsaved/synthesis/submodules/unsaved_hps_1_fpga_interfaces.sdc Line: 12
    Info (332050): set_false_path -from [get_registers {*fpga_interfaces|f2sdram~FF_3779}] File: E:/DE1_SoC_Project/unsaved/synthesis/submodules/unsaved_hps_1_fpga_interfaces.sdc Line: 12
Warning (332174): Ignored filter at unsaved_hps_1_fpga_interfaces.sdc(13): *fpga_interfaces|f2sdram~FF_3780 could not be matched with a register File: E:/DE1_SoC_Project/unsaved/synthesis/submodules/unsaved_hps_1_fpga_interfaces.sdc Line: 13
Warning (332049): Ignored set_false_path at unsaved_hps_1_fpga_interfaces.sdc(13): Argument <from> is an empty collection File: E:/DE1_SoC_Project/unsaved/synthesis/submodules/unsaved_hps_1_fpga_interfaces.sdc Line: 13
    Info (332050): set_false_path -from [get_registers {*fpga_interfaces|f2sdram~FF_3780}] File: E:/DE1_SoC_Project/unsaved/synthesis/submodules/unsaved_hps_1_fpga_interfaces.sdc Line: 13
Warning (332174): Ignored filter at unsaved_hps_1_fpga_interfaces.sdc(14): *fpga_interfaces|f2sdram~FF_3781 could not be matched with a register File: E:/DE1_SoC_Project/unsaved/synthesis/submodules/unsaved_hps_1_fpga_interfaces.sdc Line: 14
Warning (332049): Ignored set_false_path at unsaved_hps_1_fpga_interfaces.sdc(14): Argument <from> is an empty collection File: E:/DE1_SoC_Project/unsaved/synthesis/submodules/unsaved_hps_1_fpga_interfaces.sdc Line: 14
    Info (332050): set_false_path -from [get_registers {*fpga_interfaces|f2sdram~FF_3781}] File: E:/DE1_SoC_Project/unsaved/synthesis/submodules/unsaved_hps_1_fpga_interfaces.sdc Line: 14
Warning (332174): Ignored filter at unsaved_hps_1_fpga_interfaces.sdc(15): *fpga_interfaces|f2sdram~FF_3783 could not be matched with a register File: E:/DE1_SoC_Project/unsaved/synthesis/submodules/unsaved_hps_1_fpga_interfaces.sdc Line: 15
Warning (332049): Ignored set_false_path at unsaved_hps_1_fpga_interfaces.sdc(15): Argument <from> is an empty collection File: E:/DE1_SoC_Project/unsaved/synthesis/submodules/unsaved_hps_1_fpga_interfaces.sdc Line: 15
    Info (332050): set_false_path -from [get_registers {*fpga_interfaces|f2sdram~FF_3783}] File: E:/DE1_SoC_Project/unsaved/synthesis/submodules/unsaved_hps_1_fpga_interfaces.sdc Line: 15
Warning (332174): Ignored filter at unsaved_hps_1_fpga_interfaces.sdc(16): *fpga_interfaces|f2sdram~FF_3784 could not be matched with a register File: E:/DE1_SoC_Project/unsaved/synthesis/submodules/unsaved_hps_1_fpga_interfaces.sdc Line: 16
Warning (332049): Ignored set_false_path at unsaved_hps_1_fpga_interfaces.sdc(16): Argument <from> is an empty collection File: E:/DE1_SoC_Project/unsaved/synthesis/submodules/unsaved_hps_1_fpga_interfaces.sdc Line: 16
    Info (332050): set_false_path -from [get_registers {*fpga_interfaces|f2sdram~FF_3784}] File: E:/DE1_SoC_Project/unsaved/synthesis/submodules/unsaved_hps_1_fpga_interfaces.sdc Line: 16
Warning (332174): Ignored filter at unsaved_hps_1_fpga_interfaces.sdc(17): *fpga_interfaces|f2sdram~FF_3785 could not be matched with a register File: E:/DE1_SoC_Project/unsaved/synthesis/submodules/unsaved_hps_1_fpga_interfaces.sdc Line: 17
Warning (332049): Ignored set_false_path at unsaved_hps_1_fpga_interfaces.sdc(17): Argument <from> is an empty collection File: E:/DE1_SoC_Project/unsaved/synthesis/submodules/unsaved_hps_1_fpga_interfaces.sdc Line: 17
    Info (332050): set_false_path -from [get_registers {*fpga_interfaces|f2sdram~FF_3785}] File: E:/DE1_SoC_Project/unsaved/synthesis/submodules/unsaved_hps_1_fpga_interfaces.sdc Line: 17
Warning (332174): Ignored filter at unsaved_hps_1_fpga_interfaces.sdc(18): *fpga_interfaces|f2sdram~FF_3786 could not be matched with a register File: E:/DE1_SoC_Project/unsaved/synthesis/submodules/unsaved_hps_1_fpga_interfaces.sdc Line: 18
Warning (332049): Ignored set_false_path at unsaved_hps_1_fpga_interfaces.sdc(18): Argument <from> is an empty collection File: E:/DE1_SoC_Project/unsaved/synthesis/submodules/unsaved_hps_1_fpga_interfaces.sdc Line: 18
    Info (332050): set_false_path -from [get_registers {*fpga_interfaces|f2sdram~FF_3786}] File: E:/DE1_SoC_Project/unsaved/synthesis/submodules/unsaved_hps_1_fpga_interfaces.sdc Line: 18
Warning (332174): Ignored filter at unsaved_hps_1_fpga_interfaces.sdc(19): *fpga_interfaces|f2sdram~FF_3790 could not be matched with a register File: E:/DE1_SoC_Project/unsaved/synthesis/submodules/unsaved_hps_1_fpga_interfaces.sdc Line: 19
Warning (332049): Ignored set_false_path at unsaved_hps_1_fpga_interfaces.sdc(19): Argument <from> is an empty collection File: E:/DE1_SoC_Project/unsaved/synthesis/submodules/unsaved_hps_1_fpga_interfaces.sdc Line: 19
    Info (332050): set_false_path -from [get_registers {*fpga_interfaces|f2sdram~FF_3790}] File: E:/DE1_SoC_Project/unsaved/synthesis/submodules/unsaved_hps_1_fpga_interfaces.sdc Line: 19
Warning (332174): Ignored filter at unsaved_hps_1_fpga_interfaces.sdc(20): *fpga_interfaces|f2sdram~FF_3792 could not be matched with a register File: E:/DE1_SoC_Project/unsaved/synthesis/submodules/unsaved_hps_1_fpga_interfaces.sdc Line: 20
Warning (332049): Ignored set_false_path at unsaved_hps_1_fpga_interfaces.sdc(20): Argument <from> is an empty collection File: E:/DE1_SoC_Project/unsaved/synthesis/submodules/unsaved_hps_1_fpga_interfaces.sdc Line: 20
    Info (332050): set_false_path -from [get_registers {*fpga_interfaces|f2sdram~FF_3792}] File: E:/DE1_SoC_Project/unsaved/synthesis/submodules/unsaved_hps_1_fpga_interfaces.sdc Line: 20
Warning (332174): Ignored filter at unsaved_hps_1_fpga_interfaces.sdc(21): *fpga_interfaces|f2sdram~FF_3793 could not be matched with a register File: E:/DE1_SoC_Project/unsaved/synthesis/submodules/unsaved_hps_1_fpga_interfaces.sdc Line: 21
Warning (332049): Ignored set_false_path at unsaved_hps_1_fpga_interfaces.sdc(21): Argument <from> is an empty collection File: E:/DE1_SoC_Project/unsaved/synthesis/submodules/unsaved_hps_1_fpga_interfaces.sdc Line: 21
    Info (332050): set_false_path -from [get_registers {*fpga_interfaces|f2sdram~FF_3793}] File: E:/DE1_SoC_Project/unsaved/synthesis/submodules/unsaved_hps_1_fpga_interfaces.sdc Line: 21
Warning (332174): Ignored filter at unsaved_hps_1_fpga_interfaces.sdc(22): *fpga_interfaces|f2sdram~FF_3795 could not be matched with a register File: E:/DE1_SoC_Project/unsaved/synthesis/submodules/unsaved_hps_1_fpga_interfaces.sdc Line: 22
Warning (332049): Ignored set_false_path at unsaved_hps_1_fpga_interfaces.sdc(22): Argument <from> is an empty collection File: E:/DE1_SoC_Project/unsaved/synthesis/submodules/unsaved_hps_1_fpga_interfaces.sdc Line: 22
    Info (332050): set_false_path -from [get_registers {*fpga_interfaces|f2sdram~FF_3795}] File: E:/DE1_SoC_Project/unsaved/synthesis/submodules/unsaved_hps_1_fpga_interfaces.sdc Line: 22
Warning (332174): Ignored filter at unsaved_hps_1_fpga_interfaces.sdc(23): *fpga_interfaces|f2sdram~FF_3796 could not be matched with a register File: E:/DE1_SoC_Project/unsaved/synthesis/submodules/unsaved_hps_1_fpga_interfaces.sdc Line: 23
Warning (332049): Ignored set_false_path at unsaved_hps_1_fpga_interfaces.sdc(23): Argument <from> is an empty collection File: E:/DE1_SoC_Project/unsaved/synthesis/submodules/unsaved_hps_1_fpga_interfaces.sdc Line: 23
    Info (332050): set_false_path -from [get_registers {*fpga_interfaces|f2sdram~FF_3796}] File: E:/DE1_SoC_Project/unsaved/synthesis/submodules/unsaved_hps_1_fpga_interfaces.sdc Line: 23
Warning (332174): Ignored filter at unsaved_hps_1_fpga_interfaces.sdc(24): *fpga_interfaces|f2sdram~FF_3797 could not be matched with a register File: E:/DE1_SoC_Project/unsaved/synthesis/submodules/unsaved_hps_1_fpga_interfaces.sdc Line: 24
Warning (332049): Ignored set_false_path at unsaved_hps_1_fpga_interfaces.sdc(24): Argument <from> is an empty collection File: E:/DE1_SoC_Project/unsaved/synthesis/submodules/unsaved_hps_1_fpga_interfaces.sdc Line: 24
    Info (332050): set_false_path -from [get_registers {*fpga_interfaces|f2sdram~FF_3797}] File: E:/DE1_SoC_Project/unsaved/synthesis/submodules/unsaved_hps_1_fpga_interfaces.sdc Line: 24
Warning (332174): Ignored filter at unsaved_hps_1_fpga_interfaces.sdc(25): *fpga_interfaces|f2sdram~FF_3798 could not be matched with a register File: E:/DE1_SoC_Project/unsaved/synthesis/submodules/unsaved_hps_1_fpga_interfaces.sdc Line: 25
Warning (332049): Ignored set_false_path at unsaved_hps_1_fpga_interfaces.sdc(25): Argument <from> is an empty collection File: E:/DE1_SoC_Project/unsaved/synthesis/submodules/unsaved_hps_1_fpga_interfaces.sdc Line: 25
    Info (332050): set_false_path -from [get_registers {*fpga_interfaces|f2sdram~FF_3798}] File: E:/DE1_SoC_Project/unsaved/synthesis/submodules/unsaved_hps_1_fpga_interfaces.sdc Line: 25
Warning (332174): Ignored filter at unsaved_hps_1_fpga_interfaces.sdc(26): *fpga_interfaces|f2sdram~FF_3799 could not be matched with a register File: E:/DE1_SoC_Project/unsaved/synthesis/submodules/unsaved_hps_1_fpga_interfaces.sdc Line: 26
Warning (332049): Ignored set_false_path at unsaved_hps_1_fpga_interfaces.sdc(26): Argument <from> is an empty collection File: E:/DE1_SoC_Project/unsaved/synthesis/submodules/unsaved_hps_1_fpga_interfaces.sdc Line: 26
    Info (332050): set_false_path -from [get_registers {*fpga_interfaces|f2sdram~FF_3799}] File: E:/DE1_SoC_Project/unsaved/synthesis/submodules/unsaved_hps_1_fpga_interfaces.sdc Line: 26
Warning (332174): Ignored filter at unsaved_hps_1_fpga_interfaces.sdc(27): *fpga_interfaces|f2sdram~FF_3800 could not be matched with a register File: E:/DE1_SoC_Project/unsaved/synthesis/submodules/unsaved_hps_1_fpga_interfaces.sdc Line: 27
Warning (332049): Ignored set_false_path at unsaved_hps_1_fpga_interfaces.sdc(27): Argument <from> is an empty collection File: E:/DE1_SoC_Project/unsaved/synthesis/submodules/unsaved_hps_1_fpga_interfaces.sdc Line: 27
    Info (332050): set_false_path -from [get_registers {*fpga_interfaces|f2sdram~FF_3800}] File: E:/DE1_SoC_Project/unsaved/synthesis/submodules/unsaved_hps_1_fpga_interfaces.sdc Line: 27
Warning (332174): Ignored filter at unsaved_hps_1_fpga_interfaces.sdc(28): *fpga_interfaces|f2sdram~FF_3802 could not be matched with a register File: E:/DE1_SoC_Project/unsaved/synthesis/submodules/unsaved_hps_1_fpga_interfaces.sdc Line: 28
Warning (332049): Ignored set_false_path at unsaved_hps_1_fpga_interfaces.sdc(28): Argument <from> is an empty collection File: E:/DE1_SoC_Project/unsaved/synthesis/submodules/unsaved_hps_1_fpga_interfaces.sdc Line: 28
    Info (332050): set_false_path -from [get_registers {*fpga_interfaces|f2sdram~FF_3802}] File: E:/DE1_SoC_Project/unsaved/synthesis/submodules/unsaved_hps_1_fpga_interfaces.sdc Line: 28
Warning (332174): Ignored filter at unsaved_hps_1_fpga_interfaces.sdc(29): *fpga_interfaces|f2sdram~FF_3803 could not be matched with a register File: E:/DE1_SoC_Project/unsaved/synthesis/submodules/unsaved_hps_1_fpga_interfaces.sdc Line: 29
Warning (332049): Ignored set_false_path at unsaved_hps_1_fpga_interfaces.sdc(29): Argument <from> is an empty collection File: E:/DE1_SoC_Project/unsaved/synthesis/submodules/unsaved_hps_1_fpga_interfaces.sdc Line: 29
    Info (332050): set_false_path -from [get_registers {*fpga_interfaces|f2sdram~FF_3803}] File: E:/DE1_SoC_Project/unsaved/synthesis/submodules/unsaved_hps_1_fpga_interfaces.sdc Line: 29
Warning (332174): Ignored filter at unsaved_hps_1_fpga_interfaces.sdc(30): *fpga_interfaces|f2sdram~FF_3805 could not be matched with a register File: E:/DE1_SoC_Project/unsaved/synthesis/submodules/unsaved_hps_1_fpga_interfaces.sdc Line: 30
Warning (332049): Ignored set_false_path at unsaved_hps_1_fpga_interfaces.sdc(30): Argument <from> is an empty collection File: E:/DE1_SoC_Project/unsaved/synthesis/submodules/unsaved_hps_1_fpga_interfaces.sdc Line: 30
    Info (332050): set_false_path -from [get_registers {*fpga_interfaces|f2sdram~FF_3805}] File: E:/DE1_SoC_Project/unsaved/synthesis/submodules/unsaved_hps_1_fpga_interfaces.sdc Line: 30
Warning (332174): Ignored filter at unsaved_hps_1_fpga_interfaces.sdc(31): *fpga_interfaces|f2sdram~FF_3806 could not be matched with a register File: E:/DE1_SoC_Project/unsaved/synthesis/submodules/unsaved_hps_1_fpga_interfaces.sdc Line: 31
Warning (332049): Ignored set_false_path at unsaved_hps_1_fpga_interfaces.sdc(31): Argument <from> is an empty collection File: E:/DE1_SoC_Project/unsaved/synthesis/submodules/unsaved_hps_1_fpga_interfaces.sdc Line: 31
    Info (332050): set_false_path -from [get_registers {*fpga_interfaces|f2sdram~FF_3806}] File: E:/DE1_SoC_Project/unsaved/synthesis/submodules/unsaved_hps_1_fpga_interfaces.sdc Line: 31
Warning (332174): Ignored filter at unsaved_hps_1_fpga_interfaces.sdc(32): *fpga_interfaces|f2sdram~FF_3808 could not be matched with a register File: E:/DE1_SoC_Project/unsaved/synthesis/submodules/unsaved_hps_1_fpga_interfaces.sdc Line: 32
Warning (332049): Ignored set_false_path at unsaved_hps_1_fpga_interfaces.sdc(32): Argument <from> is an empty collection File: E:/DE1_SoC_Project/unsaved/synthesis/submodules/unsaved_hps_1_fpga_interfaces.sdc Line: 32
    Info (332050): set_false_path -from [get_registers {*fpga_interfaces|f2sdram~FF_3808}] File: E:/DE1_SoC_Project/unsaved/synthesis/submodules/unsaved_hps_1_fpga_interfaces.sdc Line: 32
Warning (332174): Ignored filter at unsaved_hps_1_fpga_interfaces.sdc(33): *fpga_interfaces|f2sdram~FF_3809 could not be matched with a register File: E:/DE1_SoC_Project/unsaved/synthesis/submodules/unsaved_hps_1_fpga_interfaces.sdc Line: 33
Warning (332049): Ignored set_false_path at unsaved_hps_1_fpga_interfaces.sdc(33): Argument <from> is an empty collection File: E:/DE1_SoC_Project/unsaved/synthesis/submodules/unsaved_hps_1_fpga_interfaces.sdc Line: 33
    Info (332050): set_false_path -from [get_registers {*fpga_interfaces|f2sdram~FF_3809}] File: E:/DE1_SoC_Project/unsaved/synthesis/submodules/unsaved_hps_1_fpga_interfaces.sdc Line: 33
Warning (332174): Ignored filter at unsaved_hps_1_fpga_interfaces.sdc(34): *fpga_interfaces|f2sdram~FF_3811 could not be matched with a register File: E:/DE1_SoC_Project/unsaved/synthesis/submodules/unsaved_hps_1_fpga_interfaces.sdc Line: 34
Warning (332049): Ignored set_false_path at unsaved_hps_1_fpga_interfaces.sdc(34): Argument <from> is an empty collection File: E:/DE1_SoC_Project/unsaved/synthesis/submodules/unsaved_hps_1_fpga_interfaces.sdc Line: 34
    Info (332050): set_false_path -from [get_registers {*fpga_interfaces|f2sdram~FF_3811}] File: E:/DE1_SoC_Project/unsaved/synthesis/submodules/unsaved_hps_1_fpga_interfaces.sdc Line: 34
Warning (332174): Ignored filter at unsaved_hps_1_fpga_interfaces.sdc(35): *fpga_interfaces|f2sdram~FF_3812 could not be matched with a register File: E:/DE1_SoC_Project/unsaved/synthesis/submodules/unsaved_hps_1_fpga_interfaces.sdc Line: 35
Warning (332049): Ignored set_false_path at unsaved_hps_1_fpga_interfaces.sdc(35): Argument <from> is an empty collection File: E:/DE1_SoC_Project/unsaved/synthesis/submodules/unsaved_hps_1_fpga_interfaces.sdc Line: 35
    Info (332050): set_false_path -from [get_registers {*fpga_interfaces|f2sdram~FF_3812}] File: E:/DE1_SoC_Project/unsaved/synthesis/submodules/unsaved_hps_1_fpga_interfaces.sdc Line: 35
Warning (332174): Ignored filter at unsaved_hps_1_fpga_interfaces.sdc(36): *fpga_interfaces|f2sdram~FF_3813 could not be matched with a register File: E:/DE1_SoC_Project/unsaved/synthesis/submodules/unsaved_hps_1_fpga_interfaces.sdc Line: 36
Warning (332049): Ignored set_false_path at unsaved_hps_1_fpga_interfaces.sdc(36): Argument <from> is an empty collection File: E:/DE1_SoC_Project/unsaved/synthesis/submodules/unsaved_hps_1_fpga_interfaces.sdc Line: 36
    Info (332050): set_false_path -from [get_registers {*fpga_interfaces|f2sdram~FF_3813}] File: E:/DE1_SoC_Project/unsaved/synthesis/submodules/unsaved_hps_1_fpga_interfaces.sdc Line: 36
Warning (332174): Ignored filter at unsaved_hps_1_fpga_interfaces.sdc(37): *fpga_interfaces|f2sdram~FF_3815 could not be matched with a register File: E:/DE1_SoC_Project/unsaved/synthesis/submodules/unsaved_hps_1_fpga_interfaces.sdc Line: 37
Warning (332049): Ignored set_false_path at unsaved_hps_1_fpga_interfaces.sdc(37): Argument <from> is an empty collection File: E:/DE1_SoC_Project/unsaved/synthesis/submodules/unsaved_hps_1_fpga_interfaces.sdc Line: 37
    Info (332050): set_false_path -from [get_registers {*fpga_interfaces|f2sdram~FF_3815}] File: E:/DE1_SoC_Project/unsaved/synthesis/submodules/unsaved_hps_1_fpga_interfaces.sdc Line: 37
Warning (332174): Ignored filter at unsaved_hps_1_fpga_interfaces.sdc(38): *fpga_interfaces|f2sdram~FF_3816 could not be matched with a register File: E:/DE1_SoC_Project/unsaved/synthesis/submodules/unsaved_hps_1_fpga_interfaces.sdc Line: 38
Warning (332049): Ignored set_false_path at unsaved_hps_1_fpga_interfaces.sdc(38): Argument <from> is an empty collection File: E:/DE1_SoC_Project/unsaved/synthesis/submodules/unsaved_hps_1_fpga_interfaces.sdc Line: 38
    Info (332050): set_false_path -from [get_registers {*fpga_interfaces|f2sdram~FF_3816}] File: E:/DE1_SoC_Project/unsaved/synthesis/submodules/unsaved_hps_1_fpga_interfaces.sdc Line: 38
Warning (332174): Ignored filter at unsaved_hps_1_fpga_interfaces.sdc(39): *fpga_interfaces|f2sdram~FF_3817 could not be matched with a register File: E:/DE1_SoC_Project/unsaved/synthesis/submodules/unsaved_hps_1_fpga_interfaces.sdc Line: 39
Warning (332049): Ignored set_false_path at unsaved_hps_1_fpga_interfaces.sdc(39): Argument <from> is an empty collection File: E:/DE1_SoC_Project/unsaved/synthesis/submodules/unsaved_hps_1_fpga_interfaces.sdc Line: 39
    Info (332050): set_false_path -from [get_registers {*fpga_interfaces|f2sdram~FF_3817}] File: E:/DE1_SoC_Project/unsaved/synthesis/submodules/unsaved_hps_1_fpga_interfaces.sdc Line: 39
Warning (332174): Ignored filter at unsaved_hps_1_fpga_interfaces.sdc(40): *fpga_interfaces|f2sdram~FF_3818 could not be matched with a register File: E:/DE1_SoC_Project/unsaved/synthesis/submodules/unsaved_hps_1_fpga_interfaces.sdc Line: 40
Warning (332049): Ignored set_false_path at unsaved_hps_1_fpga_interfaces.sdc(40): Argument <from> is an empty collection File: E:/DE1_SoC_Project/unsaved/synthesis/submodules/unsaved_hps_1_fpga_interfaces.sdc Line: 40
    Info (332050): set_false_path -from [get_registers {*fpga_interfaces|f2sdram~FF_3818}] File: E:/DE1_SoC_Project/unsaved/synthesis/submodules/unsaved_hps_1_fpga_interfaces.sdc Line: 40
Warning (332174): Ignored filter at unsaved_hps_1_fpga_interfaces.sdc(41): *fpga_interfaces|f2sdram~FF_3820 could not be matched with a register File: E:/DE1_SoC_Project/unsaved/synthesis/submodules/unsaved_hps_1_fpga_interfaces.sdc Line: 41
Warning (332049): Ignored set_false_path at unsaved_hps_1_fpga_interfaces.sdc(41): Argument <from> is an empty collection File: E:/DE1_SoC_Project/unsaved/synthesis/submodules/unsaved_hps_1_fpga_interfaces.sdc Line: 41
    Info (332050): set_false_path -from [get_registers {*fpga_interfaces|f2sdram~FF_3820}] File: E:/DE1_SoC_Project/unsaved/synthesis/submodules/unsaved_hps_1_fpga_interfaces.sdc Line: 41
Warning (332174): Ignored filter at unsaved_hps_1_fpga_interfaces.sdc(42): *fpga_interfaces|f2sdram~FF_3821 could not be matched with a register File: E:/DE1_SoC_Project/unsaved/synthesis/submodules/unsaved_hps_1_fpga_interfaces.sdc Line: 42
Warning (332049): Ignored set_false_path at unsaved_hps_1_fpga_interfaces.sdc(42): Argument <from> is an empty collection File: E:/DE1_SoC_Project/unsaved/synthesis/submodules/unsaved_hps_1_fpga_interfaces.sdc Line: 42
    Info (332050): set_false_path -from [get_registers {*fpga_interfaces|f2sdram~FF_3821}] File: E:/DE1_SoC_Project/unsaved/synthesis/submodules/unsaved_hps_1_fpga_interfaces.sdc Line: 42
Warning (332174): Ignored filter at unsaved_hps_1_fpga_interfaces.sdc(43): *fpga_interfaces|f2sdram~FF_3822 could not be matched with a register File: E:/DE1_SoC_Project/unsaved/synthesis/submodules/unsaved_hps_1_fpga_interfaces.sdc Line: 43
Warning (332049): Ignored set_false_path at unsaved_hps_1_fpga_interfaces.sdc(43): Argument <from> is an empty collection File: E:/DE1_SoC_Project/unsaved/synthesis/submodules/unsaved_hps_1_fpga_interfaces.sdc Line: 43
    Info (332050): set_false_path -from [get_registers {*fpga_interfaces|f2sdram~FF_3822}] File: E:/DE1_SoC_Project/unsaved/synthesis/submodules/unsaved_hps_1_fpga_interfaces.sdc Line: 43
Warning (332174): Ignored filter at unsaved_hps_1_fpga_interfaces.sdc(44): *fpga_interfaces|f2sdram~FF_3823 could not be matched with a register File: E:/DE1_SoC_Project/unsaved/synthesis/submodules/unsaved_hps_1_fpga_interfaces.sdc Line: 44
Warning (332049): Ignored set_false_path at unsaved_hps_1_fpga_interfaces.sdc(44): Argument <from> is an empty collection File: E:/DE1_SoC_Project/unsaved/synthesis/submodules/unsaved_hps_1_fpga_interfaces.sdc Line: 44
    Info (332050): set_false_path -from [get_registers {*fpga_interfaces|f2sdram~FF_3823}] File: E:/DE1_SoC_Project/unsaved/synthesis/submodules/unsaved_hps_1_fpga_interfaces.sdc Line: 44
Warning (332174): Ignored filter at unsaved_hps_1_fpga_interfaces.sdc(45): *fpga_interfaces|f2sdram~FF_3830 could not be matched with a register File: E:/DE1_SoC_Project/unsaved/synthesis/submodules/unsaved_hps_1_fpga_interfaces.sdc Line: 45
Warning (332049): Ignored set_false_path at unsaved_hps_1_fpga_interfaces.sdc(45): Argument <from> is an empty collection File: E:/DE1_SoC_Project/unsaved/synthesis/submodules/unsaved_hps_1_fpga_interfaces.sdc Line: 45
    Info (332050): set_false_path -from [get_registers {*fpga_interfaces|f2sdram~FF_3830}] File: E:/DE1_SoC_Project/unsaved/synthesis/submodules/unsaved_hps_1_fpga_interfaces.sdc Line: 45
Warning (332174): Ignored filter at unsaved_hps_1_fpga_interfaces.sdc(46): *fpga_interfaces|f2sdram~FF_3831 could not be matched with a register File: E:/DE1_SoC_Project/unsaved/synthesis/submodules/unsaved_hps_1_fpga_interfaces.sdc Line: 46
Warning (332049): Ignored set_false_path at unsaved_hps_1_fpga_interfaces.sdc(46): Argument <from> is an empty collection File: E:/DE1_SoC_Project/unsaved/synthesis/submodules/unsaved_hps_1_fpga_interfaces.sdc Line: 46
    Info (332050): set_false_path -from [get_registers {*fpga_interfaces|f2sdram~FF_3831}] File: E:/DE1_SoC_Project/unsaved/synthesis/submodules/unsaved_hps_1_fpga_interfaces.sdc Line: 46
Warning (332174): Ignored filter at unsaved_hps_1_fpga_interfaces.sdc(47): *fpga_interfaces|f2sdram~FF_3832 could not be matched with a register File: E:/DE1_SoC_Project/unsaved/synthesis/submodules/unsaved_hps_1_fpga_interfaces.sdc Line: 47
Warning (332049): Ignored set_false_path at unsaved_hps_1_fpga_interfaces.sdc(47): Argument <from> is an empty collection File: E:/DE1_SoC_Project/unsaved/synthesis/submodules/unsaved_hps_1_fpga_interfaces.sdc Line: 47
    Info (332050): set_false_path -from [get_registers {*fpga_interfaces|f2sdram~FF_3832}] File: E:/DE1_SoC_Project/unsaved/synthesis/submodules/unsaved_hps_1_fpga_interfaces.sdc Line: 47
Warning (332174): Ignored filter at unsaved_hps_1_fpga_interfaces.sdc(48): *fpga_interfaces|f2sdram~FF_3834 could not be matched with a register File: E:/DE1_SoC_Project/unsaved/synthesis/submodules/unsaved_hps_1_fpga_interfaces.sdc Line: 48
Warning (332049): Ignored set_false_path at unsaved_hps_1_fpga_interfaces.sdc(48): Argument <from> is an empty collection File: E:/DE1_SoC_Project/unsaved/synthesis/submodules/unsaved_hps_1_fpga_interfaces.sdc Line: 48
    Info (332050): set_false_path -from [get_registers {*fpga_interfaces|f2sdram~FF_3834}] File: E:/DE1_SoC_Project/unsaved/synthesis/submodules/unsaved_hps_1_fpga_interfaces.sdc Line: 48
Warning (332174): Ignored filter at unsaved_hps_1_fpga_interfaces.sdc(49): *fpga_interfaces|f2sdram~FF_3835 could not be matched with a register File: E:/DE1_SoC_Project/unsaved/synthesis/submodules/unsaved_hps_1_fpga_interfaces.sdc Line: 49
Warning (332049): Ignored set_false_path at unsaved_hps_1_fpga_interfaces.sdc(49): Argument <from> is an empty collection File: E:/DE1_SoC_Project/unsaved/synthesis/submodules/unsaved_hps_1_fpga_interfaces.sdc Line: 49
    Info (332050): set_false_path -from [get_registers {*fpga_interfaces|f2sdram~FF_3835}] File: E:/DE1_SoC_Project/unsaved/synthesis/submodules/unsaved_hps_1_fpga_interfaces.sdc Line: 49
Warning (332174): Ignored filter at unsaved_hps_1_fpga_interfaces.sdc(50): *fpga_interfaces|f2sdram~FF_3837 could not be matched with a register File: E:/DE1_SoC_Project/unsaved/synthesis/submodules/unsaved_hps_1_fpga_interfaces.sdc Line: 50
Warning (332049): Ignored set_false_path at unsaved_hps_1_fpga_interfaces.sdc(50): Argument <from> is an empty collection File: E:/DE1_SoC_Project/unsaved/synthesis/submodules/unsaved_hps_1_fpga_interfaces.sdc Line: 50
    Info (332050): set_false_path -from [get_registers {*fpga_interfaces|f2sdram~FF_3837}] File: E:/DE1_SoC_Project/unsaved/synthesis/submodules/unsaved_hps_1_fpga_interfaces.sdc Line: 50
Warning (332174): Ignored filter at unsaved_hps_1_fpga_interfaces.sdc(51): *fpga_interfaces|f2sdram~FF_4494 could not be matched with a register File: E:/DE1_SoC_Project/unsaved/synthesis/submodules/unsaved_hps_1_fpga_interfaces.sdc Line: 51
Warning (332049): Ignored set_false_path at unsaved_hps_1_fpga_interfaces.sdc(51): Argument <from> is an empty collection File: E:/DE1_SoC_Project/unsaved/synthesis/submodules/unsaved_hps_1_fpga_interfaces.sdc Line: 51
    Info (332050): set_false_path -from [get_registers {*fpga_interfaces|f2sdram~FF_4494}] File: E:/DE1_SoC_Project/unsaved/synthesis/submodules/unsaved_hps_1_fpga_interfaces.sdc Line: 51
Warning (332174): Ignored filter at unsaved_hps_1_fpga_interfaces.sdc(52): *fpga_interfaces|f2sdram~FF_4495 could not be matched with a register File: E:/DE1_SoC_Project/unsaved/synthesis/submodules/unsaved_hps_1_fpga_interfaces.sdc Line: 52
Warning (332049): Ignored set_false_path at unsaved_hps_1_fpga_interfaces.sdc(52): Argument <from> is an empty collection File: E:/DE1_SoC_Project/unsaved/synthesis/submodules/unsaved_hps_1_fpga_interfaces.sdc Line: 52
    Info (332050): set_false_path -from [get_registers {*fpga_interfaces|f2sdram~FF_4495}] File: E:/DE1_SoC_Project/unsaved/synthesis/submodules/unsaved_hps_1_fpga_interfaces.sdc Line: 52
Warning (332174): Ignored filter at unsaved_hps_1_fpga_interfaces.sdc(53): *fpga_interfaces|f2sdram~FF_4496 could not be matched with a register File: E:/DE1_SoC_Project/unsaved/synthesis/submodules/unsaved_hps_1_fpga_interfaces.sdc Line: 53
Warning (332049): Ignored set_false_path at unsaved_hps_1_fpga_interfaces.sdc(53): Argument <from> is an empty collection File: E:/DE1_SoC_Project/unsaved/synthesis/submodules/unsaved_hps_1_fpga_interfaces.sdc Line: 53
    Info (332050): set_false_path -from [get_registers {*fpga_interfaces|f2sdram~FF_4496}] File: E:/DE1_SoC_Project/unsaved/synthesis/submodules/unsaved_hps_1_fpga_interfaces.sdc Line: 53
Warning (332174): Ignored filter at unsaved_hps_1_fpga_interfaces.sdc(54): *fpga_interfaces|f2sdram~FF_4497 could not be matched with a register File: E:/DE1_SoC_Project/unsaved/synthesis/submodules/unsaved_hps_1_fpga_interfaces.sdc Line: 54
Warning (332049): Ignored set_false_path at unsaved_hps_1_fpga_interfaces.sdc(54): Argument <from> is an empty collection File: E:/DE1_SoC_Project/unsaved/synthesis/submodules/unsaved_hps_1_fpga_interfaces.sdc Line: 54
    Info (332050): set_false_path -from [get_registers {*fpga_interfaces|f2sdram~FF_4497}] File: E:/DE1_SoC_Project/unsaved/synthesis/submodules/unsaved_hps_1_fpga_interfaces.sdc Line: 54
Warning (332174): Ignored filter at unsaved_hps_1_fpga_interfaces.sdc(55): *fpga_interfaces|f2sdram~FF_4498 could not be matched with a register File: E:/DE1_SoC_Project/unsaved/synthesis/submodules/unsaved_hps_1_fpga_interfaces.sdc Line: 55
Warning (332049): Ignored set_false_path at unsaved_hps_1_fpga_interfaces.sdc(55): Argument <from> is an empty collection File: E:/DE1_SoC_Project/unsaved/synthesis/submodules/unsaved_hps_1_fpga_interfaces.sdc Line: 55
    Info (332050): set_false_path -from [get_registers {*fpga_interfaces|f2sdram~FF_4498}] File: E:/DE1_SoC_Project/unsaved/synthesis/submodules/unsaved_hps_1_fpga_interfaces.sdc Line: 55
Warning (332174): Ignored filter at unsaved_hps_1_fpga_interfaces.sdc(56): *fpga_interfaces|f2sdram~FF_4499 could not be matched with a register File: E:/DE1_SoC_Project/unsaved/synthesis/submodules/unsaved_hps_1_fpga_interfaces.sdc Line: 56
Warning (332049): Ignored set_false_path at unsaved_hps_1_fpga_interfaces.sdc(56): Argument <from> is an empty collection File: E:/DE1_SoC_Project/unsaved/synthesis/submodules/unsaved_hps_1_fpga_interfaces.sdc Line: 56
    Info (332050): set_false_path -from [get_registers {*fpga_interfaces|f2sdram~FF_4499}] File: E:/DE1_SoC_Project/unsaved/synthesis/submodules/unsaved_hps_1_fpga_interfaces.sdc Line: 56
Warning (332174): Ignored filter at unsaved_hps_1_fpga_interfaces.sdc(57): *fpga_interfaces|f2sdram~FF_4500 could not be matched with a register File: E:/DE1_SoC_Project/unsaved/synthesis/submodules/unsaved_hps_1_fpga_interfaces.sdc Line: 57
Warning (332049): Ignored set_false_path at unsaved_hps_1_fpga_interfaces.sdc(57): Argument <from> is an empty collection File: E:/DE1_SoC_Project/unsaved/synthesis/submodules/unsaved_hps_1_fpga_interfaces.sdc Line: 57
    Info (332050): set_false_path -from [get_registers {*fpga_interfaces|f2sdram~FF_4500}] File: E:/DE1_SoC_Project/unsaved/synthesis/submodules/unsaved_hps_1_fpga_interfaces.sdc Line: 57
Warning (332174): Ignored filter at unsaved_hps_1_fpga_interfaces.sdc(58): *fpga_interfaces|f2sdram~FF_4501 could not be matched with a register File: E:/DE1_SoC_Project/unsaved/synthesis/submodules/unsaved_hps_1_fpga_interfaces.sdc Line: 58
Warning (332049): Ignored set_false_path at unsaved_hps_1_fpga_interfaces.sdc(58): Argument <from> is an empty collection File: E:/DE1_SoC_Project/unsaved/synthesis/submodules/unsaved_hps_1_fpga_interfaces.sdc Line: 58
    Info (332050): set_false_path -from [get_registers {*fpga_interfaces|f2sdram~FF_4501}] File: E:/DE1_SoC_Project/unsaved/synthesis/submodules/unsaved_hps_1_fpga_interfaces.sdc Line: 58
Warning (332174): Ignored filter at unsaved_hps_1_fpga_interfaces.sdc(59): *fpga_interfaces|f2sdram~FF_4502 could not be matched with a register File: E:/DE1_SoC_Project/unsaved/synthesis/submodules/unsaved_hps_1_fpga_interfaces.sdc Line: 59
Warning (332049): Ignored set_false_path at unsaved_hps_1_fpga_interfaces.sdc(59): Argument <from> is an empty collection File: E:/DE1_SoC_Project/unsaved/synthesis/submodules/unsaved_hps_1_fpga_interfaces.sdc Line: 59
    Info (332050): set_false_path -from [get_registers {*fpga_interfaces|f2sdram~FF_4502}] File: E:/DE1_SoC_Project/unsaved/synthesis/submodules/unsaved_hps_1_fpga_interfaces.sdc Line: 59
Warning (332174): Ignored filter at unsaved_hps_1_fpga_interfaces.sdc(60): *fpga_interfaces|f2sdram~FF_4503 could not be matched with a register File: E:/DE1_SoC_Project/unsaved/synthesis/submodules/unsaved_hps_1_fpga_interfaces.sdc Line: 60
Warning (332049): Ignored set_false_path at unsaved_hps_1_fpga_interfaces.sdc(60): Argument <from> is an empty collection File: E:/DE1_SoC_Project/unsaved/synthesis/submodules/unsaved_hps_1_fpga_interfaces.sdc Line: 60
    Info (332050): set_false_path -from [get_registers {*fpga_interfaces|f2sdram~FF_4503}] File: E:/DE1_SoC_Project/unsaved/synthesis/submodules/unsaved_hps_1_fpga_interfaces.sdc Line: 60
Warning (332174): Ignored filter at unsaved_hps_1_fpga_interfaces.sdc(61): *fpga_interfaces|f2sdram~FF_4504 could not be matched with a register File: E:/DE1_SoC_Project/unsaved/synthesis/submodules/unsaved_hps_1_fpga_interfaces.sdc Line: 61
Warning (332049): Ignored set_false_path at unsaved_hps_1_fpga_interfaces.sdc(61): Argument <from> is an empty collection File: E:/DE1_SoC_Project/unsaved/synthesis/submodules/unsaved_hps_1_fpga_interfaces.sdc Line: 61
    Info (332050): set_false_path -from [get_registers {*fpga_interfaces|f2sdram~FF_4504}] File: E:/DE1_SoC_Project/unsaved/synthesis/submodules/unsaved_hps_1_fpga_interfaces.sdc Line: 61
Warning (332174): Ignored filter at unsaved_hps_1_fpga_interfaces.sdc(62): *fpga_interfaces|f2sdram~FF_4505 could not be matched with a register File: E:/DE1_SoC_Project/unsaved/synthesis/submodules/unsaved_hps_1_fpga_interfaces.sdc Line: 62
Warning (332049): Ignored set_false_path at unsaved_hps_1_fpga_interfaces.sdc(62): Argument <from> is an empty collection File: E:/DE1_SoC_Project/unsaved/synthesis/submodules/unsaved_hps_1_fpga_interfaces.sdc Line: 62
    Info (332050): set_false_path -from [get_registers {*fpga_interfaces|f2sdram~FF_4505}] File: E:/DE1_SoC_Project/unsaved/synthesis/submodules/unsaved_hps_1_fpga_interfaces.sdc Line: 62
Warning (332174): Ignored filter at unsaved_hps_1_fpga_interfaces.sdc(63): *fpga_interfaces|f2sdram~FF_4506 could not be matched with a register File: E:/DE1_SoC_Project/unsaved/synthesis/submodules/unsaved_hps_1_fpga_interfaces.sdc Line: 63
Warning (332049): Ignored set_false_path at unsaved_hps_1_fpga_interfaces.sdc(63): Argument <from> is an empty collection File: E:/DE1_SoC_Project/unsaved/synthesis/submodules/unsaved_hps_1_fpga_interfaces.sdc Line: 63
    Info (332050): set_false_path -from [get_registers {*fpga_interfaces|f2sdram~FF_4506}] File: E:/DE1_SoC_Project/unsaved/synthesis/submodules/unsaved_hps_1_fpga_interfaces.sdc Line: 63
Warning (332174): Ignored filter at unsaved_hps_1_fpga_interfaces.sdc(64): *fpga_interfaces|f2sdram~FF_1054 could not be matched with a register File: E:/DE1_SoC_Project/unsaved/synthesis/submodules/unsaved_hps_1_fpga_interfaces.sdc Line: 64
Warning (332049): Ignored set_false_path at unsaved_hps_1_fpga_interfaces.sdc(64): Argument <to> is an empty collection File: E:/DE1_SoC_Project/unsaved/synthesis/submodules/unsaved_hps_1_fpga_interfaces.sdc Line: 64
    Info (332050): set_false_path -to [get_registers {*fpga_interfaces|f2sdram~FF_1054}] File: E:/DE1_SoC_Project/unsaved/synthesis/submodules/unsaved_hps_1_fpga_interfaces.sdc Line: 64
Warning (332174): Ignored filter at unsaved_hps_1_fpga_interfaces.sdc(65): *fpga_interfaces|f2sdram~FF_1055 could not be matched with a register File: E:/DE1_SoC_Project/unsaved/synthesis/submodules/unsaved_hps_1_fpga_interfaces.sdc Line: 65
Warning (332049): Ignored set_false_path at unsaved_hps_1_fpga_interfaces.sdc(65): Argument <to> is an empty collection File: E:/DE1_SoC_Project/unsaved/synthesis/submodules/unsaved_hps_1_fpga_interfaces.sdc Line: 65
    Info (332050): set_false_path -to [get_registers {*fpga_interfaces|f2sdram~FF_1055}] File: E:/DE1_SoC_Project/unsaved/synthesis/submodules/unsaved_hps_1_fpga_interfaces.sdc Line: 65
Warning (332174): Ignored filter at unsaved_hps_1_fpga_interfaces.sdc(66): *fpga_interfaces|f2sdram~FF_1056 could not be matched with a register File: E:/DE1_SoC_Project/unsaved/synthesis/submodules/unsaved_hps_1_fpga_interfaces.sdc Line: 66
Warning (332049): Ignored set_false_path at unsaved_hps_1_fpga_interfaces.sdc(66): Argument <to> is an empty collection File: E:/DE1_SoC_Project/unsaved/synthesis/submodules/unsaved_hps_1_fpga_interfaces.sdc Line: 66
    Info (332050): set_false_path -to [get_registers {*fpga_interfaces|f2sdram~FF_1056}] File: E:/DE1_SoC_Project/unsaved/synthesis/submodules/unsaved_hps_1_fpga_interfaces.sdc Line: 66
Warning (332174): Ignored filter at unsaved_hps_1_fpga_interfaces.sdc(67): *fpga_interfaces|f2sdram~FF_1057 could not be matched with a register File: E:/DE1_SoC_Project/unsaved/synthesis/submodules/unsaved_hps_1_fpga_interfaces.sdc Line: 67
Warning (332049): Ignored set_false_path at unsaved_hps_1_fpga_interfaces.sdc(67): Argument <to> is an empty collection File: E:/DE1_SoC_Project/unsaved/synthesis/submodules/unsaved_hps_1_fpga_interfaces.sdc Line: 67
    Info (332050): set_false_path -to [get_registers {*fpga_interfaces|f2sdram~FF_1057}] File: E:/DE1_SoC_Project/unsaved/synthesis/submodules/unsaved_hps_1_fpga_interfaces.sdc Line: 67
Warning (332174): Ignored filter at unsaved_hps_1_fpga_interfaces.sdc(68): *fpga_interfaces|f2sdram~FF_1118 could not be matched with a register File: E:/DE1_SoC_Project/unsaved/synthesis/submodules/unsaved_hps_1_fpga_interfaces.sdc Line: 68
Warning (332049): Ignored set_false_path at unsaved_hps_1_fpga_interfaces.sdc(68): Argument <to> is an empty collection File: E:/DE1_SoC_Project/unsaved/synthesis/submodules/unsaved_hps_1_fpga_interfaces.sdc Line: 68
    Info (332050): set_false_path -to [get_registers {*fpga_interfaces|f2sdram~FF_1118}] File: E:/DE1_SoC_Project/unsaved/synthesis/submodules/unsaved_hps_1_fpga_interfaces.sdc Line: 68
Warning (332174): Ignored filter at unsaved_hps_1_fpga_interfaces.sdc(69): *fpga_interfaces|f2sdram~FF_1119 could not be matched with a register File: E:/DE1_SoC_Project/unsaved/synthesis/submodules/unsaved_hps_1_fpga_interfaces.sdc Line: 69
Warning (332049): Ignored set_false_path at unsaved_hps_1_fpga_interfaces.sdc(69): Argument <to> is an empty collection File: E:/DE1_SoC_Project/unsaved/synthesis/submodules/unsaved_hps_1_fpga_interfaces.sdc Line: 69
    Info (332050): set_false_path -to [get_registers {*fpga_interfaces|f2sdram~FF_1119}] File: E:/DE1_SoC_Project/unsaved/synthesis/submodules/unsaved_hps_1_fpga_interfaces.sdc Line: 69
Warning (332174): Ignored filter at unsaved_hps_1_fpga_interfaces.sdc(70): *fpga_interfaces|f2sdram~FF_1120 could not be matched with a register File: E:/DE1_SoC_Project/unsaved/synthesis/submodules/unsaved_hps_1_fpga_interfaces.sdc Line: 70
Warning (332049): Ignored set_false_path at unsaved_hps_1_fpga_interfaces.sdc(70): Argument <to> is an empty collection File: E:/DE1_SoC_Project/unsaved/synthesis/submodules/unsaved_hps_1_fpga_interfaces.sdc Line: 70
    Info (332050): set_false_path -to [get_registers {*fpga_interfaces|f2sdram~FF_1120}] File: E:/DE1_SoC_Project/unsaved/synthesis/submodules/unsaved_hps_1_fpga_interfaces.sdc Line: 70
Warning (332174): Ignored filter at unsaved_hps_1_fpga_interfaces.sdc(71): *fpga_interfaces|f2sdram~FF_1121 could not be matched with a register File: E:/DE1_SoC_Project/unsaved/synthesis/submodules/unsaved_hps_1_fpga_interfaces.sdc Line: 71
Warning (332049): Ignored set_false_path at unsaved_hps_1_fpga_interfaces.sdc(71): Argument <to> is an empty collection File: E:/DE1_SoC_Project/unsaved/synthesis/submodules/unsaved_hps_1_fpga_interfaces.sdc Line: 71
    Info (332050): set_false_path -to [get_registers {*fpga_interfaces|f2sdram~FF_1121}] File: E:/DE1_SoC_Project/unsaved/synthesis/submodules/unsaved_hps_1_fpga_interfaces.sdc Line: 71
Warning (332174): Ignored filter at unsaved_hps_1_fpga_interfaces.sdc(72): *fpga_interfaces|f2sdram~FF_3405 could not be matched with a register File: E:/DE1_SoC_Project/unsaved/synthesis/submodules/unsaved_hps_1_fpga_interfaces.sdc Line: 72
Warning (332049): Ignored set_false_path at unsaved_hps_1_fpga_interfaces.sdc(72): Argument <to> is an empty collection File: E:/DE1_SoC_Project/unsaved/synthesis/submodules/unsaved_hps_1_fpga_interfaces.sdc Line: 72
    Info (332050): set_false_path -to [get_registers {*fpga_interfaces|f2sdram~FF_3405}] File: E:/DE1_SoC_Project/unsaved/synthesis/submodules/unsaved_hps_1_fpga_interfaces.sdc Line: 72
Warning (332174): Ignored filter at unsaved_hps_1_fpga_interfaces.sdc(73): *fpga_interfaces|f2sdram~FF_3408 could not be matched with a register File: E:/DE1_SoC_Project/unsaved/synthesis/submodules/unsaved_hps_1_fpga_interfaces.sdc Line: 73
Warning (332049): Ignored set_false_path at unsaved_hps_1_fpga_interfaces.sdc(73): Argument <to> is an empty collection File: E:/DE1_SoC_Project/unsaved/synthesis/submodules/unsaved_hps_1_fpga_interfaces.sdc Line: 73
    Info (332050): set_false_path -to [get_registers {*fpga_interfaces|f2sdram~FF_3408}] File: E:/DE1_SoC_Project/unsaved/synthesis/submodules/unsaved_hps_1_fpga_interfaces.sdc Line: 73
Warning (332174): Ignored filter at unsaved_hps_1_fpga_interfaces.sdc(74): *fpga_interfaces|f2sdram~FF_3409 could not be matched with a register File: E:/DE1_SoC_Project/unsaved/synthesis/submodules/unsaved_hps_1_fpga_interfaces.sdc Line: 74
Warning (332049): Ignored set_false_path at unsaved_hps_1_fpga_interfaces.sdc(74): Argument <to> is an empty collection File: E:/DE1_SoC_Project/unsaved/synthesis/submodules/unsaved_hps_1_fpga_interfaces.sdc Line: 74
    Info (332050): set_false_path -to [get_registers {*fpga_interfaces|f2sdram~FF_3409}] File: E:/DE1_SoC_Project/unsaved/synthesis/submodules/unsaved_hps_1_fpga_interfaces.sdc Line: 74
Warning (332174): Ignored filter at unsaved_hps_1_fpga_interfaces.sdc(75): *fpga_interfaces|f2sdram~FF_3410 could not be matched with a register File: E:/DE1_SoC_Project/unsaved/synthesis/submodules/unsaved_hps_1_fpga_interfaces.sdc Line: 75
Warning (332049): Ignored set_false_path at unsaved_hps_1_fpga_interfaces.sdc(75): Argument <to> is an empty collection File: E:/DE1_SoC_Project/unsaved/synthesis/submodules/unsaved_hps_1_fpga_interfaces.sdc Line: 75
    Info (332050): set_false_path -to [get_registers {*fpga_interfaces|f2sdram~FF_3410}] File: E:/DE1_SoC_Project/unsaved/synthesis/submodules/unsaved_hps_1_fpga_interfaces.sdc Line: 75
Warning (332174): Ignored filter at unsaved_hps_1_fpga_interfaces.sdc(76): *fpga_interfaces|f2sdram~FF_3414 could not be matched with a register File: E:/DE1_SoC_Project/unsaved/synthesis/submodules/unsaved_hps_1_fpga_interfaces.sdc Line: 76
Warning (332049): Ignored set_false_path at unsaved_hps_1_fpga_interfaces.sdc(76): Argument <to> is an empty collection File: E:/DE1_SoC_Project/unsaved/synthesis/submodules/unsaved_hps_1_fpga_interfaces.sdc Line: 76
    Info (332050): set_false_path -to [get_registers {*fpga_interfaces|f2sdram~FF_3414}] File: E:/DE1_SoC_Project/unsaved/synthesis/submodules/unsaved_hps_1_fpga_interfaces.sdc Line: 76
Warning (332174): Ignored filter at unsaved_hps_1_fpga_interfaces.sdc(77): *fpga_interfaces|f2sdram~FF_3417 could not be matched with a register File: E:/DE1_SoC_Project/unsaved/synthesis/submodules/unsaved_hps_1_fpga_interfaces.sdc Line: 77
Warning (332049): Ignored set_false_path at unsaved_hps_1_fpga_interfaces.sdc(77): Argument <to> is an empty collection File: E:/DE1_SoC_Project/unsaved/synthesis/submodules/unsaved_hps_1_fpga_interfaces.sdc Line: 77
    Info (332050): set_false_path -to [get_registers {*fpga_interfaces|f2sdram~FF_3417}] File: E:/DE1_SoC_Project/unsaved/synthesis/submodules/unsaved_hps_1_fpga_interfaces.sdc Line: 77
Warning (332174): Ignored filter at unsaved_hps_1_fpga_interfaces.sdc(78): *fpga_interfaces|f2sdram~FF_3418 could not be matched with a register File: E:/DE1_SoC_Project/unsaved/synthesis/submodules/unsaved_hps_1_fpga_interfaces.sdc Line: 78
Warning (332049): Ignored set_false_path at unsaved_hps_1_fpga_interfaces.sdc(78): Argument <to> is an empty collection File: E:/DE1_SoC_Project/unsaved/synthesis/submodules/unsaved_hps_1_fpga_interfaces.sdc Line: 78
    Info (332050): set_false_path -to [get_registers {*fpga_interfaces|f2sdram~FF_3418}] File: E:/DE1_SoC_Project/unsaved/synthesis/submodules/unsaved_hps_1_fpga_interfaces.sdc Line: 78
Warning (332174): Ignored filter at unsaved_hps_1_fpga_interfaces.sdc(79): *fpga_interfaces|f2sdram~FF_3419 could not be matched with a register File: E:/DE1_SoC_Project/unsaved/synthesis/submodules/unsaved_hps_1_fpga_interfaces.sdc Line: 79
Warning (332049): Ignored set_false_path at unsaved_hps_1_fpga_interfaces.sdc(79): Argument <to> is an empty collection File: E:/DE1_SoC_Project/unsaved/synthesis/submodules/unsaved_hps_1_fpga_interfaces.sdc Line: 79
    Info (332050): set_false_path -to [get_registers {*fpga_interfaces|f2sdram~FF_3419}] File: E:/DE1_SoC_Project/unsaved/synthesis/submodules/unsaved_hps_1_fpga_interfaces.sdc Line: 79
Warning (332174): Ignored filter at unsaved_hps_1_fpga_interfaces.sdc(80): *fpga_interfaces|f2sdram~FF_798 could not be matched with a register File: E:/DE1_SoC_Project/unsaved/synthesis/submodules/unsaved_hps_1_fpga_interfaces.sdc Line: 80
Warning (332049): Ignored set_false_path at unsaved_hps_1_fpga_interfaces.sdc(80): Argument <to> is an empty collection File: E:/DE1_SoC_Project/unsaved/synthesis/submodules/unsaved_hps_1_fpga_interfaces.sdc Line: 80
    Info (332050): set_false_path -to [get_registers {*fpga_interfaces|f2sdram~FF_798}] File: E:/DE1_SoC_Project/unsaved/synthesis/submodules/unsaved_hps_1_fpga_interfaces.sdc Line: 80
Warning (332174): Ignored filter at unsaved_hps_1_fpga_interfaces.sdc(81): *fpga_interfaces|f2sdram~FF_799 could not be matched with a register File: E:/DE1_SoC_Project/unsaved/synthesis/submodules/unsaved_hps_1_fpga_interfaces.sdc Line: 81
Warning (332049): Ignored set_false_path at unsaved_hps_1_fpga_interfaces.sdc(81): Argument <to> is an empty collection File: E:/DE1_SoC_Project/unsaved/synthesis/submodules/unsaved_hps_1_fpga_interfaces.sdc Line: 81
    Info (332050): set_false_path -to [get_registers {*fpga_interfaces|f2sdram~FF_799}] File: E:/DE1_SoC_Project/unsaved/synthesis/submodules/unsaved_hps_1_fpga_interfaces.sdc Line: 81
Warning (332174): Ignored filter at unsaved_hps_1_fpga_interfaces.sdc(82): *fpga_interfaces|f2sdram~FF_800 could not be matched with a register File: E:/DE1_SoC_Project/unsaved/synthesis/submodules/unsaved_hps_1_fpga_interfaces.sdc Line: 82
Warning (332049): Ignored set_false_path at unsaved_hps_1_fpga_interfaces.sdc(82): Argument <to> is an empty collection File: E:/DE1_SoC_Project/unsaved/synthesis/submodules/unsaved_hps_1_fpga_interfaces.sdc Line: 82
    Info (332050): set_false_path -to [get_registers {*fpga_interfaces|f2sdram~FF_800}] File: E:/DE1_SoC_Project/unsaved/synthesis/submodules/unsaved_hps_1_fpga_interfaces.sdc Line: 82
Warning (332174): Ignored filter at unsaved_hps_1_fpga_interfaces.sdc(83): *fpga_interfaces|f2sdram~FF_801 could not be matched with a register File: E:/DE1_SoC_Project/unsaved/synthesis/submodules/unsaved_hps_1_fpga_interfaces.sdc Line: 83
Warning (332049): Ignored set_false_path at unsaved_hps_1_fpga_interfaces.sdc(83): Argument <to> is an empty collection File: E:/DE1_SoC_Project/unsaved/synthesis/submodules/unsaved_hps_1_fpga_interfaces.sdc Line: 83
    Info (332050): set_false_path -to [get_registers {*fpga_interfaces|f2sdram~FF_801}] File: E:/DE1_SoC_Project/unsaved/synthesis/submodules/unsaved_hps_1_fpga_interfaces.sdc Line: 83
Warning (332174): Ignored filter at unsaved_hps_1_fpga_interfaces.sdc(84): *fpga_interfaces|f2sdram~FF_862 could not be matched with a register File: E:/DE1_SoC_Project/unsaved/synthesis/submodules/unsaved_hps_1_fpga_interfaces.sdc Line: 84
Warning (332049): Ignored set_false_path at unsaved_hps_1_fpga_interfaces.sdc(84): Argument <to> is an empty collection File: E:/DE1_SoC_Project/unsaved/synthesis/submodules/unsaved_hps_1_fpga_interfaces.sdc Line: 84
    Info (332050): set_false_path -to [get_registers {*fpga_interfaces|f2sdram~FF_862}] File: E:/DE1_SoC_Project/unsaved/synthesis/submodules/unsaved_hps_1_fpga_interfaces.sdc Line: 84
Warning (332174): Ignored filter at unsaved_hps_1_fpga_interfaces.sdc(85): *fpga_interfaces|f2sdram~FF_863 could not be matched with a register File: E:/DE1_SoC_Project/unsaved/synthesis/submodules/unsaved_hps_1_fpga_interfaces.sdc Line: 85
Warning (332049): Ignored set_false_path at unsaved_hps_1_fpga_interfaces.sdc(85): Argument <to> is an empty collection File: E:/DE1_SoC_Project/unsaved/synthesis/submodules/unsaved_hps_1_fpga_interfaces.sdc Line: 85
    Info (332050): set_false_path -to [get_registers {*fpga_interfaces|f2sdram~FF_863}] File: E:/DE1_SoC_Project/unsaved/synthesis/submodules/unsaved_hps_1_fpga_interfaces.sdc Line: 85
Warning (332174): Ignored filter at unsaved_hps_1_fpga_interfaces.sdc(86): *fpga_interfaces|f2sdram~FF_864 could not be matched with a register File: E:/DE1_SoC_Project/unsaved/synthesis/submodules/unsaved_hps_1_fpga_interfaces.sdc Line: 86
Warning (332049): Ignored set_false_path at unsaved_hps_1_fpga_interfaces.sdc(86): Argument <to> is an empty collection File: E:/DE1_SoC_Project/unsaved/synthesis/submodules/unsaved_hps_1_fpga_interfaces.sdc Line: 86
    Info (332050): set_false_path -to [get_registers {*fpga_interfaces|f2sdram~FF_864}] File: E:/DE1_SoC_Project/unsaved/synthesis/submodules/unsaved_hps_1_fpga_interfaces.sdc Line: 86
Warning (332174): Ignored filter at unsaved_hps_1_fpga_interfaces.sdc(87): *fpga_interfaces|f2sdram~FF_865 could not be matched with a register File: E:/DE1_SoC_Project/unsaved/synthesis/submodules/unsaved_hps_1_fpga_interfaces.sdc Line: 87
Warning (332049): Ignored set_false_path at unsaved_hps_1_fpga_interfaces.sdc(87): Argument <to> is an empty collection File: E:/DE1_SoC_Project/unsaved/synthesis/submodules/unsaved_hps_1_fpga_interfaces.sdc Line: 87
    Info (332050): set_false_path -to [get_registers {*fpga_interfaces|f2sdram~FF_865}] File: E:/DE1_SoC_Project/unsaved/synthesis/submodules/unsaved_hps_1_fpga_interfaces.sdc Line: 87
Warning (332174): Ignored filter at unsaved_hps_1_fpga_interfaces.sdc(88): *fpga_interfaces|f2sdram~FF_926 could not be matched with a register File: E:/DE1_SoC_Project/unsaved/synthesis/submodules/unsaved_hps_1_fpga_interfaces.sdc Line: 88
Warning (332049): Ignored set_false_path at unsaved_hps_1_fpga_interfaces.sdc(88): Argument <to> is an empty collection File: E:/DE1_SoC_Project/unsaved/synthesis/submodules/unsaved_hps_1_fpga_interfaces.sdc Line: 88
    Info (332050): set_false_path -to [get_registers {*fpga_interfaces|f2sdram~FF_926}] File: E:/DE1_SoC_Project/unsaved/synthesis/submodules/unsaved_hps_1_fpga_interfaces.sdc Line: 88
Warning (332174): Ignored filter at unsaved_hps_1_fpga_interfaces.sdc(89): *fpga_interfaces|f2sdram~FF_927 could not be matched with a register File: E:/DE1_SoC_Project/unsaved/synthesis/submodules/unsaved_hps_1_fpga_interfaces.sdc Line: 89
Warning (332049): Ignored set_false_path at unsaved_hps_1_fpga_interfaces.sdc(89): Argument <to> is an empty collection File: E:/DE1_SoC_Project/unsaved/synthesis/submodules/unsaved_hps_1_fpga_interfaces.sdc Line: 89
    Info (332050): set_false_path -to [get_registers {*fpga_interfaces|f2sdram~FF_927}] File: E:/DE1_SoC_Project/unsaved/synthesis/submodules/unsaved_hps_1_fpga_interfaces.sdc Line: 89
Warning (332174): Ignored filter at unsaved_hps_1_fpga_interfaces.sdc(90): *fpga_interfaces|f2sdram~FF_928 could not be matched with a register File: E:/DE1_SoC_Project/unsaved/synthesis/submodules/unsaved_hps_1_fpga_interfaces.sdc Line: 90
Warning (332049): Ignored set_false_path at unsaved_hps_1_fpga_interfaces.sdc(90): Argument <to> is an empty collection File: E:/DE1_SoC_Project/unsaved/synthesis/submodules/unsaved_hps_1_fpga_interfaces.sdc Line: 90
    Info (332050): set_false_path -to [get_registers {*fpga_interfaces|f2sdram~FF_928}] File: E:/DE1_SoC_Project/unsaved/synthesis/submodules/unsaved_hps_1_fpga_interfaces.sdc Line: 90
Warning (332174): Ignored filter at unsaved_hps_1_fpga_interfaces.sdc(91): *fpga_interfaces|f2sdram~FF_929 could not be matched with a register File: E:/DE1_SoC_Project/unsaved/synthesis/submodules/unsaved_hps_1_fpga_interfaces.sdc Line: 91
Warning (332049): Ignored set_false_path at unsaved_hps_1_fpga_interfaces.sdc(91): Argument <to> is an empty collection File: E:/DE1_SoC_Project/unsaved/synthesis/submodules/unsaved_hps_1_fpga_interfaces.sdc Line: 91
    Info (332050): set_false_path -to [get_registers {*fpga_interfaces|f2sdram~FF_929}] File: E:/DE1_SoC_Project/unsaved/synthesis/submodules/unsaved_hps_1_fpga_interfaces.sdc Line: 91
Warning (332174): Ignored filter at unsaved_hps_1_fpga_interfaces.sdc(92): *fpga_interfaces|f2sdram~FF_990 could not be matched with a register File: E:/DE1_SoC_Project/unsaved/synthesis/submodules/unsaved_hps_1_fpga_interfaces.sdc Line: 92
Warning (332049): Ignored set_false_path at unsaved_hps_1_fpga_interfaces.sdc(92): Argument <to> is an empty collection File: E:/DE1_SoC_Project/unsaved/synthesis/submodules/unsaved_hps_1_fpga_interfaces.sdc Line: 92
    Info (332050): set_false_path -to [get_registers {*fpga_interfaces|f2sdram~FF_990}] File: E:/DE1_SoC_Project/unsaved/synthesis/submodules/unsaved_hps_1_fpga_interfaces.sdc Line: 92
Warning (332174): Ignored filter at unsaved_hps_1_fpga_interfaces.sdc(93): *fpga_interfaces|f2sdram~FF_991 could not be matched with a register File: E:/DE1_SoC_Project/unsaved/synthesis/submodules/unsaved_hps_1_fpga_interfaces.sdc Line: 93
Warning (332049): Ignored set_false_path at unsaved_hps_1_fpga_interfaces.sdc(93): Argument <to> is an empty collection File: E:/DE1_SoC_Project/unsaved/synthesis/submodules/unsaved_hps_1_fpga_interfaces.sdc Line: 93
    Info (332050): set_false_path -to [get_registers {*fpga_interfaces|f2sdram~FF_991}] File: E:/DE1_SoC_Project/unsaved/synthesis/submodules/unsaved_hps_1_fpga_interfaces.sdc Line: 93
Warning (332174): Ignored filter at unsaved_hps_1_fpga_interfaces.sdc(94): *fpga_interfaces|f2sdram~FF_992 could not be matched with a register File: E:/DE1_SoC_Project/unsaved/synthesis/submodules/unsaved_hps_1_fpga_interfaces.sdc Line: 94
Warning (332049): Ignored set_false_path at unsaved_hps_1_fpga_interfaces.sdc(94): Argument <to> is an empty collection File: E:/DE1_SoC_Project/unsaved/synthesis/submodules/unsaved_hps_1_fpga_interfaces.sdc Line: 94
    Info (332050): set_false_path -to [get_registers {*fpga_interfaces|f2sdram~FF_992}] File: E:/DE1_SoC_Project/unsaved/synthesis/submodules/unsaved_hps_1_fpga_interfaces.sdc Line: 94
Warning (332174): Ignored filter at unsaved_hps_1_fpga_interfaces.sdc(95): *fpga_interfaces|f2sdram~FF_993 could not be matched with a register File: E:/DE1_SoC_Project/unsaved/synthesis/submodules/unsaved_hps_1_fpga_interfaces.sdc Line: 95
Warning (332049): Ignored set_false_path at unsaved_hps_1_fpga_interfaces.sdc(95): Argument <to> is an empty collection File: E:/DE1_SoC_Project/unsaved/synthesis/submodules/unsaved_hps_1_fpga_interfaces.sdc Line: 95
    Info (332050): set_false_path -to [get_registers {*fpga_interfaces|f2sdram~FF_993}] File: E:/DE1_SoC_Project/unsaved/synthesis/submodules/unsaved_hps_1_fpga_interfaces.sdc Line: 95
Info (332104): Reading SDC File: 'e:/de1_soc_project/db/ip/unsaved/submodules/altera_avalon_st_handshake_clock_crosser.sdc'
Warning (332049): Ignored set_max_delay at altera_avalon_st_handshake_clock_crosser.sdc(32): Argument <from> is an empty collection File: E:/DE1_SoC_Project/db/ip/unsaved/submodules/altera_avalon_st_handshake_clock_crosser.sdc Line: 32
    Info (332050): set_max_delay -from [get_registers *${crosser_entity}*|in_data_buffer* ] -to [get_registers *${crosser_entity}*|out_data_buffer* ] 100 File: E:/DE1_SoC_Project/db/ip/unsaved/submodules/altera_avalon_st_handshake_clock_crosser.sdc Line: 32
Warning (332049): Ignored set_max_delay at altera_avalon_st_handshake_clock_crosser.sdc(32): Argument <to> is an empty collection File: E:/DE1_SoC_Project/db/ip/unsaved/submodules/altera_avalon_st_handshake_clock_crosser.sdc Line: 32
Warning (332049): Ignored set_min_delay at altera_avalon_st_handshake_clock_crosser.sdc(33): Argument <from> is an empty collection File: E:/DE1_SoC_Project/db/ip/unsaved/submodules/altera_avalon_st_handshake_clock_crosser.sdc Line: 33
    Info (332050): set_min_delay -from [get_registers *${crosser_entity}*|in_data_buffer* ] -to [get_registers *${crosser_entity}*|out_data_buffer* ] -100 File: E:/DE1_SoC_Project/db/ip/unsaved/submodules/altera_avalon_st_handshake_clock_crosser.sdc Line: 33
Warning (332049): Ignored set_min_delay at altera_avalon_st_handshake_clock_crosser.sdc(33): Argument <to> is an empty collection File: E:/DE1_SoC_Project/db/ip/unsaved/submodules/altera_avalon_st_handshake_clock_crosser.sdc Line: 33
Warning (332049): Ignored set_net_delay at altera_avalon_st_handshake_clock_crosser.sdc(43): argument -from with value [get_registers {*altera_avalon_st_clock_crosser:*|in_data_buffer*}] contains zero elements File: E:/DE1_SoC_Project/db/ip/unsaved/submodules/altera_avalon_st_handshake_clock_crosser.sdc Line: 43
    Info (332050): set_net_delay -from [get_registers *${crosser_entity}*|in_data_buffer* ] -to [get_registers *${crosser_entity}*|out_data_buffer* ] -max 2 File: E:/DE1_SoC_Project/db/ip/unsaved/submodules/altera_avalon_st_handshake_clock_crosser.sdc Line: 43
Info (332104): Reading SDC File: 'e:/de1_soc_project/db/ip/unsaved/submodules/altera_reset_controller.sdc'
Info (332104): Reading SDC File: 'e:/de1_soc_project/db/ip/unsaved/submodules/hps_sdram_p0.sdc'
Info (332151): Clock uncertainty is not calculated until you update the timing netlist.
Warning (114001): Time value "2.49975 ns" truncated to "2.499 ns"
Warning (114001): Time value "2.49975 ns" truncated to "2.499 ns"
Warning (114001): Time value "4.16625 ns" truncated to "4.166 ns"
Warning (114001): Time value "4.16625 ns" truncated to "4.166 ns"
Warning (332043): Overwriting existing clock: unsaved:u0|unsaved_hps_1:hps_1|unsaved_hps_1_hps_io:hps_io|unsaved_hps_1_hps_io_border:border|hps_sdram:hps_sdram_inst|hps_sdram_pll:pll|pll_write_clk_dq_write_clk
Warning (114001): Time value "1.6665 ns" truncated to "1.666 ns"
Warning (114001): Time value "1.6665 ns" truncated to "1.666 ns"
Warning (332043): Overwriting existing clock: unsaved:u0|unsaved_hps_1:hps_1|unsaved_hps_1_hps_io:hps_io|unsaved_hps_1_hps_io_border:border|hps_sdram:hps_sdram_inst|hps_sdram_pll:pll|afi_clk_write_clk
Warning (332043): Overwriting existing clock: u0|hps_1|hps_io|border|hps_sdram_inst|hps_sdram_p0_sampling_clock
Warning (332043): Overwriting existing clock: HPS_DDR3_CK_P
Warning (332043): Overwriting existing clock: HPS_DDR3_CK_N
Warning (332043): Overwriting existing clock: HPS_DDR3_DQS_P_IN
Warning (332043): Overwriting existing clock: HPS_DDR3_DQS_P_OUT
Warning (332043): Overwriting existing clock: HPS_DDR3_DQS_N_OUT
Warning (332174): Ignored filter at hps_sdram_p0.sdc(551): *:u0|*:hps_1|*:hps_io|*:border|*:hps_sdram_inst|*s0|* could not be matched with a clock or keeper or register or port or pin or cell or partition File: E:/DE1_SoC_Project/db/ip/unsaved/submodules/hps_sdram_p0.sdc Line: 551
Warning (332049): Ignored set_false_path at hps_sdram_p0.sdc(551): Argument <from> is not an object ID File: E:/DE1_SoC_Project/db/ip/unsaved/submodules/hps_sdram_p0.sdc Line: 551
    Info (332050): set_false_path -from ${prefix}|*s0|* -to [get_clocks $local_pll_write_clk] File: E:/DE1_SoC_Project/db/ip/unsaved/submodules/hps_sdram_p0.sdc Line: 551
Warning (332174): Ignored filter at hps_sdram_p0.sdc(552): *:u0|*:hps_1|*:hps_io|*:border|*:hps_sdram_inst|*s0|*hphy_bridge_s0_translator|av_readdata_pre[*] could not be matched with a clock or keeper or register or port or pin or cell or partition File: E:/DE1_SoC_Project/db/ip/unsaved/submodules/hps_sdram_p0.sdc Line: 552
Warning (332049): Ignored set_false_path at hps_sdram_p0.sdc(552): Argument <to> is not an object ID File: E:/DE1_SoC_Project/db/ip/unsaved/submodules/hps_sdram_p0.sdc Line: 552
    Info (332050): set_false_path -from [get_clocks $local_pll_write_clk] -to ${prefix}|*s0|*hphy_bridge_s0_translator|av_readdata_pre[*] File: E:/DE1_SoC_Project/db/ip/unsaved/submodules/hps_sdram_p0.sdc Line: 552
Info (332104): Reading SDC File: 'e:/de1_soc_project/db/ip/unsaved/submodules/unsaved_hps_1_fpga_interfaces.sdc'
Warning (332049): Ignored set_false_path at unsaved_hps_1_fpga_interfaces.sdc(3): Argument <from> is an empty collection File: E:/DE1_SoC_Project/db/ip/unsaved/submodules/unsaved_hps_1_fpga_interfaces.sdc Line: 3
    Info (332050): set_false_path -from [get_registers {*fpga_interfaces|f2sdram~FF_3768}] File: E:/DE1_SoC_Project/db/ip/unsaved/submodules/unsaved_hps_1_fpga_interfaces.sdc Line: 3
Warning (332049): Ignored set_false_path at unsaved_hps_1_fpga_interfaces.sdc(4): Argument <from> is an empty collection File: E:/DE1_SoC_Project/db/ip/unsaved/submodules/unsaved_hps_1_fpga_interfaces.sdc Line: 4
    Info (332050): set_false_path -from [get_registers {*fpga_interfaces|f2sdram~FF_3769}] File: E:/DE1_SoC_Project/db/ip/unsaved/submodules/unsaved_hps_1_fpga_interfaces.sdc Line: 4
Warning (332049): Ignored set_false_path at unsaved_hps_1_fpga_interfaces.sdc(5): Argument <from> is an empty collection File: E:/DE1_SoC_Project/db/ip/unsaved/submodules/unsaved_hps_1_fpga_interfaces.sdc Line: 5
    Info (332050): set_false_path -from [get_registers {*fpga_interfaces|f2sdram~FF_3770}] File: E:/DE1_SoC_Project/db/ip/unsaved/submodules/unsaved_hps_1_fpga_interfaces.sdc Line: 5
Warning (332049): Ignored set_false_path at unsaved_hps_1_fpga_interfaces.sdc(6): Argument <from> is an empty collection File: E:/DE1_SoC_Project/db/ip/unsaved/submodules/unsaved_hps_1_fpga_interfaces.sdc Line: 6
    Info (332050): set_false_path -from [get_registers {*fpga_interfaces|f2sdram~FF_3771}] File: E:/DE1_SoC_Project/db/ip/unsaved/submodules/unsaved_hps_1_fpga_interfaces.sdc Line: 6
Warning (332049): Ignored set_false_path at unsaved_hps_1_fpga_interfaces.sdc(7): Argument <from> is an empty collection File: E:/DE1_SoC_Project/db/ip/unsaved/submodules/unsaved_hps_1_fpga_interfaces.sdc Line: 7
    Info (332050): set_false_path -from [get_registers {*fpga_interfaces|f2sdram~FF_3773}] File: E:/DE1_SoC_Project/db/ip/unsaved/submodules/unsaved_hps_1_fpga_interfaces.sdc Line: 7
Warning (332049): Ignored set_false_path at unsaved_hps_1_fpga_interfaces.sdc(8): Argument <from> is an empty collection File: E:/DE1_SoC_Project/db/ip/unsaved/submodules/unsaved_hps_1_fpga_interfaces.sdc Line: 8
    Info (332050): set_false_path -from [get_registers {*fpga_interfaces|f2sdram~FF_3774}] File: E:/DE1_SoC_Project/db/ip/unsaved/submodules/unsaved_hps_1_fpga_interfaces.sdc Line: 8
Warning (332049): Ignored set_false_path at unsaved_hps_1_fpga_interfaces.sdc(9): Argument <from> is an empty collection File: E:/DE1_SoC_Project/db/ip/unsaved/submodules/unsaved_hps_1_fpga_interfaces.sdc Line: 9
    Info (332050): set_false_path -from [get_registers {*fpga_interfaces|f2sdram~FF_3775}] File: E:/DE1_SoC_Project/db/ip/unsaved/submodules/unsaved_hps_1_fpga_interfaces.sdc Line: 9
Warning (332049): Ignored set_false_path at unsaved_hps_1_fpga_interfaces.sdc(10): Argument <from> is an empty collection File: E:/DE1_SoC_Project/db/ip/unsaved/submodules/unsaved_hps_1_fpga_interfaces.sdc Line: 10
    Info (332050): set_false_path -from [get_registers {*fpga_interfaces|f2sdram~FF_3776}] File: E:/DE1_SoC_Project/db/ip/unsaved/submodules/unsaved_hps_1_fpga_interfaces.sdc Line: 10
Warning (332049): Ignored set_false_path at unsaved_hps_1_fpga_interfaces.sdc(11): Argument <from> is an empty collection File: E:/DE1_SoC_Project/db/ip/unsaved/submodules/unsaved_hps_1_fpga_interfaces.sdc Line: 11
    Info (332050): set_false_path -from [get_registers {*fpga_interfaces|f2sdram~FF_3778}] File: E:/DE1_SoC_Project/db/ip/unsaved/submodules/unsaved_hps_1_fpga_interfaces.sdc Line: 11
Warning (332049): Ignored set_false_path at unsaved_hps_1_fpga_interfaces.sdc(12): Argument <from> is an empty collection File: E:/DE1_SoC_Project/db/ip/unsaved/submodules/unsaved_hps_1_fpga_interfaces.sdc Line: 12
    Info (332050): set_false_path -from [get_registers {*fpga_interfaces|f2sdram~FF_3779}] File: E:/DE1_SoC_Project/db/ip/unsaved/submodules/unsaved_hps_1_fpga_interfaces.sdc Line: 12
Warning (332049): Ignored set_false_path at unsaved_hps_1_fpga_interfaces.sdc(13): Argument <from> is an empty collection File: E:/DE1_SoC_Project/db/ip/unsaved/submodules/unsaved_hps_1_fpga_interfaces.sdc Line: 13
    Info (332050): set_false_path -from [get_registers {*fpga_interfaces|f2sdram~FF_3780}] File: E:/DE1_SoC_Project/db/ip/unsaved/submodules/unsaved_hps_1_fpga_interfaces.sdc Line: 13
Warning (332049): Ignored set_false_path at unsaved_hps_1_fpga_interfaces.sdc(14): Argument <from> is an empty collection File: E:/DE1_SoC_Project/db/ip/unsaved/submodules/unsaved_hps_1_fpga_interfaces.sdc Line: 14
    Info (332050): set_false_path -from [get_registers {*fpga_interfaces|f2sdram~FF_3781}] File: E:/DE1_SoC_Project/db/ip/unsaved/submodules/unsaved_hps_1_fpga_interfaces.sdc Line: 14
Warning (332049): Ignored set_false_path at unsaved_hps_1_fpga_interfaces.sdc(15): Argument <from> is an empty collection File: E:/DE1_SoC_Project/db/ip/unsaved/submodules/unsaved_hps_1_fpga_interfaces.sdc Line: 15
    Info (332050): set_false_path -from [get_registers {*fpga_interfaces|f2sdram~FF_3783}] File: E:/DE1_SoC_Project/db/ip/unsaved/submodules/unsaved_hps_1_fpga_interfaces.sdc Line: 15
Warning (332049): Ignored set_false_path at unsaved_hps_1_fpga_interfaces.sdc(16): Argument <from> is an empty collection File: E:/DE1_SoC_Project/db/ip/unsaved/submodules/unsaved_hps_1_fpga_interfaces.sdc Line: 16
    Info (332050): set_false_path -from [get_registers {*fpga_interfaces|f2sdram~FF_3784}] File: E:/DE1_SoC_Project/db/ip/unsaved/submodules/unsaved_hps_1_fpga_interfaces.sdc Line: 16
Warning (332049): Ignored set_false_path at unsaved_hps_1_fpga_interfaces.sdc(17): Argument <from> is an empty collection File: E:/DE1_SoC_Project/db/ip/unsaved/submodules/unsaved_hps_1_fpga_interfaces.sdc Line: 17
    Info (332050): set_false_path -from [get_registers {*fpga_interfaces|f2sdram~FF_3785}] File: E:/DE1_SoC_Project/db/ip/unsaved/submodules/unsaved_hps_1_fpga_interfaces.sdc Line: 17
Warning (332049): Ignored set_false_path at unsaved_hps_1_fpga_interfaces.sdc(18): Argument <from> is an empty collection File: E:/DE1_SoC_Project/db/ip/unsaved/submodules/unsaved_hps_1_fpga_interfaces.sdc Line: 18
    Info (332050): set_false_path -from [get_registers {*fpga_interfaces|f2sdram~FF_3786}] File: E:/DE1_SoC_Project/db/ip/unsaved/submodules/unsaved_hps_1_fpga_interfaces.sdc Line: 18
Warning (332049): Ignored set_false_path at unsaved_hps_1_fpga_interfaces.sdc(19): Argument <from> is an empty collection File: E:/DE1_SoC_Project/db/ip/unsaved/submodules/unsaved_hps_1_fpga_interfaces.sdc Line: 19
    Info (332050): set_false_path -from [get_registers {*fpga_interfaces|f2sdram~FF_3790}] File: E:/DE1_SoC_Project/db/ip/unsaved/submodules/unsaved_hps_1_fpga_interfaces.sdc Line: 19
Warning (332049): Ignored set_false_path at unsaved_hps_1_fpga_interfaces.sdc(20): Argument <from> is an empty collection File: E:/DE1_SoC_Project/db/ip/unsaved/submodules/unsaved_hps_1_fpga_interfaces.sdc Line: 20
    Info (332050): set_false_path -from [get_registers {*fpga_interfaces|f2sdram~FF_3792}] File: E:/DE1_SoC_Project/db/ip/unsaved/submodules/unsaved_hps_1_fpga_interfaces.sdc Line: 20
Warning (332049): Ignored set_false_path at unsaved_hps_1_fpga_interfaces.sdc(21): Argument <from> is an empty collection File: E:/DE1_SoC_Project/db/ip/unsaved/submodules/unsaved_hps_1_fpga_interfaces.sdc Line: 21
    Info (332050): set_false_path -from [get_registers {*fpga_interfaces|f2sdram~FF_3793}] File: E:/DE1_SoC_Project/db/ip/unsaved/submodules/unsaved_hps_1_fpga_interfaces.sdc Line: 21
Warning (332049): Ignored set_false_path at unsaved_hps_1_fpga_interfaces.sdc(22): Argument <from> is an empty collection File: E:/DE1_SoC_Project/db/ip/unsaved/submodules/unsaved_hps_1_fpga_interfaces.sdc Line: 22
    Info (332050): set_false_path -from [get_registers {*fpga_interfaces|f2sdram~FF_3795}] File: E:/DE1_SoC_Project/db/ip/unsaved/submodules/unsaved_hps_1_fpga_interfaces.sdc Line: 22
Warning (332049): Ignored set_false_path at unsaved_hps_1_fpga_interfaces.sdc(23): Argument <from> is an empty collection File: E:/DE1_SoC_Project/db/ip/unsaved/submodules/unsaved_hps_1_fpga_interfaces.sdc Line: 23
    Info (332050): set_false_path -from [get_registers {*fpga_interfaces|f2sdram~FF_3796}] File: E:/DE1_SoC_Project/db/ip/unsaved/submodules/unsaved_hps_1_fpga_interfaces.sdc Line: 23
Warning (332049): Ignored set_false_path at unsaved_hps_1_fpga_interfaces.sdc(24): Argument <from> is an empty collection File: E:/DE1_SoC_Project/db/ip/unsaved/submodules/unsaved_hps_1_fpga_interfaces.sdc Line: 24
    Info (332050): set_false_path -from [get_registers {*fpga_interfaces|f2sdram~FF_3797}] File: E:/DE1_SoC_Project/db/ip/unsaved/submodules/unsaved_hps_1_fpga_interfaces.sdc Line: 24
Warning (332049): Ignored set_false_path at unsaved_hps_1_fpga_interfaces.sdc(25): Argument <from> is an empty collection File: E:/DE1_SoC_Project/db/ip/unsaved/submodules/unsaved_hps_1_fpga_interfaces.sdc Line: 25
    Info (332050): set_false_path -from [get_registers {*fpga_interfaces|f2sdram~FF_3798}] File: E:/DE1_SoC_Project/db/ip/unsaved/submodules/unsaved_hps_1_fpga_interfaces.sdc Line: 25
Warning (332049): Ignored set_false_path at unsaved_hps_1_fpga_interfaces.sdc(26): Argument <from> is an empty collection File: E:/DE1_SoC_Project/db/ip/unsaved/submodules/unsaved_hps_1_fpga_interfaces.sdc Line: 26
    Info (332050): set_false_path -from [get_registers {*fpga_interfaces|f2sdram~FF_3799}] File: E:/DE1_SoC_Project/db/ip/unsaved/submodules/unsaved_hps_1_fpga_interfaces.sdc Line: 26
Warning (332049): Ignored set_false_path at unsaved_hps_1_fpga_interfaces.sdc(27): Argument <from> is an empty collection File: E:/DE1_SoC_Project/db/ip/unsaved/submodules/unsaved_hps_1_fpga_interfaces.sdc Line: 27
    Info (332050): set_false_path -from [get_registers {*fpga_interfaces|f2sdram~FF_3800}] File: E:/DE1_SoC_Project/db/ip/unsaved/submodules/unsaved_hps_1_fpga_interfaces.sdc Line: 27
Warning (332049): Ignored set_false_path at unsaved_hps_1_fpga_interfaces.sdc(28): Argument <from> is an empty collection File: E:/DE1_SoC_Project/db/ip/unsaved/submodules/unsaved_hps_1_fpga_interfaces.sdc Line: 28
    Info (332050): set_false_path -from [get_registers {*fpga_interfaces|f2sdram~FF_3802}] File: E:/DE1_SoC_Project/db/ip/unsaved/submodules/unsaved_hps_1_fpga_interfaces.sdc Line: 28
Warning (332049): Ignored set_false_path at unsaved_hps_1_fpga_interfaces.sdc(29): Argument <from> is an empty collection File: E:/DE1_SoC_Project/db/ip/unsaved/submodules/unsaved_hps_1_fpga_interfaces.sdc Line: 29
    Info (332050): set_false_path -from [get_registers {*fpga_interfaces|f2sdram~FF_3803}] File: E:/DE1_SoC_Project/db/ip/unsaved/submodules/unsaved_hps_1_fpga_interfaces.sdc Line: 29
Warning (332049): Ignored set_false_path at unsaved_hps_1_fpga_interfaces.sdc(30): Argument <from> is an empty collection File: E:/DE1_SoC_Project/db/ip/unsaved/submodules/unsaved_hps_1_fpga_interfaces.sdc Line: 30
    Info (332050): set_false_path -from [get_registers {*fpga_interfaces|f2sdram~FF_3805}] File: E:/DE1_SoC_Project/db/ip/unsaved/submodules/unsaved_hps_1_fpga_interfaces.sdc Line: 30
Warning (332049): Ignored set_false_path at unsaved_hps_1_fpga_interfaces.sdc(31): Argument <from> is an empty collection File: E:/DE1_SoC_Project/db/ip/unsaved/submodules/unsaved_hps_1_fpga_interfaces.sdc Line: 31
    Info (332050): set_false_path -from [get_registers {*fpga_interfaces|f2sdram~FF_3806}] File: E:/DE1_SoC_Project/db/ip/unsaved/submodules/unsaved_hps_1_fpga_interfaces.sdc Line: 31
Warning (332049): Ignored set_false_path at unsaved_hps_1_fpga_interfaces.sdc(32): Argument <from> is an empty collection File: E:/DE1_SoC_Project/db/ip/unsaved/submodules/unsaved_hps_1_fpga_interfaces.sdc Line: 32
    Info (332050): set_false_path -from [get_registers {*fpga_interfaces|f2sdram~FF_3808}] File: E:/DE1_SoC_Project/db/ip/unsaved/submodules/unsaved_hps_1_fpga_interfaces.sdc Line: 32
Warning (332049): Ignored set_false_path at unsaved_hps_1_fpga_interfaces.sdc(33): Argument <from> is an empty collection File: E:/DE1_SoC_Project/db/ip/unsaved/submodules/unsaved_hps_1_fpga_interfaces.sdc Line: 33
    Info (332050): set_false_path -from [get_registers {*fpga_interfaces|f2sdram~FF_3809}] File: E:/DE1_SoC_Project/db/ip/unsaved/submodules/unsaved_hps_1_fpga_interfaces.sdc Line: 33
Warning (332049): Ignored set_false_path at unsaved_hps_1_fpga_interfaces.sdc(34): Argument <from> is an empty collection File: E:/DE1_SoC_Project/db/ip/unsaved/submodules/unsaved_hps_1_fpga_interfaces.sdc Line: 34
    Info (332050): set_false_path -from [get_registers {*fpga_interfaces|f2sdram~FF_3811}] File: E:/DE1_SoC_Project/db/ip/unsaved/submodules/unsaved_hps_1_fpga_interfaces.sdc Line: 34
Warning (332049): Ignored set_false_path at unsaved_hps_1_fpga_interfaces.sdc(35): Argument <from> is an empty collection File: E:/DE1_SoC_Project/db/ip/unsaved/submodules/unsaved_hps_1_fpga_interfaces.sdc Line: 35
    Info (332050): set_false_path -from [get_registers {*fpga_interfaces|f2sdram~FF_3812}] File: E:/DE1_SoC_Project/db/ip/unsaved/submodules/unsaved_hps_1_fpga_interfaces.sdc Line: 35
Warning (332049): Ignored set_false_path at unsaved_hps_1_fpga_interfaces.sdc(36): Argument <from> is an empty collection File: E:/DE1_SoC_Project/db/ip/unsaved/submodules/unsaved_hps_1_fpga_interfaces.sdc Line: 36
    Info (332050): set_false_path -from [get_registers {*fpga_interfaces|f2sdram~FF_3813}] File: E:/DE1_SoC_Project/db/ip/unsaved/submodules/unsaved_hps_1_fpga_interfaces.sdc Line: 36
Warning (332049): Ignored set_false_path at unsaved_hps_1_fpga_interfaces.sdc(37): Argument <from> is an empty collection File: E:/DE1_SoC_Project/db/ip/unsaved/submodules/unsaved_hps_1_fpga_interfaces.sdc Line: 37
    Info (332050): set_false_path -from [get_registers {*fpga_interfaces|f2sdram~FF_3815}] File: E:/DE1_SoC_Project/db/ip/unsaved/submodules/unsaved_hps_1_fpga_interfaces.sdc Line: 37
Warning (332049): Ignored set_false_path at unsaved_hps_1_fpga_interfaces.sdc(38): Argument <from> is an empty collection File: E:/DE1_SoC_Project/db/ip/unsaved/submodules/unsaved_hps_1_fpga_interfaces.sdc Line: 38
    Info (332050): set_false_path -from [get_registers {*fpga_interfaces|f2sdram~FF_3816}] File: E:/DE1_SoC_Project/db/ip/unsaved/submodules/unsaved_hps_1_fpga_interfaces.sdc Line: 38
Warning (332049): Ignored set_false_path at unsaved_hps_1_fpga_interfaces.sdc(39): Argument <from> is an empty collection File: E:/DE1_SoC_Project/db/ip/unsaved/submodules/unsaved_hps_1_fpga_interfaces.sdc Line: 39
    Info (332050): set_false_path -from [get_registers {*fpga_interfaces|f2sdram~FF_3817}] File: E:/DE1_SoC_Project/db/ip/unsaved/submodules/unsaved_hps_1_fpga_interfaces.sdc Line: 39
Warning (332049): Ignored set_false_path at unsaved_hps_1_fpga_interfaces.sdc(40): Argument <from> is an empty collection File: E:/DE1_SoC_Project/db/ip/unsaved/submodules/unsaved_hps_1_fpga_interfaces.sdc Line: 40
    Info (332050): set_false_path -from [get_registers {*fpga_interfaces|f2sdram~FF_3818}] File: E:/DE1_SoC_Project/db/ip/unsaved/submodules/unsaved_hps_1_fpga_interfaces.sdc Line: 40
Warning (332049): Ignored set_false_path at unsaved_hps_1_fpga_interfaces.sdc(41): Argument <from> is an empty collection File: E:/DE1_SoC_Project/db/ip/unsaved/submodules/unsaved_hps_1_fpga_interfaces.sdc Line: 41
    Info (332050): set_false_path -from [get_registers {*fpga_interfaces|f2sdram~FF_3820}] File: E:/DE1_SoC_Project/db/ip/unsaved/submodules/unsaved_hps_1_fpga_interfaces.sdc Line: 41
Warning (332049): Ignored set_false_path at unsaved_hps_1_fpga_interfaces.sdc(42): Argument <from> is an empty collection File: E:/DE1_SoC_Project/db/ip/unsaved/submodules/unsaved_hps_1_fpga_interfaces.sdc Line: 42
    Info (332050): set_false_path -from [get_registers {*fpga_interfaces|f2sdram~FF_3821}] File: E:/DE1_SoC_Project/db/ip/unsaved/submodules/unsaved_hps_1_fpga_interfaces.sdc Line: 42
Warning (332049): Ignored set_false_path at unsaved_hps_1_fpga_interfaces.sdc(43): Argument <from> is an empty collection File: E:/DE1_SoC_Project/db/ip/unsaved/submodules/unsaved_hps_1_fpga_interfaces.sdc Line: 43
    Info (332050): set_false_path -from [get_registers {*fpga_interfaces|f2sdram~FF_3822}] File: E:/DE1_SoC_Project/db/ip/unsaved/submodules/unsaved_hps_1_fpga_interfaces.sdc Line: 43
Warning (332049): Ignored set_false_path at unsaved_hps_1_fpga_interfaces.sdc(44): Argument <from> is an empty collection File: E:/DE1_SoC_Project/db/ip/unsaved/submodules/unsaved_hps_1_fpga_interfaces.sdc Line: 44
    Info (332050): set_false_path -from [get_registers {*fpga_interfaces|f2sdram~FF_3823}] File: E:/DE1_SoC_Project/db/ip/unsaved/submodules/unsaved_hps_1_fpga_interfaces.sdc Line: 44
Warning (332049): Ignored set_false_path at unsaved_hps_1_fpga_interfaces.sdc(45): Argument <from> is an empty collection File: E:/DE1_SoC_Project/db/ip/unsaved/submodules/unsaved_hps_1_fpga_interfaces.sdc Line: 45
    Info (332050): set_false_path -from [get_registers {*fpga_interfaces|f2sdram~FF_3830}] File: E:/DE1_SoC_Project/db/ip/unsaved/submodules/unsaved_hps_1_fpga_interfaces.sdc Line: 45
Warning (332049): Ignored set_false_path at unsaved_hps_1_fpga_interfaces.sdc(46): Argument <from> is an empty collection File: E:/DE1_SoC_Project/db/ip/unsaved/submodules/unsaved_hps_1_fpga_interfaces.sdc Line: 46
    Info (332050): set_false_path -from [get_registers {*fpga_interfaces|f2sdram~FF_3831}] File: E:/DE1_SoC_Project/db/ip/unsaved/submodules/unsaved_hps_1_fpga_interfaces.sdc Line: 46
Warning (332049): Ignored set_false_path at unsaved_hps_1_fpga_interfaces.sdc(47): Argument <from> is an empty collection File: E:/DE1_SoC_Project/db/ip/unsaved/submodules/unsaved_hps_1_fpga_interfaces.sdc Line: 47
    Info (332050): set_false_path -from [get_registers {*fpga_interfaces|f2sdram~FF_3832}] File: E:/DE1_SoC_Project/db/ip/unsaved/submodules/unsaved_hps_1_fpga_interfaces.sdc Line: 47
Warning (332049): Ignored set_false_path at unsaved_hps_1_fpga_interfaces.sdc(48): Argument <from> is an empty collection File: E:/DE1_SoC_Project/db/ip/unsaved/submodules/unsaved_hps_1_fpga_interfaces.sdc Line: 48
    Info (332050): set_false_path -from [get_registers {*fpga_interfaces|f2sdram~FF_3834}] File: E:/DE1_SoC_Project/db/ip/unsaved/submodules/unsaved_hps_1_fpga_interfaces.sdc Line: 48
Warning (332049): Ignored set_false_path at unsaved_hps_1_fpga_interfaces.sdc(49): Argument <from> is an empty collection File: E:/DE1_SoC_Project/db/ip/unsaved/submodules/unsaved_hps_1_fpga_interfaces.sdc Line: 49
    Info (332050): set_false_path -from [get_registers {*fpga_interfaces|f2sdram~FF_3835}] File: E:/DE1_SoC_Project/db/ip/unsaved/submodules/unsaved_hps_1_fpga_interfaces.sdc Line: 49
Warning (332049): Ignored set_false_path at unsaved_hps_1_fpga_interfaces.sdc(50): Argument <from> is an empty collection File: E:/DE1_SoC_Project/db/ip/unsaved/submodules/unsaved_hps_1_fpga_interfaces.sdc Line: 50
    Info (332050): set_false_path -from [get_registers {*fpga_interfaces|f2sdram~FF_3837}] File: E:/DE1_SoC_Project/db/ip/unsaved/submodules/unsaved_hps_1_fpga_interfaces.sdc Line: 50
Warning (332049): Ignored set_false_path at unsaved_hps_1_fpga_interfaces.sdc(51): Argument <from> is an empty collection File: E:/DE1_SoC_Project/db/ip/unsaved/submodules/unsaved_hps_1_fpga_interfaces.sdc Line: 51
    Info (332050): set_false_path -from [get_registers {*fpga_interfaces|f2sdram~FF_4494}] File: E:/DE1_SoC_Project/db/ip/unsaved/submodules/unsaved_hps_1_fpga_interfaces.sdc Line: 51
Warning (332049): Ignored set_false_path at unsaved_hps_1_fpga_interfaces.sdc(52): Argument <from> is an empty collection File: E:/DE1_SoC_Project/db/ip/unsaved/submodules/unsaved_hps_1_fpga_interfaces.sdc Line: 52
    Info (332050): set_false_path -from [get_registers {*fpga_interfaces|f2sdram~FF_4495}] File: E:/DE1_SoC_Project/db/ip/unsaved/submodules/unsaved_hps_1_fpga_interfaces.sdc Line: 52
Warning (332049): Ignored set_false_path at unsaved_hps_1_fpga_interfaces.sdc(53): Argument <from> is an empty collection File: E:/DE1_SoC_Project/db/ip/unsaved/submodules/unsaved_hps_1_fpga_interfaces.sdc Line: 53
    Info (332050): set_false_path -from [get_registers {*fpga_interfaces|f2sdram~FF_4496}] File: E:/DE1_SoC_Project/db/ip/unsaved/submodules/unsaved_hps_1_fpga_interfaces.sdc Line: 53
Warning (332049): Ignored set_false_path at unsaved_hps_1_fpga_interfaces.sdc(54): Argument <from> is an empty collection File: E:/DE1_SoC_Project/db/ip/unsaved/submodules/unsaved_hps_1_fpga_interfaces.sdc Line: 54
    Info (332050): set_false_path -from [get_registers {*fpga_interfaces|f2sdram~FF_4497}] File: E:/DE1_SoC_Project/db/ip/unsaved/submodules/unsaved_hps_1_fpga_interfaces.sdc Line: 54
Warning (332049): Ignored set_false_path at unsaved_hps_1_fpga_interfaces.sdc(55): Argument <from> is an empty collection File: E:/DE1_SoC_Project/db/ip/unsaved/submodules/unsaved_hps_1_fpga_interfaces.sdc Line: 55
    Info (332050): set_false_path -from [get_registers {*fpga_interfaces|f2sdram~FF_4498}] File: E:/DE1_SoC_Project/db/ip/unsaved/submodules/unsaved_hps_1_fpga_interfaces.sdc Line: 55
Warning (332049): Ignored set_false_path at unsaved_hps_1_fpga_interfaces.sdc(56): Argument <from> is an empty collection File: E:/DE1_SoC_Project/db/ip/unsaved/submodules/unsaved_hps_1_fpga_interfaces.sdc Line: 56
    Info (332050): set_false_path -from [get_registers {*fpga_interfaces|f2sdram~FF_4499}] File: E:/DE1_SoC_Project/db/ip/unsaved/submodules/unsaved_hps_1_fpga_interfaces.sdc Line: 56
Warning (332049): Ignored set_false_path at unsaved_hps_1_fpga_interfaces.sdc(57): Argument <from> is an empty collection File: E:/DE1_SoC_Project/db/ip/unsaved/submodules/unsaved_hps_1_fpga_interfaces.sdc Line: 57
    Info (332050): set_false_path -from [get_registers {*fpga_interfaces|f2sdram~FF_4500}] File: E:/DE1_SoC_Project/db/ip/unsaved/submodules/unsaved_hps_1_fpga_interfaces.sdc Line: 57
Warning (332049): Ignored set_false_path at unsaved_hps_1_fpga_interfaces.sdc(58): Argument <from> is an empty collection File: E:/DE1_SoC_Project/db/ip/unsaved/submodules/unsaved_hps_1_fpga_interfaces.sdc Line: 58
    Info (332050): set_false_path -from [get_registers {*fpga_interfaces|f2sdram~FF_4501}] File: E:/DE1_SoC_Project/db/ip/unsaved/submodules/unsaved_hps_1_fpga_interfaces.sdc Line: 58
Warning (332049): Ignored set_false_path at unsaved_hps_1_fpga_interfaces.sdc(59): Argument <from> is an empty collection File: E:/DE1_SoC_Project/db/ip/unsaved/submodules/unsaved_hps_1_fpga_interfaces.sdc Line: 59
    Info (332050): set_false_path -from [get_registers {*fpga_interfaces|f2sdram~FF_4502}] File: E:/DE1_SoC_Project/db/ip/unsaved/submodules/unsaved_hps_1_fpga_interfaces.sdc Line: 59
Warning (332049): Ignored set_false_path at unsaved_hps_1_fpga_interfaces.sdc(60): Argument <from> is an empty collection File: E:/DE1_SoC_Project/db/ip/unsaved/submodules/unsaved_hps_1_fpga_interfaces.sdc Line: 60
    Info (332050): set_false_path -from [get_registers {*fpga_interfaces|f2sdram~FF_4503}] File: E:/DE1_SoC_Project/db/ip/unsaved/submodules/unsaved_hps_1_fpga_interfaces.sdc Line: 60
Warning (332049): Ignored set_false_path at unsaved_hps_1_fpga_interfaces.sdc(61): Argument <from> is an empty collection File: E:/DE1_SoC_Project/db/ip/unsaved/submodules/unsaved_hps_1_fpga_interfaces.sdc Line: 61
    Info (332050): set_false_path -from [get_registers {*fpga_interfaces|f2sdram~FF_4504}] File: E:/DE1_SoC_Project/db/ip/unsaved/submodules/unsaved_hps_1_fpga_interfaces.sdc Line: 61
Warning (332049): Ignored set_false_path at unsaved_hps_1_fpga_interfaces.sdc(62): Argument <from> is an empty collection File: E:/DE1_SoC_Project/db/ip/unsaved/submodules/unsaved_hps_1_fpga_interfaces.sdc Line: 62
    Info (332050): set_false_path -from [get_registers {*fpga_interfaces|f2sdram~FF_4505}] File: E:/DE1_SoC_Project/db/ip/unsaved/submodules/unsaved_hps_1_fpga_interfaces.sdc Line: 62
Warning (332049): Ignored set_false_path at unsaved_hps_1_fpga_interfaces.sdc(63): Argument <from> is an empty collection File: E:/DE1_SoC_Project/db/ip/unsaved/submodules/unsaved_hps_1_fpga_interfaces.sdc Line: 63
    Info (332050): set_false_path -from [get_registers {*fpga_interfaces|f2sdram~FF_4506}] File: E:/DE1_SoC_Project/db/ip/unsaved/submodules/unsaved_hps_1_fpga_interfaces.sdc Line: 63
Warning (332049): Ignored set_false_path at unsaved_hps_1_fpga_interfaces.sdc(64): Argument <to> is an empty collection File: E:/DE1_SoC_Project/db/ip/unsaved/submodules/unsaved_hps_1_fpga_interfaces.sdc Line: 64
    Info (332050): set_false_path -to [get_registers {*fpga_interfaces|f2sdram~FF_1054}] File: E:/DE1_SoC_Project/db/ip/unsaved/submodules/unsaved_hps_1_fpga_interfaces.sdc Line: 64
Warning (332049): Ignored set_false_path at unsaved_hps_1_fpga_interfaces.sdc(65): Argument <to> is an empty collection File: E:/DE1_SoC_Project/db/ip/unsaved/submodules/unsaved_hps_1_fpga_interfaces.sdc Line: 65
    Info (332050): set_false_path -to [get_registers {*fpga_interfaces|f2sdram~FF_1055}] File: E:/DE1_SoC_Project/db/ip/unsaved/submodules/unsaved_hps_1_fpga_interfaces.sdc Line: 65
Warning (332049): Ignored set_false_path at unsaved_hps_1_fpga_interfaces.sdc(66): Argument <to> is an empty collection File: E:/DE1_SoC_Project/db/ip/unsaved/submodules/unsaved_hps_1_fpga_interfaces.sdc Line: 66
    Info (332050): set_false_path -to [get_registers {*fpga_interfaces|f2sdram~FF_1056}] File: E:/DE1_SoC_Project/db/ip/unsaved/submodules/unsaved_hps_1_fpga_interfaces.sdc Line: 66
Warning (332049): Ignored set_false_path at unsaved_hps_1_fpga_interfaces.sdc(67): Argument <to> is an empty collection File: E:/DE1_SoC_Project/db/ip/unsaved/submodules/unsaved_hps_1_fpga_interfaces.sdc Line: 67
    Info (332050): set_false_path -to [get_registers {*fpga_interfaces|f2sdram~FF_1057}] File: E:/DE1_SoC_Project/db/ip/unsaved/submodules/unsaved_hps_1_fpga_interfaces.sdc Line: 67
Warning (332049): Ignored set_false_path at unsaved_hps_1_fpga_interfaces.sdc(68): Argument <to> is an empty collection File: E:/DE1_SoC_Project/db/ip/unsaved/submodules/unsaved_hps_1_fpga_interfaces.sdc Line: 68
    Info (332050): set_false_path -to [get_registers {*fpga_interfaces|f2sdram~FF_1118}] File: E:/DE1_SoC_Project/db/ip/unsaved/submodules/unsaved_hps_1_fpga_interfaces.sdc Line: 68
Warning (332049): Ignored set_false_path at unsaved_hps_1_fpga_interfaces.sdc(69): Argument <to> is an empty collection File: E:/DE1_SoC_Project/db/ip/unsaved/submodules/unsaved_hps_1_fpga_interfaces.sdc Line: 69
    Info (332050): set_false_path -to [get_registers {*fpga_interfaces|f2sdram~FF_1119}] File: E:/DE1_SoC_Project/db/ip/unsaved/submodules/unsaved_hps_1_fpga_interfaces.sdc Line: 69
Warning (332049): Ignored set_false_path at unsaved_hps_1_fpga_interfaces.sdc(70): Argument <to> is an empty collection File: E:/DE1_SoC_Project/db/ip/unsaved/submodules/unsaved_hps_1_fpga_interfaces.sdc Line: 70
    Info (332050): set_false_path -to [get_registers {*fpga_interfaces|f2sdram~FF_1120}] File: E:/DE1_SoC_Project/db/ip/unsaved/submodules/unsaved_hps_1_fpga_interfaces.sdc Line: 70
Warning (332049): Ignored set_false_path at unsaved_hps_1_fpga_interfaces.sdc(71): Argument <to> is an empty collection File: E:/DE1_SoC_Project/db/ip/unsaved/submodules/unsaved_hps_1_fpga_interfaces.sdc Line: 71
    Info (332050): set_false_path -to [get_registers {*fpga_interfaces|f2sdram~FF_1121}] File: E:/DE1_SoC_Project/db/ip/unsaved/submodules/unsaved_hps_1_fpga_interfaces.sdc Line: 71
Warning (332049): Ignored set_false_path at unsaved_hps_1_fpga_interfaces.sdc(72): Argument <to> is an empty collection File: E:/DE1_SoC_Project/db/ip/unsaved/submodules/unsaved_hps_1_fpga_interfaces.sdc Line: 72
    Info (332050): set_false_path -to [get_registers {*fpga_interfaces|f2sdram~FF_3405}] File: E:/DE1_SoC_Project/db/ip/unsaved/submodules/unsaved_hps_1_fpga_interfaces.sdc Line: 72
Warning (332049): Ignored set_false_path at unsaved_hps_1_fpga_interfaces.sdc(73): Argument <to> is an empty collection File: E:/DE1_SoC_Project/db/ip/unsaved/submodules/unsaved_hps_1_fpga_interfaces.sdc Line: 73
    Info (332050): set_false_path -to [get_registers {*fpga_interfaces|f2sdram~FF_3408}] File: E:/DE1_SoC_Project/db/ip/unsaved/submodules/unsaved_hps_1_fpga_interfaces.sdc Line: 73
Warning (332049): Ignored set_false_path at unsaved_hps_1_fpga_interfaces.sdc(74): Argument <to> is an empty collection File: E:/DE1_SoC_Project/db/ip/unsaved/submodules/unsaved_hps_1_fpga_interfaces.sdc Line: 74
    Info (332050): set_false_path -to [get_registers {*fpga_interfaces|f2sdram~FF_3409}] File: E:/DE1_SoC_Project/db/ip/unsaved/submodules/unsaved_hps_1_fpga_interfaces.sdc Line: 74
Warning (332049): Ignored set_false_path at unsaved_hps_1_fpga_interfaces.sdc(75): Argument <to> is an empty collection File: E:/DE1_SoC_Project/db/ip/unsaved/submodules/unsaved_hps_1_fpga_interfaces.sdc Line: 75
    Info (332050): set_false_path -to [get_registers {*fpga_interfaces|f2sdram~FF_3410}] File: E:/DE1_SoC_Project/db/ip/unsaved/submodules/unsaved_hps_1_fpga_interfaces.sdc Line: 75
Warning (332049): Ignored set_false_path at unsaved_hps_1_fpga_interfaces.sdc(76): Argument <to> is an empty collection File: E:/DE1_SoC_Project/db/ip/unsaved/submodules/unsaved_hps_1_fpga_interfaces.sdc Line: 76
    Info (332050): set_false_path -to [get_registers {*fpga_interfaces|f2sdram~FF_3414}] File: E:/DE1_SoC_Project/db/ip/unsaved/submodules/unsaved_hps_1_fpga_interfaces.sdc Line: 76
Warning (332049): Ignored set_false_path at unsaved_hps_1_fpga_interfaces.sdc(77): Argument <to> is an empty collection File: E:/DE1_SoC_Project/db/ip/unsaved/submodules/unsaved_hps_1_fpga_interfaces.sdc Line: 77
    Info (332050): set_false_path -to [get_registers {*fpga_interfaces|f2sdram~FF_3417}] File: E:/DE1_SoC_Project/db/ip/unsaved/submodules/unsaved_hps_1_fpga_interfaces.sdc Line: 77
Warning (332049): Ignored set_false_path at unsaved_hps_1_fpga_interfaces.sdc(78): Argument <to> is an empty collection File: E:/DE1_SoC_Project/db/ip/unsaved/submodules/unsaved_hps_1_fpga_interfaces.sdc Line: 78
    Info (332050): set_false_path -to [get_registers {*fpga_interfaces|f2sdram~FF_3418}] File: E:/DE1_SoC_Project/db/ip/unsaved/submodules/unsaved_hps_1_fpga_interfaces.sdc Line: 78
Warning (332049): Ignored set_false_path at unsaved_hps_1_fpga_interfaces.sdc(79): Argument <to> is an empty collection File: E:/DE1_SoC_Project/db/ip/unsaved/submodules/unsaved_hps_1_fpga_interfaces.sdc Line: 79
    Info (332050): set_false_path -to [get_registers {*fpga_interfaces|f2sdram~FF_3419}] File: E:/DE1_SoC_Project/db/ip/unsaved/submodules/unsaved_hps_1_fpga_interfaces.sdc Line: 79
Warning (332049): Ignored set_false_path at unsaved_hps_1_fpga_interfaces.sdc(80): Argument <to> is an empty collection File: E:/DE1_SoC_Project/db/ip/unsaved/submodules/unsaved_hps_1_fpga_interfaces.sdc Line: 80
    Info (332050): set_false_path -to [get_registers {*fpga_interfaces|f2sdram~FF_798}] File: E:/DE1_SoC_Project/db/ip/unsaved/submodules/unsaved_hps_1_fpga_interfaces.sdc Line: 80
Warning (332049): Ignored set_false_path at unsaved_hps_1_fpga_interfaces.sdc(81): Argument <to> is an empty collection File: E:/DE1_SoC_Project/db/ip/unsaved/submodules/unsaved_hps_1_fpga_interfaces.sdc Line: 81
    Info (332050): set_false_path -to [get_registers {*fpga_interfaces|f2sdram~FF_799}] File: E:/DE1_SoC_Project/db/ip/unsaved/submodules/unsaved_hps_1_fpga_interfaces.sdc Line: 81
Warning (332049): Ignored set_false_path at unsaved_hps_1_fpga_interfaces.sdc(82): Argument <to> is an empty collection File: E:/DE1_SoC_Project/db/ip/unsaved/submodules/unsaved_hps_1_fpga_interfaces.sdc Line: 82
    Info (332050): set_false_path -to [get_registers {*fpga_interfaces|f2sdram~FF_800}] File: E:/DE1_SoC_Project/db/ip/unsaved/submodules/unsaved_hps_1_fpga_interfaces.sdc Line: 82
Warning (332049): Ignored set_false_path at unsaved_hps_1_fpga_interfaces.sdc(83): Argument <to> is an empty collection File: E:/DE1_SoC_Project/db/ip/unsaved/submodules/unsaved_hps_1_fpga_interfaces.sdc Line: 83
    Info (332050): set_false_path -to [get_registers {*fpga_interfaces|f2sdram~FF_801}] File: E:/DE1_SoC_Project/db/ip/unsaved/submodules/unsaved_hps_1_fpga_interfaces.sdc Line: 83
Warning (332049): Ignored set_false_path at unsaved_hps_1_fpga_interfaces.sdc(84): Argument <to> is an empty collection File: E:/DE1_SoC_Project/db/ip/unsaved/submodules/unsaved_hps_1_fpga_interfaces.sdc Line: 84
    Info (332050): set_false_path -to [get_registers {*fpga_interfaces|f2sdram~FF_862}] File: E:/DE1_SoC_Project/db/ip/unsaved/submodules/unsaved_hps_1_fpga_interfaces.sdc Line: 84
Warning (332049): Ignored set_false_path at unsaved_hps_1_fpga_interfaces.sdc(85): Argument <to> is an empty collection File: E:/DE1_SoC_Project/db/ip/unsaved/submodules/unsaved_hps_1_fpga_interfaces.sdc Line: 85
    Info (332050): set_false_path -to [get_registers {*fpga_interfaces|f2sdram~FF_863}] File: E:/DE1_SoC_Project/db/ip/unsaved/submodules/unsaved_hps_1_fpga_interfaces.sdc Line: 85
Warning (332049): Ignored set_false_path at unsaved_hps_1_fpga_interfaces.sdc(86): Argument <to> is an empty collection File: E:/DE1_SoC_Project/db/ip/unsaved/submodules/unsaved_hps_1_fpga_interfaces.sdc Line: 86
    Info (332050): set_false_path -to [get_registers {*fpga_interfaces|f2sdram~FF_864}] File: E:/DE1_SoC_Project/db/ip/unsaved/submodules/unsaved_hps_1_fpga_interfaces.sdc Line: 86
Warning (332049): Ignored set_false_path at unsaved_hps_1_fpga_interfaces.sdc(87): Argument <to> is an empty collection File: E:/DE1_SoC_Project/db/ip/unsaved/submodules/unsaved_hps_1_fpga_interfaces.sdc Line: 87
    Info (332050): set_false_path -to [get_registers {*fpga_interfaces|f2sdram~FF_865}] File: E:/DE1_SoC_Project/db/ip/unsaved/submodules/unsaved_hps_1_fpga_interfaces.sdc Line: 87
Warning (332049): Ignored set_false_path at unsaved_hps_1_fpga_interfaces.sdc(88): Argument <to> is an empty collection File: E:/DE1_SoC_Project/db/ip/unsaved/submodules/unsaved_hps_1_fpga_interfaces.sdc Line: 88
    Info (332050): set_false_path -to [get_registers {*fpga_interfaces|f2sdram~FF_926}] File: E:/DE1_SoC_Project/db/ip/unsaved/submodules/unsaved_hps_1_fpga_interfaces.sdc Line: 88
Warning (332049): Ignored set_false_path at unsaved_hps_1_fpga_interfaces.sdc(89): Argument <to> is an empty collection File: E:/DE1_SoC_Project/db/ip/unsaved/submodules/unsaved_hps_1_fpga_interfaces.sdc Line: 89
    Info (332050): set_false_path -to [get_registers {*fpga_interfaces|f2sdram~FF_927}] File: E:/DE1_SoC_Project/db/ip/unsaved/submodules/unsaved_hps_1_fpga_interfaces.sdc Line: 89
Warning (332049): Ignored set_false_path at unsaved_hps_1_fpga_interfaces.sdc(90): Argument <to> is an empty collection File: E:/DE1_SoC_Project/db/ip/unsaved/submodules/unsaved_hps_1_fpga_interfaces.sdc Line: 90
    Info (332050): set_false_path -to [get_registers {*fpga_interfaces|f2sdram~FF_928}] File: E:/DE1_SoC_Project/db/ip/unsaved/submodules/unsaved_hps_1_fpga_interfaces.sdc Line: 90
Warning (332049): Ignored set_false_path at unsaved_hps_1_fpga_interfaces.sdc(91): Argument <to> is an empty collection File: E:/DE1_SoC_Project/db/ip/unsaved/submodules/unsaved_hps_1_fpga_interfaces.sdc Line: 91
    Info (332050): set_false_path -to [get_registers {*fpga_interfaces|f2sdram~FF_929}] File: E:/DE1_SoC_Project/db/ip/unsaved/submodules/unsaved_hps_1_fpga_interfaces.sdc Line: 91
Warning (332049): Ignored set_false_path at unsaved_hps_1_fpga_interfaces.sdc(92): Argument <to> is an empty collection File: E:/DE1_SoC_Project/db/ip/unsaved/submodules/unsaved_hps_1_fpga_interfaces.sdc Line: 92
    Info (332050): set_false_path -to [get_registers {*fpga_interfaces|f2sdram~FF_990}] File: E:/DE1_SoC_Project/db/ip/unsaved/submodules/unsaved_hps_1_fpga_interfaces.sdc Line: 92
Warning (332049): Ignored set_false_path at unsaved_hps_1_fpga_interfaces.sdc(93): Argument <to> is an empty collection File: E:/DE1_SoC_Project/db/ip/unsaved/submodules/unsaved_hps_1_fpga_interfaces.sdc Line: 93
    Info (332050): set_false_path -to [get_registers {*fpga_interfaces|f2sdram~FF_991}] File: E:/DE1_SoC_Project/db/ip/unsaved/submodules/unsaved_hps_1_fpga_interfaces.sdc Line: 93
Warning (332049): Ignored set_false_path at unsaved_hps_1_fpga_interfaces.sdc(94): Argument <to> is an empty collection File: E:/DE1_SoC_Project/db/ip/unsaved/submodules/unsaved_hps_1_fpga_interfaces.sdc Line: 94
    Info (332050): set_false_path -to [get_registers {*fpga_interfaces|f2sdram~FF_992}] File: E:/DE1_SoC_Project/db/ip/unsaved/submodules/unsaved_hps_1_fpga_interfaces.sdc Line: 94
Warning (332049): Ignored set_false_path at unsaved_hps_1_fpga_interfaces.sdc(95): Argument <to> is an empty collection File: E:/DE1_SoC_Project/db/ip/unsaved/submodules/unsaved_hps_1_fpga_interfaces.sdc Line: 95
    Info (332050): set_false_path -to [get_registers {*fpga_interfaces|f2sdram~FF_993}] File: E:/DE1_SoC_Project/db/ip/unsaved/submodules/unsaved_hps_1_fpga_interfaces.sdc Line: 95
Info (332104): Reading SDC File: 'e:/de1_soc_project/db/ip/unsaved/submodules/unsaved_hps_1_hps_io_border.sdc'
Warning (332049): Ignored set_false_path at unsaved_hps_1_hps_io_border.sdc(1): Argument <to> is an empty collection File: E:/DE1_SoC_Project/db/ip/unsaved/submodules/unsaved_hps_1_hps_io_border.sdc Line: 1
    Info (332050): set_false_path -from * -to [get_ports hps_io_hps_io_emac1_inst_TX_CLK] File: E:/DE1_SoC_Project/db/ip/unsaved/submodules/unsaved_hps_1_hps_io_border.sdc Line: 1
Warning (332049): Ignored set_false_path at unsaved_hps_1_hps_io_border.sdc(2): Argument <to> is an empty collection File: E:/DE1_SoC_Project/db/ip/unsaved/submodules/unsaved_hps_1_hps_io_border.sdc Line: 2
    Info (332050): set_false_path -from * -to [get_ports hps_io_hps_io_emac1_inst_TXD0] File: E:/DE1_SoC_Project/db/ip/unsaved/submodules/unsaved_hps_1_hps_io_border.sdc Line: 2
Warning (332049): Ignored set_false_path at unsaved_hps_1_hps_io_border.sdc(3): Argument <to> is an empty collection File: E:/DE1_SoC_Project/db/ip/unsaved/submodules/unsaved_hps_1_hps_io_border.sdc Line: 3
    Info (332050): set_false_path -from * -to [get_ports hps_io_hps_io_emac1_inst_TXD1] File: E:/DE1_SoC_Project/db/ip/unsaved/submodules/unsaved_hps_1_hps_io_border.sdc Line: 3
Warning (332049): Ignored set_false_path at unsaved_hps_1_hps_io_border.sdc(4): Argument <to> is an empty collection File: E:/DE1_SoC_Project/db/ip/unsaved/submodules/unsaved_hps_1_hps_io_border.sdc Line: 4
    Info (332050): set_false_path -from * -to [get_ports hps_io_hps_io_emac1_inst_TXD2] File: E:/DE1_SoC_Project/db/ip/unsaved/submodules/unsaved_hps_1_hps_io_border.sdc Line: 4
Warning (332049): Ignored set_false_path at unsaved_hps_1_hps_io_border.sdc(5): Argument <to> is an empty collection File: E:/DE1_SoC_Project/db/ip/unsaved/submodules/unsaved_hps_1_hps_io_border.sdc Line: 5
    Info (332050): set_false_path -from * -to [get_ports hps_io_hps_io_emac1_inst_TXD3] File: E:/DE1_SoC_Project/db/ip/unsaved/submodules/unsaved_hps_1_hps_io_border.sdc Line: 5
Warning (332049): Ignored set_false_path at unsaved_hps_1_hps_io_border.sdc(6): Argument <from> is an empty collection File: E:/DE1_SoC_Project/db/ip/unsaved/submodules/unsaved_hps_1_hps_io_border.sdc Line: 6
    Info (332050): set_false_path -from [get_ports hps_io_hps_io_emac1_inst_RXD0] -to * File: E:/DE1_SoC_Project/db/ip/unsaved/submodules/unsaved_hps_1_hps_io_border.sdc Line: 6
Warning (332049): Ignored set_false_path at unsaved_hps_1_hps_io_border.sdc(7): Argument <from> is an empty collection File: E:/DE1_SoC_Project/db/ip/unsaved/submodules/unsaved_hps_1_hps_io_border.sdc Line: 7
    Info (332050): set_false_path -from [get_ports hps_io_hps_io_emac1_inst_MDIO] -to * File: E:/DE1_SoC_Project/db/ip/unsaved/submodules/unsaved_hps_1_hps_io_border.sdc Line: 7
Warning (332049): Ignored set_false_path at unsaved_hps_1_hps_io_border.sdc(8): Argument <to> is an empty collection File: E:/DE1_SoC_Project/db/ip/unsaved/submodules/unsaved_hps_1_hps_io_border.sdc Line: 8
    Info (332050): set_false_path -from * -to [get_ports hps_io_hps_io_emac1_inst_MDIO] File: E:/DE1_SoC_Project/db/ip/unsaved/submodules/unsaved_hps_1_hps_io_border.sdc Line: 8
Warning (332049): Ignored set_false_path at unsaved_hps_1_hps_io_border.sdc(9): Argument <to> is an empty collection File: E:/DE1_SoC_Project/db/ip/unsaved/submodules/unsaved_hps_1_hps_io_border.sdc Line: 9
    Info (332050): set_false_path -from * -to [get_ports hps_io_hps_io_emac1_inst_MDC] File: E:/DE1_SoC_Project/db/ip/unsaved/submodules/unsaved_hps_1_hps_io_border.sdc Line: 9
Warning (332049): Ignored set_false_path at unsaved_hps_1_hps_io_border.sdc(10): Argument <from> is an empty collection File: E:/DE1_SoC_Project/db/ip/unsaved/submodules/unsaved_hps_1_hps_io_border.sdc Line: 10
    Info (332050): set_false_path -from [get_ports hps_io_hps_io_emac1_inst_RX_CTL] -to * File: E:/DE1_SoC_Project/db/ip/unsaved/submodules/unsaved_hps_1_hps_io_border.sdc Line: 10
Warning (332049): Ignored set_false_path at unsaved_hps_1_hps_io_border.sdc(11): Argument <to> is an empty collection File: E:/DE1_SoC_Project/db/ip/unsaved/submodules/unsaved_hps_1_hps_io_border.sdc Line: 11
    Info (332050): set_false_path -from * -to [get_ports hps_io_hps_io_emac1_inst_TX_CTL] File: E:/DE1_SoC_Project/db/ip/unsaved/submodules/unsaved_hps_1_hps_io_border.sdc Line: 11
Warning (332049): Ignored set_false_path at unsaved_hps_1_hps_io_border.sdc(12): Argument <from> is an empty collection File: E:/DE1_SoC_Project/db/ip/unsaved/submodules/unsaved_hps_1_hps_io_border.sdc Line: 12
    Info (332050): set_false_path -from [get_ports hps_io_hps_io_emac1_inst_RX_CLK] -to * File: E:/DE1_SoC_Project/db/ip/unsaved/submodules/unsaved_hps_1_hps_io_border.sdc Line: 12
Warning (332049): Ignored set_false_path at unsaved_hps_1_hps_io_border.sdc(13): Argument <from> is an empty collection File: E:/DE1_SoC_Project/db/ip/unsaved/submodules/unsaved_hps_1_hps_io_border.sdc Line: 13
    Info (332050): set_false_path -from [get_ports hps_io_hps_io_emac1_inst_RXD1] -to * File: E:/DE1_SoC_Project/db/ip/unsaved/submodules/unsaved_hps_1_hps_io_border.sdc Line: 13
Warning (332049): Ignored set_false_path at unsaved_hps_1_hps_io_border.sdc(14): Argument <from> is an empty collection File: E:/DE1_SoC_Project/db/ip/unsaved/submodules/unsaved_hps_1_hps_io_border.sdc Line: 14
    Info (332050): set_false_path -from [get_ports hps_io_hps_io_emac1_inst_RXD2] -to * File: E:/DE1_SoC_Project/db/ip/unsaved/submodules/unsaved_hps_1_hps_io_border.sdc Line: 14
Warning (332049): Ignored set_false_path at unsaved_hps_1_hps_io_border.sdc(15): Argument <from> is an empty collection File: E:/DE1_SoC_Project/db/ip/unsaved/submodules/unsaved_hps_1_hps_io_border.sdc Line: 15
    Info (332050): set_false_path -from [get_ports hps_io_hps_io_emac1_inst_RXD3] -to * File: E:/DE1_SoC_Project/db/ip/unsaved/submodules/unsaved_hps_1_hps_io_border.sdc Line: 15
Warning (332049): Ignored set_false_path at unsaved_hps_1_hps_io_border.sdc(16): Argument <from> is an empty collection File: E:/DE1_SoC_Project/db/ip/unsaved/submodules/unsaved_hps_1_hps_io_border.sdc Line: 16
    Info (332050): set_false_path -from [get_ports hps_io_hps_io_sdio_inst_CMD] -to * File: E:/DE1_SoC_Project/db/ip/unsaved/submodules/unsaved_hps_1_hps_io_border.sdc Line: 16
Warning (332049): Ignored set_false_path at unsaved_hps_1_hps_io_border.sdc(17): Argument <to> is an empty collection File: E:/DE1_SoC_Project/db/ip/unsaved/submodules/unsaved_hps_1_hps_io_border.sdc Line: 17
    Info (332050): set_false_path -from * -to [get_ports hps_io_hps_io_sdio_inst_CMD] File: E:/DE1_SoC_Project/db/ip/unsaved/submodules/unsaved_hps_1_hps_io_border.sdc Line: 17
Warning (332049): Ignored set_false_path at unsaved_hps_1_hps_io_border.sdc(18): Argument <from> is an empty collection File: E:/DE1_SoC_Project/db/ip/unsaved/submodules/unsaved_hps_1_hps_io_border.sdc Line: 18
    Info (332050): set_false_path -from [get_ports hps_io_hps_io_sdio_inst_D0] -to * File: E:/DE1_SoC_Project/db/ip/unsaved/submodules/unsaved_hps_1_hps_io_border.sdc Line: 18
Warning (332049): Ignored set_false_path at unsaved_hps_1_hps_io_border.sdc(19): Argument <to> is an empty collection File: E:/DE1_SoC_Project/db/ip/unsaved/submodules/unsaved_hps_1_hps_io_border.sdc Line: 19
    Info (332050): set_false_path -from * -to [get_ports hps_io_hps_io_sdio_inst_D0] File: E:/DE1_SoC_Project/db/ip/unsaved/submodules/unsaved_hps_1_hps_io_border.sdc Line: 19
Warning (332049): Ignored set_false_path at unsaved_hps_1_hps_io_border.sdc(20): Argument <from> is an empty collection File: E:/DE1_SoC_Project/db/ip/unsaved/submodules/unsaved_hps_1_hps_io_border.sdc Line: 20
    Info (332050): set_false_path -from [get_ports hps_io_hps_io_sdio_inst_D1] -to * File: E:/DE1_SoC_Project/db/ip/unsaved/submodules/unsaved_hps_1_hps_io_border.sdc Line: 20
Warning (332049): Ignored set_false_path at unsaved_hps_1_hps_io_border.sdc(21): Argument <to> is an empty collection File: E:/DE1_SoC_Project/db/ip/unsaved/submodules/unsaved_hps_1_hps_io_border.sdc Line: 21
    Info (332050): set_false_path -from * -to [get_ports hps_io_hps_io_sdio_inst_D1] File: E:/DE1_SoC_Project/db/ip/unsaved/submodules/unsaved_hps_1_hps_io_border.sdc Line: 21
Warning (332049): Ignored set_false_path at unsaved_hps_1_hps_io_border.sdc(22): Argument <to> is an empty collection File: E:/DE1_SoC_Project/db/ip/unsaved/submodules/unsaved_hps_1_hps_io_border.sdc Line: 22
    Info (332050): set_false_path -from * -to [get_ports hps_io_hps_io_sdio_inst_CLK] File: E:/DE1_SoC_Project/db/ip/unsaved/submodules/unsaved_hps_1_hps_io_border.sdc Line: 22
Warning (332049): Ignored set_false_path at unsaved_hps_1_hps_io_border.sdc(23): Argument <from> is an empty collection File: E:/DE1_SoC_Project/db/ip/unsaved/submodules/unsaved_hps_1_hps_io_border.sdc Line: 23
    Info (332050): set_false_path -from [get_ports hps_io_hps_io_sdio_inst_D2] -to * File: E:/DE1_SoC_Project/db/ip/unsaved/submodules/unsaved_hps_1_hps_io_border.sdc Line: 23
Warning (332049): Ignored set_false_path at unsaved_hps_1_hps_io_border.sdc(24): Argument <to> is an empty collection File: E:/DE1_SoC_Project/db/ip/unsaved/submodules/unsaved_hps_1_hps_io_border.sdc Line: 24
    Info (332050): set_false_path -from * -to [get_ports hps_io_hps_io_sdio_inst_D2] File: E:/DE1_SoC_Project/db/ip/unsaved/submodules/unsaved_hps_1_hps_io_border.sdc Line: 24
Warning (332049): Ignored set_false_path at unsaved_hps_1_hps_io_border.sdc(25): Argument <from> is an empty collection File: E:/DE1_SoC_Project/db/ip/unsaved/submodules/unsaved_hps_1_hps_io_border.sdc Line: 25
    Info (332050): set_false_path -from [get_ports hps_io_hps_io_sdio_inst_D3] -to * File: E:/DE1_SoC_Project/db/ip/unsaved/submodules/unsaved_hps_1_hps_io_border.sdc Line: 25
Warning (332049): Ignored set_false_path at unsaved_hps_1_hps_io_border.sdc(26): Argument <to> is an empty collection File: E:/DE1_SoC_Project/db/ip/unsaved/submodules/unsaved_hps_1_hps_io_border.sdc Line: 26
    Info (332050): set_false_path -from * -to [get_ports hps_io_hps_io_sdio_inst_D3] File: E:/DE1_SoC_Project/db/ip/unsaved/submodules/unsaved_hps_1_hps_io_border.sdc Line: 26
Warning (332049): Ignored set_false_path at unsaved_hps_1_hps_io_border.sdc(27): Argument <from> is an empty collection File: E:/DE1_SoC_Project/db/ip/unsaved/submodules/unsaved_hps_1_hps_io_border.sdc Line: 27
    Info (332050): set_false_path -from [get_ports hps_io_hps_io_uart0_inst_RX] -to * File: E:/DE1_SoC_Project/db/ip/unsaved/submodules/unsaved_hps_1_hps_io_border.sdc Line: 27
Warning (332049): Ignored set_false_path at unsaved_hps_1_hps_io_border.sdc(28): Argument <to> is an empty collection File: E:/DE1_SoC_Project/db/ip/unsaved/submodules/unsaved_hps_1_hps_io_border.sdc Line: 28
    Info (332050): set_false_path -from * -to [get_ports hps_io_hps_io_uart0_inst_TX] File: E:/DE1_SoC_Project/db/ip/unsaved/submodules/unsaved_hps_1_hps_io_border.sdc Line: 28
Info (332097): The following timing edges are non-unate.  The Timing Analyzer will assume pos-unate behavior for these edges in the clock network.
    Info (332098): Cell: u0|hps_1|hps_io|border|hps_sdram_inst|p0|umemphy|uio_pads|dq_ddio[0].ubidir_dq_dqs|altdq_dqs2_inst|dqs_delay_chain  from: dqsin  to: dqsbusout
    Info (332098): Cell: u0|hps_1|hps_io|border|hps_sdram_inst|p0|umemphy|uio_pads|dq_ddio[0].ubidir_dq_dqs|altdq_dqs2_inst|dqs_in_delay_1  from: datain  to: dataout
    Info (332098): Cell: u0|hps_1|hps_io|border|hps_sdram_inst|p0|umemphy|uio_pads|dq_ddio[0].ubidir_dq_dqs|altdq_dqs2_inst|dqs_out_delay_1  from: datain  to: dataout
    Info (332098): Cell: u0|hps_1|hps_io|border|hps_sdram_inst|p0|umemphy|uio_pads|dq_ddio[0].ubidir_dq_dqs|altdq_dqs2_inst|phase_align_os  from: muxsel  to: dataout
    Info (332098): Cell: u0|hps_1|hps_io|border|hps_sdram_inst|p0|umemphy|uio_pads|uaddr_cmd_pads|clock_gen[0].umem_ck_pad|auto_generated|ddio_outa[0]  from: muxsel  to: dataout
Info (332123): Deriving Clock Uncertainty. Please refer to report_sdc in the Timing Analyzer to see clock uncertainties.
Info (332152): The following assignments are ignored by the derive_clock_uncertainty command
Info (332171): The following clock uncertainty values are less than the recommended values that would be applied by the derive_clock_uncertainty command
    Info (332172): Setup clock transfer from HPS_DDR3_DQS_P_IN (Rise) to HPS_DDR3_DQS_P_IN (Rise) has uncertainty 0.000 that is less than the recommended uncertainty 0.160
    Info (332172): Setup clock transfer from HPS_DDR3_DQS_P_IN (Rise) to HPS_DDR3_DQS_P_IN (Fall) has uncertainty 0.000 that is less than the recommended uncertainty 0.160
    Info (332172): Setup clock transfer from unsaved:u0|unsaved_hps_1:hps_1|unsaved_hps_1_hps_io:hps_io|unsaved_hps_1_hps_io_border:border|hps_sdram:hps_sdram_inst|hps_sdram_pll:pll|pll_write_clk_dq_write_clk (Rise) to HPS_DDR3_DQS_P_OUT (Rise) has uncertainty 0.000 that is less than the recommended uncertainty 0.230
    Info (332172): Hold clock transfer from unsaved:u0|unsaved_hps_1:hps_1|unsaved_hps_1_hps_io:hps_io|unsaved_hps_1_hps_io_border:border|hps_sdram:hps_sdram_inst|hps_sdram_pll:pll|pll_write_clk_dq_write_clk (Rise) to HPS_DDR3_DQS_P_OUT (Rise) has uncertainty 0.000 that is less than the recommended uncertainty 0.230
    Info (332172): Setup clock transfer from unsaved:u0|unsaved_hps_1:hps_1|unsaved_hps_1_hps_io:hps_io|unsaved_hps_1_hps_io_border:border|hps_sdram:hps_sdram_inst|hps_sdram_pll:pll|pll_write_clk_dq_write_clk (Fall) to HPS_DDR3_DQS_P_OUT (Rise) has uncertainty 0.000 that is less than the recommended uncertainty 0.230
    Info (332172): Hold clock transfer from unsaved:u0|unsaved_hps_1:hps_1|unsaved_hps_1_hps_io:hps_io|unsaved_hps_1_hps_io_border:border|hps_sdram:hps_sdram_inst|hps_sdram_pll:pll|pll_write_clk_dq_write_clk (Fall) to HPS_DDR3_DQS_P_OUT (Rise) has uncertainty 0.000 that is less than the recommended uncertainty 0.230
    Info (332172): Setup clock transfer from unsaved:u0|unsaved_hps_1:hps_1|unsaved_hps_1_hps_io:hps_io|unsaved_hps_1_hps_io_border:border|hps_sdram:hps_sdram_inst|hps_sdram_pll:pll|afi_clk_write_clk (Rise) to HPS_DDR3_DQS_P_OUT (Fall) has uncertainty 0.000 that is less than the recommended uncertainty 0.230
    Info (332172): Hold clock transfer from unsaved:u0|unsaved_hps_1:hps_1|unsaved_hps_1_hps_io:hps_io|unsaved_hps_1_hps_io_border:border|hps_sdram:hps_sdram_inst|hps_sdram_pll:pll|afi_clk_write_clk (Rise) to HPS_DDR3_DQS_P_OUT (Fall) has uncertainty 0.000 that is less than the recommended uncertainty 0.230
    Info (332172): Setup clock transfer from u0|hps_1|hps_io|border|hps_sdram_inst|hps_sdram_p0_sampling_clock (Rise) to HPS_DDR3_DQS_P_OUT (Fall) has uncertainty 0.000 that is less than the recommended uncertainty 0.380
    Info (332172): Hold clock transfer from u0|hps_1|hps_io|border|hps_sdram_inst|hps_sdram_p0_sampling_clock (Rise) to HPS_DDR3_DQS_P_OUT (Fall) has uncertainty 0.000 that is less than the recommended uncertainty 0.380
    Info (332172): Setup clock transfer from u0|hps_1|hps_io|border|hps_sdram_inst|hps_sdram_p0_sampling_clock (Fall) to HPS_DDR3_DQS_P_OUT (Fall) has uncertainty 0.000 that is less than the recommended uncertainty 0.380
    Info (332172): Hold clock transfer from u0|hps_1|hps_io|border|hps_sdram_inst|hps_sdram_p0_sampling_clock (Fall) to HPS_DDR3_DQS_P_OUT (Fall) has uncertainty 0.000 that is less than the recommended uncertainty 0.380
    Info (332172): Setup clock transfer from unsaved:u0|unsaved_hps_1:hps_1|unsaved_hps_1_hps_io:hps_io|unsaved_hps_1_hps_io_border:border|hps_sdram:hps_sdram_inst|hps_sdram_pll:pll|pll_write_clk_dq_write_clk (Rise) to HPS_DDR3_DQS_N_OUT (Rise) has uncertainty 0.000 that is less than the recommended uncertainty 0.210
    Info (332172): Hold clock transfer from unsaved:u0|unsaved_hps_1:hps_1|unsaved_hps_1_hps_io:hps_io|unsaved_hps_1_hps_io_border:border|hps_sdram:hps_sdram_inst|hps_sdram_pll:pll|pll_write_clk_dq_write_clk (Rise) to HPS_DDR3_DQS_N_OUT (Rise) has uncertainty 0.000 that is less than the recommended uncertainty 0.210
    Info (332172): Setup clock transfer from unsaved:u0|unsaved_hps_1:hps_1|unsaved_hps_1_hps_io:hps_io|unsaved_hps_1_hps_io_border:border|hps_sdram:hps_sdram_inst|hps_sdram_pll:pll|pll_write_clk_dq_write_clk (Fall) to HPS_DDR3_DQS_N_OUT (Rise) has uncertainty 0.000 that is less than the recommended uncertainty 0.210
    Info (332172): Hold clock transfer from unsaved:u0|unsaved_hps_1:hps_1|unsaved_hps_1_hps_io:hps_io|unsaved_hps_1_hps_io_border:border|hps_sdram:hps_sdram_inst|hps_sdram_pll:pll|pll_write_clk_dq_write_clk (Fall) to HPS_DDR3_DQS_N_OUT (Rise) has uncertainty 0.000 that is less than the recommended uncertainty 0.210
Info (332129): Detected timing requirements -- optimizing circuit to achieve only the specified requirements
Info (332111): Found 8 clocks
    Info (332111):   Period   Clock Name
    Info (332111): ======== ============
    Info (332111):    3.333 HPS_DDR3_CK_N
    Info (332111):    3.333 HPS_DDR3_CK_P
    Info (332111):    3.333 HPS_DDR3_DQS_N_OUT
    Info (332111):    3.333 HPS_DDR3_DQS_P_IN
    Info (332111):    3.333 HPS_DDR3_DQS_P_OUT
    Info (332111):    3.333 u0|hps_1|hps_io|border|hps_sdram_inst|hps_sdram_p0_sampling_clock
    Info (332111):    3.333 unsaved:u0|unsaved_hps_1:hps_1|unsaved_hps_1_hps_io:hps_io|unsaved_hps_1_hps_io_border:border|hps_sdram:hps_sdram_inst|hps_sdram_pll:pll|afi_clk_write_clk
    Info (332111):    3.333 unsaved:u0|unsaved_hps_1:hps_1|unsaved_hps_1_hps_io:hps_io|unsaved_hps_1_hps_io_border:border|hps_sdram:hps_sdram_inst|hps_sdram_pll:pll|pll_write_clk_dq_write_clk
Info (176233): Starting register packing
Info (176235): Finished register packing
    Extra Info (176219): No registers were packed into other blocks
Warning (15705): Ignored locations or region assignments to the following nodes
    Warning (15706): Node "arbiter_puf_4bit:puf_core_inst|puf_switch_box:sb0" is assigned to location or region, but does not exist in design
    Warning (15706): Node "arbiter_puf_4bit:puf_core_inst|puf_switch_box:sb1" is assigned to location or region, but does not exist in design
    Warning (15706): Node "arbiter_puf_4bit:puf_core_inst|puf_switch_box:sb2" is assigned to location or region, but does not exist in design
    Warning (15706): Node "arbiter_puf_4bit:puf_core_inst|puf_switch_box:sb3" is assigned to location or region, but does not exist in design
    Warning (15706): Node "arbiter_puf_4bit:puf_core_inst|raw_response" is assigned to location or region, but does not exist in design
Info (11798): Fitter preparation operations ending: elapsed time is 00:00:23
Info (170189): Fitter placement preparation operations beginning
Info (14951): The Fitter is using Advanced Physical Optimization.
Info (170190): Fitter placement preparation operations ending: elapsed time is 00:00:09
Info (170191): Fitter placement operations beginning
Info (170137): Fitter placement was successful
Info (170192): Fitter placement operations ending: elapsed time is 00:00:01
Info (170193): Fitter routing operations beginning
Info (170195): Router estimated average interconnect usage is 0% of the available device resources
    Info (170196): Router estimated peak interconnect usage is 0% of the available device resources in the region that extends from location X45_Y35 to location X55_Y45
Info (170199): The Fitter performed an Auto Fit compilation.  Optimizations were skipped to reduce compilation time.
    Info (170201): Optimizations that may affect the design's routability were skipped
    Info (170200): Optimizations that may affect the design's timing were skipped
Info (170194): Fitter routing operations ending: elapsed time is 00:00:01
Info (11888): Total time spent on timing analysis during the Fitter is 1.10 seconds.
Info (334003): Started post-fitting delay annotation
Info (334004): Delay annotation completed successfully
Info (334003): Started post-fitting delay annotation
Info (334004): Delay annotation completed successfully
Info (11801): Fitter post-fit operations ending: elapsed time is 00:00:08
Warning (171167): Found invalid Fitter assignments. See the Ignored Assignments panel in the Fitter Compilation Report for more information.
Warning (169064): Following 1 pins have no output enable or a GND or VCC output enable - later changes to this connectivity may change fitting results
    Info (169065): Pin HPS_SD_CLK has a permanently enabled output enable File: E:/DE1_SoC_Project/DE1_SoC_Demo.v Line: 39
Info (169186): Following groups of pins have the same dynamic on-chip termination control
    Info (169185): Following pins have the same dynamic on-chip termination control: unsaved:u0|unsaved_hps_1:hps_1|unsaved_hps_1_hps_io:hps_io|unsaved_hps_1_hps_io_border:border|hps_sdram:hps_sdram_inst|hps_sdram_p0:p0|hps_sdram_p0_acv_hard_memphy:umemphy|hps_sdram_p0_acv_hard_io_pads:uio_pads|hps_sdram_p0_altdqdqs:dq_ddio[0].ubidir_dq_dqs|altdq_dqs2_acv_connect_to_hard_phy_cyclonev:altdq_dqs2_inst|diff_dtc_bar
        Info (169066): Type bi-directional pin HPS_DDR3_DQS_N uses the Differential 1.5-V SSTL Class I I/O standard File: E:/DE1_SoC_Project/DE1_SoC_Demo.v Line: 20
    Info (169185): Following pins have the same dynamic on-chip termination control: unsaved:u0|unsaved_hps_1:hps_1|unsaved_hps_1_hps_io:hps_io|unsaved_hps_1_hps_io_border:border|hps_sdram:hps_sdram_inst|hps_sdram_p0:p0|hps_sdram_p0_acv_hard_memphy:umemphy|hps_sdram_p0_acv_hard_io_pads:uio_pads|hps_sdram_p0_altdqdqs:dq_ddio[0].ubidir_dq_dqs|altdq_dqs2_acv_connect_to_hard_phy_cyclonev:altdq_dqs2_inst|delayed_oct
        Info (169066): Type bi-directional pin HPS_DDR3_DQ[0] uses the SSTL-15 Class I I/O standard File: E:/DE1_SoC_Project/DE1_SoC_Demo.v Line: 19
    Info (169185): Following pins have the same dynamic on-chip termination control: unsaved:u0|unsaved_hps_1:hps_1|unsaved_hps_1_hps_io:hps_io|unsaved_hps_1_hps_io_border:border|hps_sdram:hps_sdram_inst|hps_sdram_p0:p0|hps_sdram_p0_acv_hard_memphy:umemphy|hps_sdram_p0_acv_hard_io_pads:uio_pads|hps_sdram_p0_altdqdqs:dq_ddio[0].ubidir_dq_dqs|altdq_dqs2_acv_connect_to_hard_phy_cyclonev:altdq_dqs2_inst|delayed_oct
        Info (169066): Type bi-directional pin HPS_DDR3_DQ[1] uses the SSTL-15 Class I I/O standard File: E:/DE1_SoC_Project/DE1_SoC_Demo.v Line: 19
    Info (169185): Following pins have the same dynamic on-chip termination control: unsaved:u0|unsaved_hps_1:hps_1|unsaved_hps_1_hps_io:hps_io|unsaved_hps_1_hps_io_border:border|hps_sdram:hps_sdram_inst|hps_sdram_p0:p0|hps_sdram_p0_acv_hard_memphy:umemphy|hps_sdram_p0_acv_hard_io_pads:uio_pads|hps_sdram_p0_altdqdqs:dq_ddio[0].ubidir_dq_dqs|altdq_dqs2_acv_connect_to_hard_phy_cyclonev:altdq_dqs2_inst|delayed_oct
        Info (169066): Type bi-directional pin HPS_DDR3_DQ[2] uses the SSTL-15 Class I I/O standard File: E:/DE1_SoC_Project/DE1_SoC_Demo.v Line: 19
    Info (169185): Following pins have the same dynamic on-chip termination control: unsaved:u0|unsaved_hps_1:hps_1|unsaved_hps_1_hps_io:hps_io|unsaved_hps_1_hps_io_border:border|hps_sdram:hps_sdram_inst|hps_sdram_p0:p0|hps_sdram_p0_acv_hard_memphy:umemphy|hps_sdram_p0_acv_hard_io_pads:uio_pads|hps_sdram_p0_altdqdqs:dq_ddio[0].ubidir_dq_dqs|altdq_dqs2_acv_connect_to_hard_phy_cyclonev:altdq_dqs2_inst|delayed_oct
        Info (169066): Type bi-directional pin HPS_DDR3_DQ[3] uses the SSTL-15 Class I I/O standard File: E:/DE1_SoC_Project/DE1_SoC_Demo.v Line: 19
    Info (169185): Following pins have the same dynamic on-chip termination control: unsaved:u0|unsaved_hps_1:hps_1|unsaved_hps_1_hps_io:hps_io|unsaved_hps_1_hps_io_border:border|hps_sdram:hps_sdram_inst|hps_sdram_p0:p0|hps_sdram_p0_acv_hard_memphy:umemphy|hps_sdram_p0_acv_hard_io_pads:uio_pads|hps_sdram_p0_altdqdqs:dq_ddio[0].ubidir_dq_dqs|altdq_dqs2_acv_connect_to_hard_phy_cyclonev:altdq_dqs2_inst|delayed_oct
        Info (169066): Type bi-directional pin HPS_DDR3_DQ[4] uses the SSTL-15 Class I I/O standard File: E:/DE1_SoC_Project/DE1_SoC_Demo.v Line: 19
    Info (169185): Following pins have the same dynamic on-chip termination control: unsaved:u0|unsaved_hps_1:hps_1|unsaved_hps_1_hps_io:hps_io|unsaved_hps_1_hps_io_border:border|hps_sdram:hps_sdram_inst|hps_sdram_p0:p0|hps_sdram_p0_acv_hard_memphy:umemphy|hps_sdram_p0_acv_hard_io_pads:uio_pads|hps_sdram_p0_altdqdqs:dq_ddio[0].ubidir_dq_dqs|altdq_dqs2_acv_connect_to_hard_phy_cyclonev:altdq_dqs2_inst|delayed_oct
        Info (169066): Type bi-directional pin HPS_DDR3_DQ[5] uses the SSTL-15 Class I I/O standard File: E:/DE1_SoC_Project/DE1_SoC_Demo.v Line: 19
    Info (169185): Following pins have the same dynamic on-chip termination control: unsaved:u0|unsaved_hps_1:hps_1|unsaved_hps_1_hps_io:hps_io|unsaved_hps_1_hps_io_border:border|hps_sdram:hps_sdram_inst|hps_sdram_p0:p0|hps_sdram_p0_acv_hard_memphy:umemphy|hps_sdram_p0_acv_hard_io_pads:uio_pads|hps_sdram_p0_altdqdqs:dq_ddio[0].ubidir_dq_dqs|altdq_dqs2_acv_connect_to_hard_phy_cyclonev:altdq_dqs2_inst|delayed_oct
        Info (169066): Type bi-directional pin HPS_DDR3_DQ[6] uses the SSTL-15 Class I I/O standard File: E:/DE1_SoC_Project/DE1_SoC_Demo.v Line: 19
    Info (169185): Following pins have the same dynamic on-chip termination control: unsaved:u0|unsaved_hps_1:hps_1|unsaved_hps_1_hps_io:hps_io|unsaved_hps_1_hps_io_border:border|hps_sdram:hps_sdram_inst|hps_sdram_p0:p0|hps_sdram_p0_acv_hard_memphy:umemphy|hps_sdram_p0_acv_hard_io_pads:uio_pads|hps_sdram_p0_altdqdqs:dq_ddio[0].ubidir_dq_dqs|altdq_dqs2_acv_connect_to_hard_phy_cyclonev:altdq_dqs2_inst|delayed_oct
        Info (169066): Type bi-directional pin HPS_DDR3_DQ[7] uses the SSTL-15 Class I I/O standard File: E:/DE1_SoC_Project/DE1_SoC_Demo.v Line: 19
    Info (169185): Following pins have the same dynamic on-chip termination control: unsaved:u0|unsaved_hps_1:hps_1|unsaved_hps_1_hps_io:hps_io|unsaved_hps_1_hps_io_border:border|hps_sdram:hps_sdram_inst|hps_sdram_p0:p0|hps_sdram_p0_acv_hard_memphy:umemphy|hps_sdram_p0_acv_hard_io_pads:uio_pads|hps_sdram_p0_altdqdqs:dq_ddio[0].ubidir_dq_dqs|altdq_dqs2_acv_connect_to_hard_phy_cyclonev:altdq_dqs2_inst|diff_dtc
        Info (169066): Type bi-directional pin HPS_DDR3_DQS_P uses the Differential 1.5-V SSTL Class I I/O standard File: E:/DE1_SoC_Project/DE1_SoC_Demo.v Line: 21
Info (144001): Generated suppressed messages file E:/DE1_SoC_Project/DE1_SoC_Demo.fit.smsg
Info: Quartus Prime Fitter was successful. 0 errors, 411 warnings
    Info: Peak virtual memory: 8362 megabytes
    Info: Processing ended: Thu Jul 09 19:33:02 2026
    Info: Elapsed time: 00:01:16
    Info: Total CPU time (on all processors): 00:03:23


+----------------------------+
; Fitter Suppressed Messages ;
+----------------------------+
The suppressed messages can be found in E:/DE1_SoC_Project/DE1_SoC_Demo.fit.smsg.


